// 4.26.1 0xf354ac11 D0 AN R1 FL8_ARGB8888 U565 N0 SExtFlashSection EExtFlashSection CNO_COMPRESSION
// Generated by imageconverter. Please, do not edit!

#include <touchgfx/hal/Config.hpp>

LOCATION_PRAGMA("ExtFlashSection")
KEEP extern const unsigned char image_speak29[] LOCATION_ATTRIBUTE("ExtFlashSection") = { // 260x300 L8_ARGB8888 pixels.
    0x00, 0x00, 0x00, 0x00, 0x00, 0x00, 0x00, 0x00, 0x00, 0x00, 0x00, 0x00,
    0x00, 0x00, 0x00, 0x00, 0x00, 0x00, 0x00, 0x01, 0x06, 0x09, 0x09, 0x0f,
    0x11, 0x13, 0x16, 0x17, 0x16, 0x13, 0x13, 0x16, 0x16, 0x16, 0x17, 0x17,
    0x17, 0x1c, 0x1c, 0x1e, 0x1e, 0x1f, 0x1e, 0x1c, 0x1a, 0x17, 0x17, 0x18,
    0x11, 0x49, 0x09, 0x4e, 0x4d, 0x56, 0x58, 0x58, 0x5a, 0x5e, 0x60, 0x62,
    0x63, 0x65, 0x67, 0x68, 0x45, 0x09, 0x09, 0x5a, 0x0e, 0x0b, 0x09, 0x09,
    0x0b, 0x0b, 0x49, 0x0a, 0x19, 0x0b, 0x0e, 0x45, 0x0f, 0x13, 0x15, 0x13,
    0x13, 0x16, 0x17, 0x17, 0x17, 0x17, 0x17, 0x1b, 0x1b, 0x1b, 0x1c, 0x1e,
    0x1c, 0x0b, 0x0b, 0x0b, 0x0b, 0x0a, 0x0a, 0x17, 0x15, 0x31, 0x30, 0x29,
    0x23, 0x23, 0x23, 0x23, 0x22, 0x22, 0x1f, 0x1f, 0x1e, 0x1e, 0x1e, 0x1e,
    0x1e, 0x20, 0x16, 0x0a, 0x0e, 0x5c, 0xc3, 0x15, 0x22, 0x2d, 0x4f, 0x54,
    0x53, 0x53, 0x55, 0x6a, 0x6a, 0x50, 0x50, 0x52, 0x42, 0x3b, 0x3b, 0x37,
    0x52, 0x50, 0x50, 0x50, 0x50, 0x50, 0x50, 0x6e, 0x6e, 0x6a, 0x6c, 0x34,
    0x2d, 0x50, 0x50, 0x50, 0x50, 0x6a, 0x6a, 0x6a, 0x6a, 0x6a, 0x6a, 0x6a,
    0x6a, 0x6a, 0x6a, 0x6a, 0x6a, 0x52, 0x2d, 0x1c, 0x26, 0x23, 0x16, 0x09,
    0x0e, 0x4d, 0x45, 0x5c, 0x5c, 0x58, 0x5c, 0x5c, 0x58, 0x5c, 0x5c, 0x5c,
    0x58, 0x5a, 0xca, 0x30, 0x3f, 0x68, 0x68, 0x66, 0x63, 0x61, 0x60, 0x60,
    0x60, 0x60, 0x60, 0x60, 0x60, 0x62, 0x62, 0x62, 0x63, 0x63, 0x63, 0x63,
    0x63, 0x63, 0x63, 0x63, 0x63, 0x66, 0x63, 0x63, 0x66, 0x93, 0x66, 0x66,
    0x66, 0x66, 0x67, 0x67, 0x66, 0x67, 0x67, 0x68, 0xb4, 0xb4, 0xb4, 0xb4,
    0xb4, 0xb4, 0x69, 0x66, 0x65, 0x64, 0x62, 0x61, 0x60, 0x5e, 0x5e, 0x5e,
    0x5e, 0x5d, 0x5d, 0x5d, 0x5d, 0x5d, 0x5e, 0x5e, 0x5e, 0x5e, 0x5e, 0x60,
    0x60, 0x60, 0x62, 0x62, 0x63, 0x64, 0x64, 0x64, 0x64, 0x66, 0x66, 0x66,
    0x66, 0x66, 0x66, 0xca, 0x3f, 0x5b, 0x12, 0x00, 0x00, 0x00, 0x00, 0x00,
    0x00, 0x00, 0x00, 0x00, 0x00, 0x00, 0x00, 0x00, 0x00, 0x00, 0x00, 0x00,
    0x00, 0x00, 0x00, 0x00, 0x00, 0x00, 0x00, 0x00, 0x00, 0x00, 0x00, 0x00,
    0x00, 0x00, 0x00, 0x00, 0x00, 0x00, 0x00, 0x00, 0x05, 0x0b, 0x09, 0x0b,
    0x11, 0x11, 0x13, 0x16, 0x17, 0x17, 0x17, 0x16, 0x16, 0x17, 0x17, 0x17,
    0x17, 0x1c, 0x1c, 0x1e, 0x1e, 0x1e, 0x1e, 0x1c, 0x1a, 0x17, 0x17, 0x11,
    0x11, 0x49, 0x09, 0x4e, 0x4d, 0x56, 0x58, 0x5a, 0x5a, 0x5e, 0x60, 0x62,
    0x63, 0x64, 0x67, 0x67, 0x4d, 0x09, 0x5c, 0x4d, 0x0b, 0x09, 0x0b, 0x0f,
    0x0a, 0x0a, 0x0f, 0x0a, 0x0a, 0x0e, 0x4d, 0x57, 0x1c, 0x13, 0x13, 0x16,
    0x16, 0x16, 0x17, 0x17, 0x17, 0x17, 0x1b, 0x1b, 0x1c, 0x1c, 0x1c, 0x1e,
    0x1c, 0x0b, 0x0b, 0x0f, 0x0a, 0x11, 0x11, 0x17, 0x29, 0x30, 0x48, 0x29,
    0x23, 0x23, 0x23, 0x23, 0x23, 0x23, 0x22, 0x22, 0x1f, 0x1f, 0x3a, 0x3a,
    0x1e, 0x20, 0x19, 0x0a, 0x57, 0x5c, 0x09, 0x0f, 0x24, 0x34, 0x54, 0x4b,
    0x53, 0x55, 0x55, 0x6a, 0x6a, 0x50, 0x50, 0x52, 0x42, 0x3b, 0x3b, 0x37,
    0x52, 0x50, 0x50, 0x50, 0x50, 0x50, 0x50, 0x6e, 0x6e, 0x6a, 0x6c, 0x34,
    0x2d, 0x6e, 0x6e, 0x6e, 0x50, 0x50, 0x6a, 0x6a, 0x6a, 0x6a, 0x6a, 0x6a,
    0x6a, 0x6a, 0x6a, 0x6a, 0x6a, 0x52, 0x54, 0x1c, 0x26, 0x24, 0x20, 0x0a,
    0x09, 0x4d, 0x45, 0x5c, 0x5c, 0x56, 0x5c, 0x5c, 0x5c, 0x5c, 0x5c, 0x45,
    0x56, 0x6d, 0xca, 0x48, 0x30, 0xc9, 0x68, 0x68, 0x64, 0x61, 0x60, 0x60,
    0x60, 0x60, 0x60, 0x60, 0x60, 0x61, 0x62, 0x62, 0x63, 0x63, 0x63, 0x63,
    0x63, 0x63, 0x63, 0x63, 0x61, 0x62, 0x66, 0x62, 0x64, 0x66, 0x66, 0x66,
    0x66, 0x66, 0x67, 0x67, 0x67, 0x66, 0x67, 0x68, 0xa9, 0xb4, 0xb4, 0xb4,
    0xb4, 0xb4, 0x69, 0x66, 0x65, 0x64, 0x62, 0x61, 0x5e, 0x5e, 0x5e, 0x5e,
    0x5e, 0x5d, 0x5d, 0x5d, 0x5d, 0x5d, 0x5d, 0x5e, 0x5e, 0x5e, 0x5e, 0x60,
    0x60, 0x62, 0x62, 0x62, 0x63, 0x64, 0x64, 0x64, 0x65, 0x93, 0x66, 0x66,
    0x66, 0x66, 0x66, 0xcb, 0x38, 0x36, 0x0c, 0x00, 0x00, 0x00, 0x00, 0x00,
    0x00, 0x00, 0x00, 0x00, 0x00, 0x00, 0x00, 0x00, 0x00, 0x00, 0x00, 0x00,
    0x00, 0x00, 0x00, 0x00, 0x00, 0x00, 0x00, 0x00, 0x00, 0x00, 0x00, 0x00,
    0x00, 0x00, 0x00, 0x00, 0x00, 0x00, 0x00, 0x00, 0x04, 0x0a, 0x09, 0x0b,
    0x0a, 0x0a, 0x15, 0x16, 0x17, 0x17, 0x17, 0x17, 0x17, 0x17, 0x17, 0x17,
    0x17, 0x1a, 0x1c, 0x1c, 0x1c, 0x1c, 0x1c, 0x1a, 0x17, 0x17, 0x16, 0x11,
    0x0a, 0x49, 0x09, 0x4e, 0x45, 0x56, 0x58, 0x58, 0x5a, 0x5d, 0x5e, 0x61,
    0x63, 0x64, 0x67, 0x66, 0x09, 0x45, 0x4d, 0x0b, 0x0b, 0x0f, 0x0a, 0x0b,
    0x0e, 0x0e, 0x09, 0x09, 0x09, 0x09, 0x5c, 0x1b, 0x17, 0x15, 0x16, 0x16,
    0x17, 0x17, 0x17, 0x17, 0x17, 0x1b, 0x1c, 0x1c, 0x1c, 0x1e, 0x1e, 0x1e,
    0x1e, 0x0b, 0x0a, 0x0a, 0x11, 0x11, 0x15, 0x15, 0x31, 0x30, 0x32, 0x23,
    0x23, 0x23, 0x23, 0x23, 0x23, 0x23, 0x23, 0x23, 0x23, 0x22, 0x1f, 0x3a,
    0x1e, 0x20, 0x19, 0x0b, 0x39, 0x5c, 0x0f, 0x15, 0x35, 0x34, 0x54, 0x53,
    0x53, 0x55, 0x6a, 0x6a, 0x50, 0x50, 0x50, 0x52, 0x42, 0x3b, 0x3b, 0x37,
    0x52, 0x50, 0x6e, 0x6e, 0x50, 0x50, 0x50, 0x6e, 0x6e, 0x6e, 0x6c, 0x34,
    0x2d, 0x6e, 0x6e, 0x6e, 0x50, 0x50, 0x50, 0x6a, 0x6a, 0x6a, 0x6a, 0x6a,
    0x6a, 0x6a, 0x6a, 0x6a, 0x50, 0x6e, 0x55, 0x23, 0x24, 0x4a, 0x1e, 0x0a,
    0x09, 0x4d, 0x4d, 0x5c, 0x5c, 0x58, 0x5c, 0x5c, 0x5c, 0x5c, 0x5c, 0x5c,
    0x45, 0x58, 0xa2, 0xcb, 0x3b, 0x47, 0x68, 0x68, 0x65, 0x62, 0x60, 0x5e,
    0x5e, 0x5e, 0x5e, 0x5e, 0x60, 0x60, 0x61, 0x62, 0x63, 0x63, 0x63, 0x63,
    0x63, 0x63, 0x63, 0x63, 0x65, 0x5e, 0x65, 0x65, 0x63, 0x93, 0x93, 0x66,
    0x66, 0x66, 0x67, 0x67, 0x67, 0x67, 0x67, 0x68, 0xa9, 0xb4, 0xb4, 0xb4,
    0xb4, 0xb4, 0x69, 0x66, 0x65, 0x64, 0x62, 0x61, 0x5e, 0x5e, 0x5e, 0x5e,
    0x5e, 0x5d, 0x5d, 0x5d, 0x5d, 0x5d, 0x5e, 0x5e, 0x5e, 0x5e, 0x60, 0x60,
    0x60, 0x62, 0x62, 0x63, 0x63, 0x64, 0x64, 0x64, 0x65, 0x93, 0x66, 0x66,
    0x66, 0x66, 0xc9, 0x47, 0x38, 0xcf, 0x00, 0x00, 0x00, 0x00, 0x00, 0x00,
    0x00, 0x00, 0x00, 0x00, 0x00, 0x00, 0x00, 0x00, 0x00, 0x00, 0x00, 0x00,
    0x00, 0x00, 0x00, 0x00, 0x00, 0x00, 0x00, 0x00, 0x00, 0x00, 0x00, 0x00,
    0x00, 0x00, 0x00, 0x00, 0x00, 0x00, 0x00, 0x00, 0x03, 0x0a, 0x09, 0x0b,
    0x0a, 0x0a, 0x11, 0x16, 0x17, 0x17, 0x17, 0x17, 0x17, 0x17, 0x17, 0x17,
    0x17, 0x1a, 0x1a, 0x1a, 0x1a, 0x1c, 0x1c, 0x1a, 0x17, 0x17, 0x19, 0x11,
    0x0a, 0x49, 0x09, 0x4e, 0x45, 0x45, 0x56, 0x58, 0x5a, 0x5d, 0x5e, 0x60,
    0x62, 0x64, 0x67, 0x65, 0x4d, 0x56, 0x0a, 0x0b, 0x09, 0x0e, 0x57, 0x57,
    0x09, 0x0b, 0x0a, 0x0a, 0x15, 0x45, 0x11, 0x1c, 0x15, 0x16, 0x16, 0x17,
    0x17, 0x17, 0x17, 0x1b, 0x1b, 0x1c, 0x1c, 0x1c, 0x1e, 0x1e, 0x1e, 0x21,
    0x21, 0x0a, 0x0a, 0x11, 0x11, 0x15, 0x15, 0x29, 0x3b, 0x38, 0x29, 0x24,
    0x23, 0x33, 0x33, 0x33, 0x23, 0x23, 0x23, 0x23, 0x23, 0x23, 0x22, 0x1f,
    0x1e, 0x17, 0x11, 0x09, 0x45, 0x4d, 0x32, 0x17, 0x44, 0x4f, 0x54, 0x53,
    0x55, 0x55, 0x6a, 0x6a, 0x50, 0x50, 0x50, 0x52, 0x42, 0x3b, 0x3b, 0x37,
    0x52, 0x50, 0x6e, 0x50, 0x50, 0x50, 0x50, 0x6e, 0x6e, 0x6e, 0x6c, 0x34,
    0x2d, 0x6e, 0x6e, 0x6e, 0x50, 0x6e, 0x6e, 0x50, 0x50, 0x50, 0x50, 0x50,
    0x6a, 0x50, 0x50, 0x50, 0x50, 0x50, 0x52, 0x2e, 0x22, 0x3d, 0x1f, 0x19,
    0x09, 0x4e, 0x4d, 0x45, 0x5c, 0x5c, 0x5c, 0x5c, 0x5c, 0x5c, 0x5c, 0x5c,
    0x45, 0x58, 0x6d, 0xc9, 0x31, 0x31, 0x68, 0x68, 0x66, 0x63, 0x60, 0x5e,
    0x5e, 0x5e, 0x5e, 0x5e, 0x5e, 0x60, 0x61, 0x62, 0x62, 0x63, 0x63, 0x63,
    0x63, 0x63, 0x63, 0x62, 0x64, 0x63, 0x60, 0x66, 0x66, 0x66, 0x66, 0x66,
    0x66, 0x66, 0x67, 0x67, 0x67, 0x67, 0x67, 0x67, 0xa9, 0xb4, 0xb4, 0xb4,
    0xb4, 0xb4, 0x69, 0x66, 0x65, 0x64, 0x62, 0x61, 0x60, 0x5e, 0x5e, 0x5e,
    0x5e, 0x5d, 0x5d, 0x5d, 0x5d, 0x5d, 0x5e, 0x5e, 0x5e, 0x5e, 0x60, 0x60,
    0x61, 0x62, 0x62, 0x63, 0x63, 0x64, 0x64, 0x64, 0x64, 0x65, 0x93, 0x66,
    0x66, 0x66, 0xcc, 0x48, 0x38, 0x3e, 0x00, 0x00, 0x00, 0x00, 0x00, 0x00,
    0x00, 0x00, 0x00, 0x00, 0x00, 0x00, 0x00, 0x00, 0x00, 0x00, 0x00, 0x00,
    0x00, 0x00, 0x00, 0x00, 0x00, 0x00, 0x00, 0x00, 0x00, 0x00, 0x00, 0x00,
    0x00, 0x00, 0x00, 0x00, 0x00, 0x00, 0x00, 0x00, 0x02, 0x09, 0x0b, 0x0b,
    0x0a, 0x11, 0x11, 0x11, 0x16, 0x17, 0x17, 0x17, 0x17, 0x17, 0x1a, 0x17,
    0x17, 0x1a, 0x1a, 0x1a, 0x1a, 0x1a, 0x1a, 0x17, 0x17, 0x17, 0x13, 0x11,
    0x11, 0x49, 0x09, 0x4e, 0x4d, 0x45, 0x56, 0x58, 0x5a, 0x5a, 0x5e, 0x60,
    0x62, 0x64, 0x69, 0x64, 0x5c, 0x09, 0x09, 0x4d, 0x39, 0x09, 0x0a, 0x0a,
    0x0a, 0x09, 0x0e, 0x09, 0x4d, 0x09, 0x1b, 0x16, 0x13, 0x16, 0x17, 0x17,
    0x17, 0x1b, 0x1b, 0x1b, 0x1c, 0x1c, 0x1e, 0x1e, 0x1e, 0x1e, 0x1e, 0x1f,
    0x22, 0x11, 0x11, 0x15, 0x15, 0x17, 0x15, 0x3c, 0x3b, 0x29, 0x23, 0x33,
    0x33, 0x33, 0x33, 0x33, 0x33, 0x33, 0x33, 0x33, 0x33, 0x23, 0x23, 0x22,
    0x3a, 0x17, 0x11, 0x0e, 0x45, 0x57, 0x0f, 0x21, 0x2d, 0x54, 0x53, 0x53,
    0x55, 0x6a, 0x6a, 0x50, 0x50, 0x50, 0x50, 0x52, 0x42, 0x3b, 0x3b, 0x37,
    0x52, 0x50, 0x6e, 0x6e, 0x50, 0x50, 0x6e, 0x6e, 0x6e, 0x6e, 0x6c, 0x34,
    0x2d, 0x6e, 0x6e, 0x6e, 0x6e, 0x6e, 0x6e, 0x50, 0x50, 0x6e, 0x50, 0x50,
    0x50, 0x50, 0x50, 0x50, 0x50, 0x50, 0x6c, 0x34, 0x1e, 0x27, 0x33, 0x16,
    0x0b, 0x0e, 0x4d, 0x45, 0x5c, 0x5c, 0x5c, 0x5c, 0x5c, 0x5c, 0x45, 0x5c,
    0x45, 0x45, 0x6d, 0xa2, 0x32, 0x3b, 0xc3, 0x68, 0x68, 0x64, 0x62, 0x60,
    0x5e, 0x5e, 0x5e, 0x5e, 0x5e, 0x60, 0x60, 0x61, 0x62, 0x63, 0x63, 0x63,
    0x63, 0x62, 0x62, 0x63, 0x62, 0x64, 0x5e, 0x63, 0x66, 0x93, 0x66, 0x66,
    0x66, 0x66, 0x67, 0x67, 0x67, 0x67, 0x67, 0x67, 0x69, 0xb4, 0xb4, 0xb4,
    0xb4, 0xb4, 0xa9, 0x66, 0x64, 0x63, 0x62, 0x60, 0x5e, 0x5e, 0x5e, 0x5e,
    0x5e, 0x5d, 0x5d, 0x5d, 0x5d, 0x5e, 0x5e, 0x5e, 0x5e, 0x5e, 0x60, 0x61,
    0x62, 0x62, 0x62, 0x63, 0x63, 0x64, 0x64, 0x64, 0x64, 0x65, 0x66, 0x66,
    0x66, 0x64, 0x32, 0x38, 0x3f, 0xd1, 0x00, 0x00, 0x00, 0x00, 0x00, 0x00,
    0x00, 0x00, 0x00, 0x00, 0x00, 0x00, 0x00, 0x00, 0x00, 0x00, 0x00, 0x00,
    0x00, 0x00, 0x00, 0x00, 0x00, 0x00, 0x00, 0x00, 0x00, 0x00, 0x00, 0x00,
    0x00, 0x00, 0x00, 0x00, 0x00, 0x00, 0x00, 0x00, 0x01, 0x06, 0x0a, 0x0b,
    0x0a, 0x0a, 0x11, 0x11, 0x16, 0x16, 0x17, 0x17, 0x1a, 0x1a, 0x1a, 0x1a,
    0x1a, 0x1a, 0x1a, 0x17, 0x17, 0x1a, 0x1a, 0x17, 0x17, 0x17, 0x13, 0x11,
    0x11, 0x49, 0x09, 0x0e, 0x4e, 0x4d, 0x56, 0x58, 0x58, 0x5a, 0x5e, 0x5e,
    0x61, 0x63, 0x68, 0x63, 0x0e, 0x09, 0x4d, 0x09, 0x0a, 0x09, 0x0e, 0x4d,
    0x4d, 0x4e, 0x0e, 0x0a, 0x0a, 0x13, 0x16, 0x16, 0x16, 0x17, 0x17, 0x17,
    0x17, 0x20, 0x1b, 0x1c, 0x1c, 0x1e, 0x1e, 0x1e, 0x1e, 0x21, 0x1f, 0x23,
    0x22, 0x11, 0x13, 0x16, 0x16, 0x1b, 0x29, 0x30, 0x31, 0x29, 0x24, 0x33,
    0x24, 0x24, 0x24, 0x24, 0x33, 0x33, 0x33, 0x33, 0x33, 0x33, 0x23, 0x23,
    0x1e, 0x17, 0x11, 0x0e, 0x5c, 0x0f, 0x0f, 0x24, 0x34, 0x54, 0x53, 0x55,
    0x6a, 0x6a, 0x6a, 0x50, 0x50, 0x50, 0x52, 0x52, 0x42, 0x37, 0x3b, 0x37,
    0x52, 0x6e, 0x50, 0x6e, 0x6e, 0x6e, 0x6e, 0x6e, 0x6e, 0x6e, 0x6c, 0x34,
    0x2d, 0x6e, 0x6e, 0x6e, 0x6e, 0x6e, 0x6e, 0x50, 0x50, 0x6e, 0x50, 0x50,
    0x50, 0x50, 0x50, 0x6e, 0x6e, 0x6e, 0x51, 0x54, 0x1e, 0x27, 0x28, 0x20,
    0x0a, 0x09, 0x4d, 0x4d, 0x5c, 0x5c, 0x5c, 0x5c, 0x5c, 0x5c, 0x45, 0x45,
    0x45, 0x45, 0x6d, 0x6d, 0xca, 0x30, 0x3c, 0x68, 0x68, 0x66, 0x62, 0x60,
    0x60, 0x5e, 0x5e, 0x5e, 0x5e, 0x60, 0x60, 0x60, 0x61, 0x62, 0x62, 0x62,
    0x62, 0x62, 0x62, 0x63, 0x63, 0x62, 0x64, 0x5e, 0x64, 0x64, 0x65, 0x66,
    0x66, 0x67, 0x67, 0x67, 0x67, 0x67, 0x67, 0x67, 0x69, 0xb4, 0xb4, 0xb4,
    0xb4, 0xb4, 0xa9, 0x66, 0x64, 0x63, 0x62, 0x60, 0x5e, 0x5e, 0x5e, 0x5e,
    0x5e, 0x5d, 0x5d, 0x5d, 0x5d, 0x5e, 0x5e, 0x5e, 0x5e, 0x60, 0x60, 0x62,
    0x62, 0x62, 0x62, 0x63, 0x64, 0x64, 0x64, 0x64, 0x64, 0x65, 0x66, 0x66,
    0x66, 0xca, 0x3f, 0x38, 0x3f, 0x12, 0x00, 0x00, 0x00, 0x00, 0x00, 0x00,
    0x00, 0x00, 0x00, 0x00, 0x00, 0x00, 0x00, 0x00, 0x00, 0x00, 0x00, 0x00,
    0x00, 0x00, 0x00, 0x00, 0x00, 0x00, 0x00, 0x00, 0x00, 0x00, 0x00, 0x00,
    0x00, 0x00, 0x00, 0x00, 0x00, 0x00, 0x00, 0x00, 0x00, 0x05, 0x0a, 0x0b,
    0x0a, 0x0a, 0x11, 0x11, 0x13, 0x16, 0x17, 0x17, 0x17, 0x1a, 0x1a, 0x1a,
    0x1a, 0x1a, 0x17, 0x17, 0x17, 0x17, 0x17, 0x17, 0x17, 0x17, 0x13, 0x11,
    0x11, 0x0a, 0x09, 0x09, 0x4e, 0x45, 0x56, 0x58, 0x58, 0x5a, 0x5e, 0x5e,
    0x61, 0x63, 0x68, 0x5e, 0x09, 0x57, 0x4e, 0x4d, 0x45, 0x45, 0x09, 0x0b,
    0x0a, 0x0b, 0x0b, 0x0e, 0x4d, 0x0a, 0x16, 0x16, 0x17, 0x17, 0x17, 0x17,
    0x17, 0x20, 0x1c, 0x1c, 0x1c, 0x1e, 0x1e, 0x1e, 0x1e, 0x21, 0x1f, 0x23,
    0x22, 0x11, 0x17, 0x1b, 0x1c, 0x1c, 0x59, 0x3b, 0x48, 0x22, 0x24, 0x24,
    0x24, 0x24, 0x24, 0x24, 0x24, 0x24, 0x33, 0x33, 0x33, 0x33, 0x33, 0x23,
    0x1e, 0x17, 0x0a, 0x0e, 0x5c, 0x0f, 0x15, 0x40, 0x4f, 0x4b, 0x53, 0x55,
    0x6a, 0x6a, 0x50, 0x50, 0x50, 0x50, 0x52, 0x52, 0x42, 0x37, 0x37, 0x37,
    0x52, 0x52, 0x6e, 0x6e, 0x6e, 0x6e, 0x6e, 0x6e, 0x6e, 0x6e, 0x6c, 0x34,
    0x2d, 0x6e, 0x6e, 0x6e, 0x6e, 0x6e, 0x6e, 0x6e, 0x6e, 0x6e, 0x6e, 0x6e,
    0x6e, 0x6e, 0x6e, 0x6e, 0x6e, 0x6e, 0x52, 0x6a, 0x33, 0x28, 0x27, 0x3a,
    0x11, 0x09, 0x4d, 0x4d, 0x45, 0x5c, 0x5c, 0x5c, 0x5c, 0x5c, 0x45, 0x45,
    0x45, 0x45, 0x45, 0x6d, 0xca, 0x2a, 0x30, 0xca, 0x68, 0x68, 0x63, 0x60,
    0x60, 0x5e, 0x5e, 0x5e, 0x5e, 0x5e, 0x60, 0x60, 0x61, 0x62, 0x62, 0x62,
    0x62, 0x62, 0x62, 0x63, 0x63, 0x62, 0x63, 0x93, 0x64, 0x64, 0x64, 0x64,
    0x64, 0x65, 0x66, 0x66, 0x67, 0x67, 0x67, 0x67, 0x67, 0xa9, 0xb4, 0xb4,
    0xb4, 0xb4, 0xa9, 0x66, 0x64, 0x63, 0x61, 0x5e, 0x5e, 0x5e, 0x5e, 0x5e,
    0x5e, 0x5e, 0x5e, 0x5e, 0x5e, 0x5e, 0x5e, 0x5e, 0x5e, 0x60, 0x60, 0x62,
    0x62, 0x62, 0x63, 0x63, 0x63, 0x64, 0x64, 0x64, 0x64, 0x65, 0x93, 0x66,
    0x64, 0xce, 0x38, 0x3f, 0x1d, 0x0c, 0x00, 0x00, 0x00, 0x00, 0x00, 0x00,
    0x00, 0x00, 0x00, 0x00, 0x00, 0x00, 0x00, 0x00, 0x00, 0x00, 0x00, 0x00,
    0x00, 0x00, 0x00, 0x00, 0x00, 0x00, 0x00, 0x00, 0x00, 0x00, 0x00, 0x00,
    0x00, 0x00, 0x00, 0x00, 0x00, 0x00, 0x00, 0x00, 0x00, 0x04, 0x0a, 0x0b,
    0x0a, 0x0a, 0x11, 0x11, 0x18, 0x13, 0x16, 0x17, 0x17, 0x1a, 0x1c, 0x1c,
    0x1c, 0x1c, 0x1a, 0x17, 0x17, 0x17, 0x17, 0x17, 0x17, 0x16, 0x13, 0x11,
    0x11, 0x0a, 0x49, 0x09, 0x0e, 0x4d, 0x45, 0x56, 0x58, 0x5a, 0x5d, 0x5e,
    0x62, 0x63, 0x67, 0x58, 0x09, 0x5c, 0x5c, 0x57, 0x09, 0x0a, 0x09, 0x4d,
    0x45, 0x6d, 0x6d, 0x45, 0x4d, 0x11, 0x16, 0x16, 0x17, 0x17, 0x17, 0x17,
    0x17, 0x1c, 0x1c, 0x1c, 0x1e, 0x1e, 0x1e, 0x1e, 0x21, 0x22, 0x22, 0x23,
    0x23, 0x16, 0x1b, 0x1e, 0x22, 0x1c, 0x31, 0x30, 0x29, 0x26, 0x24, 0x24,
    0x24, 0x24, 0x24, 0x24, 0x24, 0x24, 0x24, 0x24, 0x24, 0x33, 0x33, 0x23,
    0x1e, 0x17, 0x49, 0x4d, 0x45, 0x15, 0x1b, 0x2d, 0x54, 0x53, 0x55, 0x55,
    0x6a, 0x50, 0x50, 0x50, 0x6e, 0x52, 0x52, 0x52, 0x42, 0x37, 0x37, 0x37,
    0x52, 0x52, 0x52, 0x52, 0x6e, 0x6e, 0x6e, 0x52, 0x6e, 0x6e, 0x6c, 0x34,
    0x2d, 0x6e, 0x6e, 0x6e, 0x6e, 0x6e, 0x6e, 0x6e, 0x6e, 0x6e, 0x6e, 0x6e,
    0x6e, 0x6e, 0x6e, 0x6e, 0x6e, 0x6e, 0x6e, 0x51, 0x2e, 0x23, 0x35, 0x23,
    0x13, 0x0b, 0x4e, 0x4d, 0x5c, 0x45, 0x45, 0x45, 0x5c, 0x5c, 0x45, 0x45,
    0x45, 0x45, 0x45, 0x56, 0x5a, 0xcc, 0x30, 0x47, 0x68, 0x68, 0x65, 0x62,
    0x60, 0x5e, 0x5e, 0x5e, 0x5e, 0x5e, 0x5e, 0x60, 0x61, 0x62, 0x62, 0x62,
    0x62, 0x62, 0x62, 0x63, 0x63, 0x63, 0x61, 0x64, 0x93, 0x66, 0x66, 0x93,
    0x93, 0x65, 0x65, 0x65, 0x66, 0x67, 0x67, 0x67, 0x67, 0xa9, 0xb4, 0xb4,
    0xb4, 0xb4, 0xa9, 0x66, 0x64, 0x62, 0x60, 0x5e, 0x5e, 0x5e, 0x5e, 0x5e,
    0x5e, 0x5e, 0x5e, 0x5e, 0x5e, 0x5e, 0x5e, 0x5e, 0x60, 0x60, 0x60, 0x61,
    0x62, 0x62, 0x63, 0x63, 0x63, 0x64, 0x64, 0x64, 0x64, 0x65, 0x93, 0x64,
    0xca, 0x3f, 0x38, 0x3f, 0x05, 0x00, 0x00, 0x00, 0x00, 0x00, 0x00, 0x00,
    0x00, 0x00, 0x00, 0x00, 0x00, 0x00, 0x00, 0x00, 0x00, 0x00, 0x00, 0x00,
    0x00, 0x00, 0x00, 0x00, 0x00, 0x00, 0x00, 0x00, 0x00, 0x00, 0x00, 0x00,
    0x00, 0x00, 0x00, 0x00, 0x00, 0x00, 0x00, 0x00, 0x00, 0x08, 0x0a, 0x0b,
    0x0b, 0x0a, 0x11, 0x11, 0x11, 0x13, 0x16, 0x17, 0x17, 0x1a, 0x1a, 0x1a,
    0x1c, 0x1c, 0x1a, 0x1a, 0x1a, 0x17, 0x17, 0x17, 0x17, 0x16, 0x16, 0x11,
    0x11, 0x0a, 0x49, 0x09, 0x0e, 0x4e, 0x45, 0x56, 0x58, 0x5a, 0x5d, 0x5e,
    0x61, 0x64, 0x66, 0x45, 0x57, 0x39, 0x0b, 0x09, 0x4d, 0x5c, 0x5c, 0x56,
    0x45, 0x45, 0x45, 0x45, 0x09, 0x16, 0x16, 0x16, 0x17, 0x17, 0x17, 0x17,
    0x1b, 0x1c, 0x1c, 0x1e, 0x1e, 0x1e, 0x1e, 0x21, 0x22, 0x22, 0x23, 0x24,
    0x24, 0x1c, 0x21, 0x23, 0x24, 0x59, 0x37, 0x38, 0x2a, 0x26, 0x24, 0x24,
    0x24, 0x24, 0x24, 0x24, 0x24, 0x24, 0x24, 0x24, 0x24, 0x24, 0x33, 0x23,
    0x1e, 0x16, 0x09, 0x45, 0x57, 0x15, 0x23, 0x34, 0x54, 0x53, 0x55, 0x6a,
    0x6a, 0x6e, 0x6e, 0x6e, 0x6e, 0x52, 0x52, 0x52, 0x42, 0x37, 0x37, 0x37,
    0x52, 0x52, 0x52, 0x52, 0x52, 0x52, 0x52, 0x52, 0x6e, 0x6e, 0x6c, 0x4f,
    0x2d, 0x52, 0x6e, 0x6e, 0x6e, 0x6e, 0x6e, 0x6e, 0x6e, 0x6e, 0x6e, 0x6e,
    0x6e, 0x6e, 0x6e, 0x6e, 0x6e, 0x6e, 0x6e, 0xb2, 0x34, 0x21, 0x35, 0x24,
    0x17, 0x0b, 0x0e, 0x4d, 0x5c, 0x5c, 0x45, 0x45, 0x45, 0x5c, 0x45, 0x45,
    0x45, 0x45, 0x45, 0x56, 0x45, 0xca, 0x3c, 0x31, 0xc9, 0x68, 0x68, 0x63,
    0x60, 0x5e, 0x5e, 0x5e, 0x5e, 0x5e, 0x5e, 0x5e, 0x60, 0x62, 0x62, 0x62,
    0x62, 0x62, 0x62, 0x62, 0x62, 0x63, 0x63, 0x62, 0x62, 0x63, 0x64, 0x64,
    0x93, 0x66, 0x66, 0x66, 0x66, 0x66, 0x66, 0x67, 0x67, 0x69, 0xb4, 0xb4,
    0xb4, 0xb4, 0xb4, 0x67, 0x64, 0x61, 0x5e, 0x5e, 0x5e, 0x5e, 0x5e, 0x5e,
    0x5e, 0x5e, 0x5e, 0x5e, 0x5e, 0x5e, 0x5e, 0x5e, 0x60, 0x60, 0x61, 0x62,
    0x62, 0x62, 0x63, 0x63, 0x63, 0x64, 0x64, 0x64, 0x64, 0x65, 0x93, 0xc9,
    0xce, 0x38, 0x3f, 0x3f, 0x3e, 0x00, 0x00, 0x00, 0x00, 0x00, 0x00, 0x00,
    0x00, 0x00, 0x00, 0x00, 0x00, 0x00, 0x00, 0x00, 0x00, 0x00, 0x00, 0x00,
    0x00, 0x00, 0x00, 0x00, 0x00, 0x00, 0x00, 0x00, 0x00, 0x00, 0x00, 0x00,
    0x00, 0x00, 0x00, 0x00, 0x00, 0x00, 0x00, 0x00, 0x00, 0x07, 0x09, 0x0a,
    0x0a, 0x0a, 0x11, 0x11, 0x11, 0x19, 0x17, 0x17, 0x17, 0x1a, 0x1c, 0x1c,
    0x1c, 0x1c, 0x1c, 0x1a, 0x1a, 0x1a, 0x17, 0x17, 0x17, 0x17, 0x17, 0x19,
    0x19, 0x11, 0x0a, 0x09, 0x09, 0x4e, 0x45, 0x56, 0x58, 0x5a, 0x5e, 0x60,
    0x60, 0x64, 0x64, 0x0e, 0x09, 0x39, 0x6d, 0x5a, 0x6d, 0x5c, 0x5c, 0x45,
    0x45, 0x39, 0x0e, 0x0a, 0x19, 0x16, 0x16, 0x16, 0x16, 0x17, 0x17, 0x17,
    0x1b, 0x1c, 0x1c, 0x1c, 0x1e, 0x1e, 0x1f, 0x1f, 0x22, 0x23, 0x23, 0x24,
    0x23, 0x1c, 0x22, 0x26, 0x41, 0x31, 0x3b, 0x29, 0x26, 0x28, 0x4a, 0x28,
    0x28, 0x24, 0x24, 0x28, 0x24, 0x24, 0x24, 0x24, 0x24, 0x24, 0x24, 0x23,
    0x1e, 0x19, 0x0e, 0x6d, 0x09, 0x15, 0x41, 0x4f, 0x53, 0x55, 0x6a, 0x6a,
    0x6e, 0x6e, 0x6e, 0x6e, 0x6e, 0x52, 0x52, 0x52, 0x42, 0x37, 0x37, 0x37,
    0x52, 0xc7, 0x52, 0x52, 0x52, 0x52, 0x52, 0x52, 0x52, 0x6e, 0x6c, 0x4f,
    0x2d, 0x52, 0x6e, 0x6e, 0x6e, 0x6e, 0x6e, 0x6e, 0x6e, 0x6e, 0x6e, 0x6e,
    0x6e, 0x6e, 0x6e, 0x6e, 0x6e, 0x6e, 0x6e, 0x6c, 0x54, 0x21, 0x35, 0x26,
    0x1c, 0x0a, 0x0e, 0x4d, 0x45, 0x45, 0x45, 0x45, 0x45, 0x45, 0x45, 0x45,
    0x45, 0x45, 0x45, 0x45, 0x4d, 0xa2, 0x32, 0x3b, 0xc3, 0x68, 0x68, 0x65,
    0x62, 0x60, 0x60, 0x5e, 0x5e, 0x5e, 0x5e, 0x60, 0x60, 0x61, 0x62, 0x62,
    0x62, 0x62, 0x62, 0x62, 0x62, 0x63, 0x63, 0x63, 0x63, 0x63, 0x63, 0x63,
    0x64, 0x64, 0x93, 0x66, 0x66, 0x66, 0x66, 0x67, 0x67, 0x9b, 0xb4, 0xb4,
    0xb4, 0xb4, 0xb4, 0x67, 0x64, 0x62, 0x5e, 0x5d, 0x5d, 0x5d, 0x5e, 0x5e,
    0x5e, 0x5e, 0x5e, 0x5e, 0x5e, 0x5e, 0x5e, 0x5e, 0x60, 0x60, 0x61, 0x62,
    0x62, 0x62, 0x63, 0x63, 0x63, 0x64, 0x64, 0x64, 0x64, 0x65, 0x65, 0xca,
    0x47, 0x38, 0x3f, 0x3f, 0xd0, 0x00, 0x00, 0x00, 0x00, 0x00, 0x00, 0x00,
    0x00, 0x00, 0x00, 0x00, 0x00, 0x00, 0x00, 0x00, 0x00, 0x00, 0x00, 0x00,
    0x00, 0x00, 0x00, 0x00, 0x00, 0x00, 0x00, 0x00, 0x00, 0x00, 0x00, 0x00,
    0x00, 0x00, 0x00, 0x00, 0x00, 0x00, 0x00, 0x00, 0x00, 0x01, 0x06, 0x0a,
    0x0b, 0x0a, 0x11, 0x11, 0x11, 0x13, 0x16, 0x16, 0x17, 0x17, 0x1c, 0x1c,
    0x1c, 0x1c, 0x1c, 0x1c, 0x1c, 0x1c, 0x1a, 0x17, 0x17, 0x17, 0x17, 0x16,
    0x11, 0x11, 0x0a, 0x49, 0x09, 0x4e, 0x45, 0x56, 0x58, 0x5a, 0x5e, 0x60,
    0x60, 0x64, 0x62, 0x09, 0x39, 0x5a, 0x5a, 0x5a, 0x5c, 0x45, 0x0e, 0x09,
    0x0a, 0x13, 0x16, 0x16, 0x16, 0x16, 0x16, 0x16, 0x17, 0x17, 0x17, 0x17,
    0x1c, 0x1c, 0x1c, 0x1e, 0x1e, 0x1f, 0x1f, 0x1f, 0x22, 0x23, 0x24, 0x25,
    0x35, 0x34, 0x54, 0x4b, 0x34, 0x30, 0x31, 0x29, 0x41, 0x4a, 0x4a, 0x28,
    0x28, 0x28, 0x28, 0x28, 0x25, 0x24, 0x24, 0x24, 0x24, 0x24, 0x24, 0x23,
    0x1e, 0x19, 0x0e, 0x5c, 0x0f, 0x17, 0x2c, 0x54, 0x53, 0x55, 0x6a, 0x6e,
    0x6e, 0x6e, 0x6e, 0x52, 0x52, 0x52, 0x52, 0x52, 0x42, 0x37, 0x37, 0x37,
    0xb2, 0x52, 0x52, 0x52, 0x52, 0x52, 0x52, 0x52, 0x52, 0x6e, 0x6c, 0x4f,
    0x2d, 0x52, 0x6e, 0x6e, 0x6e, 0x6e, 0x6e, 0x6e, 0x6e, 0x6e, 0x6e, 0x6e,
    0x6e, 0x6e, 0x6e, 0x6e, 0x6e, 0x6e, 0x6e, 0x52, 0x6a, 0x33, 0x26, 0x46,
    0x3a, 0x0a, 0x0e, 0x4d, 0x4d, 0x45, 0x45, 0x45, 0x45, 0x45, 0x45, 0x45,
    0x45, 0x45, 0x45, 0x45, 0x45, 0x45, 0xca, 0x30, 0x3c, 0x68, 0x68, 0x66,
    0x63, 0x60, 0x60, 0x5e, 0x5e, 0x5e, 0x5e, 0x5e, 0x60, 0x60, 0x61, 0x62,
    0x62, 0x62, 0x62, 0x62, 0x62, 0x63, 0x63, 0x63, 0x63, 0x64, 0x64, 0x65,
    0x65, 0x93, 0x93, 0x66, 0x66, 0x66, 0x66, 0x67, 0x67, 0x67, 0xa9, 0xb4,
    0xb4, 0xb4, 0xb4, 0x67, 0x64, 0x62, 0x5d, 0x5a, 0x5a, 0x5a, 0x5d, 0x5e,
    0x5e, 0x60, 0x60, 0x5e, 0x60, 0x5e, 0x60, 0x60, 0x60, 0x60, 0x61, 0x62,
    0x62, 0x62, 0x63, 0x63, 0x63, 0x64, 0x64, 0x64, 0x64, 0x65, 0x64, 0xce,
    0x3f, 0x3f, 0x47, 0x47, 0xd1, 0x00, 0x00, 0x00, 0x00, 0x00, 0x00, 0x00,
    0x00, 0x00, 0x00, 0x00, 0x00, 0x00, 0x00, 0x00, 0x00, 0x00, 0x00, 0x00,
    0x00, 0x00, 0x00, 0x00, 0x00, 0x00, 0x00, 0x00, 0x00, 0x00, 0x00, 0x00,
    0x00, 0x00, 0x00, 0x00, 0x00, 0x00, 0x00, 0x00, 0x00, 0x00, 0x05, 0x0a,
    0x0a, 0x0a, 0x11, 0x11, 0x11, 0x11, 0x16, 0x17, 0x17, 0x17, 0x1a, 0x1c,
    0x1c, 0x1e, 0x1e, 0x1e, 0x1e, 0x1c, 0x1a, 0x1a, 0x17, 0x17, 0x17, 0x16,
    0x19, 0x11, 0x0a, 0x49, 0x09, 0x4e, 0x45, 0x56, 0x58, 0x5a, 0x5d, 0x5e,
    0x61, 0x64, 0x5a, 0x0f, 0x45, 0x6b, 0x5c, 0x4d, 0x09, 0x0a, 0x11, 0x11,
    0x18, 0x19, 0x19, 0x13, 0x13, 0x16, 0x16, 0x16, 0x17, 0x17, 0x1b, 0x20,
    0x1c, 0x1c, 0x1c, 0x1e, 0x1f, 0x23, 0x25, 0x41, 0x35, 0x40, 0x40, 0x41,
    0x26, 0x2d, 0x4c, 0x2a, 0x29, 0x37, 0x48, 0x59, 0x26, 0x28, 0x4a, 0x28,
    0x28, 0x28, 0x4a, 0x28, 0x28, 0x28, 0x24, 0x24, 0x24, 0x24, 0x24, 0x23,
    0x1c, 0x11, 0x4e, 0x45, 0x0f, 0x1c, 0x2d, 0x54, 0x53, 0x55, 0x6a, 0x6e,
    0x6e, 0x6e, 0x52, 0x52, 0x52, 0x52, 0x52, 0xc7, 0x42, 0x37, 0x37, 0x37,
    0xb2, 0xc7, 0xc7, 0xc7, 0x52, 0x52, 0x52, 0xb3, 0x52, 0x6e, 0x6c, 0x54,
    0x2d, 0x52, 0x6e, 0x6e, 0x6e, 0x6e, 0x6e, 0x6e, 0x6e, 0x6e, 0x6e, 0x6e,
    0x6e, 0x6e, 0x6e, 0x6e, 0x6e, 0x6e, 0x6e, 0x6e, 0x51, 0x41, 0x24, 0x2b,
    0x23, 0x19, 0x09, 0x4d, 0x4d, 0x45, 0x45, 0x45, 0x45, 0x45, 0x45, 0x45,
    0x45, 0x45, 0x45, 0x45, 0x45, 0x45, 0xca, 0x2a, 0x30, 0xca, 0x68, 0x68,
    0x64, 0x61, 0x5e, 0x5e, 0x5e, 0x5e, 0x5e, 0x5e, 0x60, 0x60, 0x60, 0x61,
    0x62, 0x62, 0x62, 0x62, 0x62, 0x62, 0x63, 0x63, 0x63, 0x64, 0x64, 0x64,
    0x64, 0x65, 0x93, 0x66, 0x66, 0x66, 0x66, 0x66, 0x67, 0x67, 0x69, 0xb4,
    0xb4, 0xb4, 0xb4, 0x69, 0x64, 0x62, 0x5e, 0x58, 0x58, 0x5a, 0x5d, 0x5e,
    0x5e, 0x60, 0x60, 0x60, 0x60, 0x60, 0x60, 0x60, 0x61, 0x61, 0x61, 0x62,
    0x62, 0x62, 0x63, 0x63, 0x63, 0x64, 0x64, 0x64, 0x64, 0x64, 0xca, 0x47,
    0x3f, 0x3f, 0x47, 0x47, 0x12, 0x00, 0x00, 0x00, 0x00, 0x00, 0x00, 0x00,
    0x00, 0x00, 0x00, 0x00, 0x00, 0x00, 0x00, 0x00, 0x00, 0x00, 0x00, 0x00,
    0x00, 0x00, 0x00, 0x00, 0x00, 0x00, 0x00, 0x00, 0x00, 0x00, 0x00, 0x00,
    0x00, 0x00, 0x00, 0x00, 0x00, 0x00, 0x00, 0x00, 0x00, 0x00, 0x03, 0x0a,
    0x0a, 0x0a, 0x11, 0x11, 0x11, 0x11, 0x13, 0x16, 0x17, 0x17, 0x1a, 0x1c,
    0x1c, 0x1e, 0x1e, 0x1e, 0x1e, 0x1c, 0x1c, 0x1a, 0x17, 0x17, 0x17, 0x17,
    0x19, 0x11, 0x11, 0x49, 0x09, 0x0e, 0x4d, 0x45, 0x58, 0x5a, 0x5f, 0x5e,
    0x62, 0x64, 0x45, 0x0b, 0x4d, 0x57, 0x0b, 0x0a, 0x0a, 0x0a, 0x11, 0x11,
    0x11, 0x11, 0x19, 0x13, 0x13, 0x16, 0x16, 0x17, 0x17, 0x17, 0x20, 0x1c,
    0x22, 0x24, 0x4a, 0x3d, 0x2e, 0x2e, 0x26, 0x24, 0x1e, 0x11, 0x0e, 0x4d,
    0x45, 0x4d, 0x0f, 0x0f, 0x43, 0x3b, 0x2a, 0x41, 0x4a, 0x4a, 0x4a, 0x4a,
    0x4a, 0x4a, 0x4a, 0x4a, 0x4a, 0x4a, 0x28, 0x28, 0x28, 0x24, 0x24, 0x23,
    0x20, 0x0a, 0x4d, 0x4d, 0x0f, 0x23, 0x34, 0x54, 0x53, 0x6a, 0x6e, 0x6e,
    0x52, 0x6e, 0x52, 0x52, 0x52, 0xc7, 0x52, 0xb2, 0x42, 0x37, 0x37, 0x37,
    0xb2, 0xc7, 0xc7, 0xb3, 0xb2, 0xb2, 0x6c, 0xb3, 0xb3, 0x6e, 0xb2, 0x54,
    0x2d, 0x52, 0x6e, 0x6e, 0x6e, 0x52, 0x52, 0x52, 0x52, 0x6e, 0x6e, 0x6e,
    0x6e, 0x6e, 0x6e, 0x6e, 0x6e, 0x52, 0x6e, 0x6e, 0x6c, 0x2d, 0x22, 0x2b,
    0x24, 0x16, 0x0e, 0x39, 0x4d, 0x45, 0x45, 0x45, 0x45, 0x45, 0x45, 0x45,
    0x45, 0x45, 0x45, 0x45, 0x45, 0x45, 0x6d, 0xcb, 0x30, 0x47, 0x68, 0x68,
    0x65, 0x62, 0x60, 0x5e, 0x5e, 0x5e, 0x5e, 0x5e, 0x60, 0x60, 0x60, 0x61,
    0x61, 0x62, 0x62, 0x62, 0x62, 0x62, 0x62, 0x63, 0x63, 0x63, 0x64, 0x64,
    0x64, 0x65, 0x65, 0x93, 0x66, 0x66, 0x66, 0x66, 0x67, 0x67, 0x69, 0xb4,
    0xb4, 0xb4, 0xb4, 0x69, 0x65, 0x62, 0x5e, 0x58, 0x56, 0x58, 0x5a, 0x5e,
    0x60, 0x60, 0x60, 0x60, 0x60, 0x60, 0x61, 0xc8, 0x61, 0x62, 0x62, 0x62,
    0x62, 0x63, 0x63, 0x63, 0x63, 0x64, 0x64, 0x64, 0x64, 0x64, 0xcb, 0x47,
    0x3f, 0x47, 0x47, 0x1d, 0x01, 0x00, 0x00, 0x00, 0x00, 0x00, 0x00, 0x00,
    0x00, 0x00, 0x00, 0x00, 0x00, 0x00, 0x00, 0x00, 0x00, 0x00, 0x00, 0x00,
    0x00, 0x00, 0x00, 0x00, 0x00, 0x00, 0x00, 0x00, 0x00, 0x00, 0x00, 0x00,
    0x00, 0x00, 0x00, 0x00, 0x00, 0x00, 0x00, 0x00, 0x00, 0x00, 0x08, 0x0a,
    0x0a, 0x0a, 0x11, 0x11, 0x11, 0x11, 0x13, 0x16, 0x17, 0x17, 0x17, 0x1a,
    0x1c, 0x1e, 0x1e, 0x1f, 0x1e, 0x1e, 0x1c, 0x1c, 0x1a, 0x17, 0x17, 0x17,
    0x13, 0x11, 0x11, 0x49, 0x09, 0x4e, 0x4d, 0x45, 0x58, 0x5a, 0x5f, 0x5e,
    0x62, 0x63, 0x0e, 0x09, 0x57, 0x0a, 0x49, 0x0b, 0x0a, 0x0a, 0x11, 0x11,
    0x11, 0x11, 0x13, 0x13, 0x16, 0x16, 0x17, 0x1c, 0x22, 0x24, 0x25, 0x25,
    0x24, 0x23, 0x1e, 0x19, 0x0b, 0x0e, 0x0e, 0x09, 0x11, 0x16, 0x1b, 0x1e,
    0x22, 0x24, 0x24, 0x59, 0x3b, 0x31, 0x59, 0x27, 0x26, 0x26, 0x26, 0x4a,
    0x4a, 0x4a, 0x4a, 0x4a, 0x4a, 0x4a, 0x4a, 0x4a, 0x4a, 0x28, 0x24, 0x22,
    0x17, 0x0a, 0x45, 0x57, 0x0f, 0x26, 0x4f, 0x53, 0x55, 0x6a, 0x6e, 0x6e,
    0x52, 0x52, 0x52, 0x52, 0xc7, 0xc7, 0xc7, 0xb2, 0x42, 0x37, 0x37, 0x37,
    0xa6, 0xc7, 0xb3, 0x6c, 0x6a, 0x53, 0x6e, 0xae, 0xb3, 0x52, 0xb2, 0x54,
    0x2d, 0x52, 0x6e, 0x6e, 0x52, 0x52, 0x52, 0x52, 0x52, 0x6e, 0x6e, 0x6e,
    0x6e, 0x6e, 0x6e, 0x6e, 0x6e, 0x52, 0x6e, 0x50, 0x6c, 0x54, 0x21, 0x2b,
    0x26, 0x17, 0x0b, 0x57, 0x4d, 0x45, 0x45, 0x45, 0x45, 0x45, 0x45, 0x45,
    0x45, 0x45, 0x45, 0x45, 0x4d, 0x4d, 0x45, 0xca, 0x38, 0x31, 0x68, 0x68,
    0x68, 0x63, 0x61, 0x5e, 0x5e, 0x5e, 0x5e, 0x5e, 0x60, 0x60, 0x60, 0x60,
    0x61, 0x61, 0x61, 0x62, 0x62, 0x62, 0x62, 0x62, 0x63, 0x63, 0x64, 0x64,
    0x64, 0x64, 0x65, 0x65, 0x66, 0x66, 0x66, 0x66, 0x67, 0x67, 0x67, 0xb4,
    0xb4, 0xb4, 0xb4, 0xa9, 0x66, 0x63, 0x60, 0x58, 0x56, 0x58, 0x5a, 0x5f,
    0x5e, 0x5e, 0x60, 0x60, 0x60, 0x61, 0x61, 0x62, 0x62, 0x62, 0x62, 0x62,
    0x62, 0x63, 0x63, 0x63, 0x63, 0x64, 0x64, 0x64, 0x64, 0xc9, 0xce, 0x47,
    0x47, 0x47, 0x47, 0x36, 0x00, 0x00, 0x00, 0x00, 0x00, 0x00, 0x00, 0x00,
    0x00, 0x00, 0x00, 0x00, 0x00, 0x00, 0x00, 0x00, 0x00, 0x00, 0x00, 0x00,
    0x00, 0x00, 0x00, 0x00, 0x00, 0x00, 0x00, 0x00, 0x00, 0x00, 0x00, 0x00,
    0x00, 0x00, 0x00, 0x00, 0x00, 0x00, 0x00, 0x00, 0x00, 0x00, 0x07, 0x0e,
    0x0a, 0x0a, 0x11, 0x11, 0x11, 0x11, 0x13, 0x16, 0x16, 0x17, 0x17, 0x1a,
    0x1c, 0x1e, 0x1f, 0x1f, 0x1f, 0x1f, 0x1e, 0x1c, 0x1c, 0x20, 0x17, 0x17,
    0x16, 0x18, 0x11, 0x0a, 0x09, 0x0e, 0x4d, 0x45, 0x58, 0x58, 0x5f, 0x60,
    0x63, 0x5e, 0x09, 0x09, 0x57, 0x0a, 0x0a, 0x0a, 0x11, 0x11, 0x11, 0x11,
    0x11, 0x13, 0x17, 0x1c, 0x1e, 0x1f, 0x22, 0x22, 0x1c, 0x13, 0x09, 0x0e,
    0x39, 0x0e, 0x49, 0x19, 0x20, 0x3a, 0x23, 0x33, 0x33, 0x24, 0x23, 0x24,
    0x24, 0x24, 0x24, 0x3c, 0x37, 0x2a, 0x26, 0x3d, 0x26, 0x26, 0x26, 0x4a,
    0x26, 0x26, 0x26, 0x26, 0x4a, 0x4a, 0x4a, 0x4a, 0x4a, 0x28, 0x24, 0x1f,
    0x17, 0x0b, 0x5c, 0x09, 0x0f, 0x40, 0x54, 0x53, 0x55, 0x50, 0x6e, 0x52,
    0x52, 0x52, 0x52, 0x52, 0xc7, 0xc7, 0xc7, 0xb2, 0x42, 0x37, 0x37, 0x37,
    0xb2, 0xc7, 0xc7, 0x52, 0x55, 0x54, 0x2b, 0x54, 0xb2, 0x52, 0xb2, 0x54,
    0x2d, 0x52, 0x6e, 0x6e, 0x6e, 0x52, 0x52, 0x52, 0x52, 0x52, 0x52, 0x6e,
    0x6e, 0x6e, 0x6e, 0x6e, 0x6e, 0x6e, 0x6e, 0x6e, 0x6c, 0x55, 0x22, 0x2e,
    0x46, 0x1e, 0x0a, 0x0e, 0x4d, 0x45, 0x45, 0x45, 0x45, 0x5c, 0x45, 0x45,
    0x45, 0x45, 0x45, 0x4d, 0x4d, 0x4d, 0x4d, 0x5a, 0x32, 0x30, 0xcb, 0x68,
    0x68, 0x65, 0x62, 0x60, 0x5e, 0x5e, 0x5e, 0x5e, 0x5e, 0x60, 0x60, 0x60,
    0x60, 0x61, 0x61, 0x61, 0x62, 0x62, 0x62, 0x62, 0x62, 0x63, 0x64, 0x64,
    0x64, 0x64, 0x64, 0x65, 0x93, 0x93, 0x66, 0x93, 0x66, 0x67, 0x67, 0xa9,
    0xb4, 0xb4, 0xb4, 0xa9, 0x67, 0x64, 0x62, 0x5f, 0x58, 0x58, 0x58, 0x5a,
    0x5f, 0x5e, 0x60, 0x60, 0x60, 0x61, 0x61, 0x62, 0x62, 0x62, 0x62, 0x62,
    0x63, 0x63, 0x63, 0x63, 0x63, 0x64, 0x64, 0x64, 0x64, 0xca, 0xce, 0x47,
    0x47, 0x47, 0x47, 0x3e, 0x00, 0x00, 0x00, 0x00, 0x00, 0x00, 0x00, 0x00,
    0x00, 0x00, 0x00, 0x00, 0x00, 0x00, 0x00, 0x00, 0x00, 0x00, 0x00, 0x00,
    0x00, 0x00, 0x00, 0x00, 0x00, 0x00, 0x00, 0x00, 0x00, 0x00, 0x00, 0x00,
    0x00, 0x00, 0x00, 0x00, 0x00, 0x00, 0x00, 0x00, 0x00, 0x00, 0x0c, 0x06,
    0x11, 0x0a, 0x11, 0x11, 0x11, 0x11, 0x13, 0x13, 0x16, 0x17, 0x17, 0x17,
    0x1c, 0x1e, 0x1e, 0x1f, 0x1f, 0x1f, 0x1f, 0x1e, 0x1c, 0x1a, 0x17, 0x17,
    0x17, 0x18, 0x11, 0x0a, 0x09, 0x09, 0x4d, 0x45, 0x58, 0x58, 0x5d, 0x5e,
    0x63, 0x58, 0x09, 0x09, 0x0e, 0x0a, 0x0a, 0x0a, 0x11, 0x11, 0x16, 0x1b,
    0x1e, 0x1e, 0x17, 0x19, 0x0a, 0x0e, 0x4d, 0x4d, 0x4e, 0x09, 0x11, 0x20,
    0x1e, 0x1f, 0x23, 0x23, 0x23, 0x23, 0x23, 0x33, 0x33, 0x24, 0x24, 0x24,
    0x25, 0x24, 0x23, 0x31, 0x30, 0x29, 0x35, 0x26, 0x26, 0x26, 0x26, 0x26,
    0x26, 0x26, 0x26, 0x26, 0x4a, 0x4a, 0x4a, 0x26, 0x4a, 0x4a, 0x24, 0x3a,
    0x16, 0x0e, 0x45, 0x0f, 0x15, 0x2d, 0x54, 0x53, 0x6a, 0x6e, 0x52, 0x52,
    0x52, 0x52, 0x52, 0xc7, 0xc7, 0xc7, 0xc7, 0xb2, 0x42, 0x37, 0x37, 0x37,
    0xb2, 0xc7, 0xb2, 0xb2, 0xad, 0xac, 0x52, 0x46, 0x6a, 0xb3, 0xb2, 0x54,
    0x2d, 0x52, 0x52, 0x6e, 0x52, 0x52, 0x52, 0x52, 0x52, 0x52, 0x52, 0x52,
    0x6e, 0x6e, 0x6e, 0x6e, 0x6e, 0x52, 0x6e, 0x6e, 0x52, 0x52, 0x25, 0x28,
    0x2b, 0x1f, 0x0a, 0x09, 0x4d, 0x4d, 0x45, 0x5c, 0x5c, 0x5c, 0x5c, 0x45,
    0x45, 0x45, 0x45, 0x4d, 0x4d, 0x4d, 0x4d, 0x45, 0xca, 0x30, 0x48, 0x68,
    0x68, 0x66, 0x63, 0x60, 0x60, 0x5e, 0x5e, 0x5e, 0x5e, 0x5e, 0x5e, 0x60,
    0x60, 0x60, 0x61, 0x61, 0x61, 0x62, 0x62, 0x62, 0x62, 0x63, 0x63, 0x63,
    0x64, 0x64, 0x64, 0x64, 0x65, 0x93, 0x93, 0x66, 0x66, 0x67, 0x67, 0x69,
    0xb4, 0xb4, 0xa9, 0xa9, 0x67, 0x65, 0x63, 0x60, 0x5d, 0x58, 0x58, 0x5a,
    0x5f, 0x5e, 0x5e, 0x60, 0x60, 0x61, 0x61, 0x62, 0x62, 0x62, 0x62, 0x62,
    0x63, 0x63, 0x63, 0x63, 0x63, 0x63, 0x64, 0x64, 0xc9, 0xcc, 0xce, 0x32,
    0xce, 0xce, 0x47, 0xd0, 0x00, 0x00, 0x00, 0x00, 0x00, 0x00, 0x00, 0x00,
    0x00, 0x00, 0x00, 0x00, 0x00, 0x00, 0x00, 0x00, 0x00, 0x00, 0x00, 0x00,
    0x00, 0x00, 0x00, 0x00, 0x00, 0x00, 0x00, 0x00, 0x00, 0x00, 0x00, 0x00,
    0x00, 0x00, 0x00, 0x00, 0x00, 0x00, 0x00, 0x00, 0x00, 0x00, 0x00, 0x0d,
    0x0a, 0x0a, 0x11, 0x11, 0x11, 0x11, 0x13, 0x13, 0x13, 0x16, 0x17, 0x17,
    0x1a, 0x1e, 0x1e, 0x1f, 0x1f, 0x1f, 0x1f, 0x1e, 0x1e, 0x1c, 0x1a, 0x17,
    0x17, 0x18, 0x11, 0x0a, 0x09, 0x09, 0x4e, 0x45, 0x58, 0x58, 0x5f, 0x5e,
    0x63, 0x4d, 0x09, 0x09, 0x0e, 0x11, 0x11, 0x1c, 0x21, 0x1e, 0x20, 0x11,
    0x0e, 0x4d, 0x45, 0x0e, 0x0b, 0x11, 0x16, 0x17, 0x1c, 0x1c, 0x1e, 0x1e,
    0x3a, 0x22, 0x23, 0x23, 0x33, 0x33, 0x24, 0x24, 0x24, 0x25, 0x25, 0x28,
    0x26, 0x26, 0x59, 0x3b, 0x3c, 0x59, 0x46, 0x3d, 0x3d, 0x26, 0x26, 0x26,
    0x26, 0x26, 0x26, 0x26, 0x26, 0x26, 0x26, 0x26, 0x26, 0x4a, 0x24, 0x3a,
    0x19, 0x0e, 0x4d, 0x0f, 0x1c, 0x34, 0x53, 0x55, 0x6a, 0x6e, 0x52, 0x52,
    0x52, 0x52, 0xc7, 0xc7, 0xc7, 0xc7, 0xc7, 0xb2, 0x42, 0x37, 0x37, 0x37,
    0xb2, 0xb2, 0xb1, 0x50, 0x52, 0x52, 0xa7, 0x54, 0x53, 0xb2, 0xb2, 0x54,
    0x2d, 0xc7, 0x52, 0x52, 0x52, 0x52, 0x52, 0x52, 0x52, 0x52, 0x52, 0x52,
    0x52, 0x52, 0x52, 0x6e, 0x6e, 0x52, 0x52, 0x6e, 0x6e, 0x6c, 0x2c, 0x33,
    0x2c, 0x24, 0x19, 0x0e, 0x4e, 0x4d, 0x45, 0x5c, 0x5c, 0x5c, 0x5c, 0x45,
    0x45, 0x45, 0x4d, 0x4d, 0x4d, 0x4d, 0x4d, 0x39, 0xca, 0x48, 0x30, 0xc9,
    0x68, 0x68, 0x63, 0x60, 0x5e, 0x5e, 0x5e, 0x5e, 0x5e, 0x5e, 0x5e, 0x60,
    0x60, 0x60, 0x61, 0x61, 0x61, 0x61, 0x62, 0x62, 0x62, 0x62, 0x63, 0x63,
    0x63, 0x64, 0x64, 0x64, 0x64, 0x65, 0x93, 0x93, 0x93, 0x67, 0x67, 0x68,
    0xb4, 0xb4, 0xa9, 0xa9, 0x66, 0x64, 0x63, 0x61, 0x5e, 0x5d, 0x5a, 0x5a,
    0x5f, 0x5e, 0x5e, 0x60, 0x60, 0x60, 0x61, 0x62, 0x62, 0x62, 0x62, 0x63,
    0x63, 0x63, 0x63, 0x63, 0x63, 0x63, 0x64, 0x64, 0xc9, 0xcb, 0xce, 0xce,
    0xce, 0xce, 0x47, 0xd1, 0x00, 0x00, 0x00, 0x00, 0x00, 0x00, 0x00, 0x00,
    0x00, 0x00, 0x00, 0x00, 0x00, 0x00, 0x00, 0x00, 0x00, 0x00, 0x00, 0x00,
    0x00, 0x00, 0x00, 0x00, 0x00, 0x00, 0x00, 0x00, 0x00, 0x00, 0x00, 0x00,
    0x00, 0x00, 0x00, 0x00, 0x00, 0x00, 0x00, 0x00, 0x00, 0x00, 0x00, 0x04,
    0x11, 0x0a, 0x11, 0x11, 0x11, 0x11, 0x13, 0x13, 0x16, 0x17, 0x17, 0x17,
    0x1a, 0x1c, 0x1e, 0x1e, 0x1f, 0x22, 0x1f, 0x1f, 0x1e, 0x1c, 0x1a, 0x17,
    0x17, 0x18, 0x11, 0x11, 0x49, 0x09, 0x4e, 0x4d, 0x56, 0x58, 0x5a, 0x60,
    0x5e, 0x09, 0x09, 0x09, 0x0e, 0x17, 0x1c, 0x1b, 0x0a, 0x0e, 0x0e, 0x0e,
    0x0a, 0x11, 0x17, 0x17, 0x17, 0x17, 0x17, 0x1b, 0x1c, 0x1c, 0x1e, 0x21,
    0x22, 0x23, 0x23, 0x33, 0x24, 0x24, 0x24, 0x25, 0x25, 0x28, 0x28, 0x26,
    0x26, 0x26, 0x6f, 0x37, 0x2a, 0x41, 0x27, 0x3d, 0x27, 0x3d, 0x3d, 0x3d,
    0x3d, 0x3d, 0x26, 0x26, 0x26, 0x26, 0x26, 0x26, 0x26, 0x28, 0x24, 0x1e,
    0x11, 0x4d, 0x57, 0x0f, 0x23, 0x4f, 0x53, 0x55, 0x50, 0x52, 0x52, 0x52,
    0x52, 0xc7, 0xc7, 0xc7, 0xc7, 0xc7, 0xb2, 0xa6, 0x42, 0x37, 0x37, 0x37,
    0xa6, 0xad, 0xad, 0x52, 0x52, 0x6c, 0xa7, 0x53, 0x6a, 0x6c, 0xb2, 0x4b,
    0x34, 0xc7, 0x52, 0x52, 0x52, 0x52, 0x52, 0x52, 0x52, 0x52, 0x52, 0x52,
    0x52, 0x52, 0x52, 0x52, 0x6e, 0x52, 0x6e, 0x6e, 0x6e, 0xb2, 0x4f, 0x22,
    0x2c, 0x4a, 0x17, 0x09, 0x0e, 0x4d, 0x45, 0x45, 0x5c, 0x45, 0x45, 0x45,
    0x45, 0x45, 0x4d, 0x4d, 0x4d, 0x4d, 0x4e, 0x4e, 0x6d, 0x32, 0x30, 0x32,
    0x68, 0x68, 0x64, 0x61, 0x5e, 0x5e, 0x5e, 0x5e, 0x5e, 0x5e, 0x5e, 0x60,
    0x60, 0x60, 0x60, 0x61, 0x62, 0x62, 0x62, 0x61, 0x62, 0x62, 0x63, 0x63,
    0x63, 0x64, 0x64, 0x64, 0x64, 0x65, 0x65, 0x66, 0x65, 0x67, 0x67, 0x68,
    0xa9, 0xb4, 0xb4, 0xa9, 0x67, 0x64, 0x63, 0x62, 0x5e, 0x5e, 0x5f, 0x5f,
    0x5f, 0x5e, 0x5d, 0x5d, 0x5e, 0x60, 0x61, 0x62, 0x62, 0x62, 0x63, 0x63,
    0x63, 0x63, 0x63, 0x64, 0x64, 0x64, 0x64, 0x64, 0xca, 0xcb, 0xce, 0xce,
    0xce, 0x47, 0x47, 0x12, 0x00, 0x00, 0x00, 0x00, 0x00, 0x00, 0x00, 0x00,
    0x00, 0x00, 0x00, 0x00, 0x00, 0x00, 0x00, 0x00, 0x00, 0x00, 0x00, 0x00,
    0x00, 0x00, 0x00, 0x00, 0x00, 0x00, 0x00, 0x00, 0x00, 0x00, 0x00, 0x00,
    0x00, 0x00, 0x00, 0x00, 0x00, 0x00, 0x00, 0x00, 0x00, 0x00, 0x00, 0x03,
    0x11, 0x11, 0x11, 0x11, 0x11, 0x11, 0x13, 0x13, 0x16, 0x17, 0x17, 0x17,
    0x1a, 0x1c, 0x1e, 0x1e, 0x1f, 0x1f, 0x22, 0x1f, 0x1e, 0x1e, 0x1c, 0x17,
    0x17, 0x13, 0x11, 0x0a, 0x0b, 0x09, 0x4e, 0x4d, 0x56, 0x58, 0x5a, 0x61,
    0x58, 0x0e, 0x09, 0x09, 0x09, 0x21, 0x11, 0x0e, 0x0a, 0x19, 0x16, 0x16,
    0x16, 0x17, 0x17, 0x17, 0x17, 0x17, 0x1b, 0x1c, 0x1e, 0x1e, 0x21, 0x22,
    0x23, 0x23, 0x33, 0x24, 0x24, 0x24, 0x28, 0x25, 0x28, 0x28, 0x26, 0x26,
    0x41, 0x59, 0x30, 0x31, 0x2a, 0x35, 0x27, 0x27, 0x27, 0x27, 0x27, 0x27,
    0x27, 0x27, 0x3d, 0x3d, 0x3d, 0x3d, 0x3d, 0x26, 0x26, 0x26, 0x33, 0x1c,
    0x0a, 0x4d, 0x09, 0x0f, 0x41, 0x54, 0x53, 0x6a, 0x6e, 0x52, 0x52, 0xc7,
    0x52, 0xc7, 0xc7, 0xc7, 0xc7, 0xc7, 0xb2, 0xa6, 0x42, 0x37, 0x37, 0x37,
    0xa6, 0xb2, 0xac, 0x52, 0x52, 0xb2, 0xb1, 0x6a, 0xbe, 0x6c, 0xae, 0x4b,
    0x34, 0x6c, 0x52, 0x52, 0x52, 0x52, 0x52, 0x52, 0x52, 0x52, 0x52, 0x52,
    0x52, 0x52, 0x52, 0x52, 0x52, 0x52, 0x6e, 0x52, 0x6e, 0x6c, 0x53, 0x3a,
    0x40, 0x46, 0x1c, 0x0a, 0x0e, 0x4d, 0x45, 0x45, 0x5c, 0x5c, 0x45, 0x45,
    0x45, 0x45, 0x4d, 0x4d, 0x4d, 0x4d, 0x4e, 0x4e, 0x39, 0xca, 0x31, 0x3c,
    0x68, 0x68, 0x65, 0x62, 0x5e, 0x5e, 0x5e, 0x5e, 0x5e, 0x5e, 0x60, 0x60,
    0x60, 0x60, 0x60, 0x61, 0x61, 0x61, 0x61, 0x61, 0x62, 0x62, 0x62, 0x62,
    0x63, 0x63, 0x64, 0x64, 0x64, 0x64, 0x65, 0x66, 0x93, 0x67, 0x67, 0x68,
    0x69, 0xb4, 0xb4, 0xa9, 0x66, 0x64, 0x63, 0x62, 0x60, 0x5e, 0x5e, 0x5e,
    0x5e, 0x5e, 0x5e, 0x5e, 0x5e, 0x5e, 0x5e, 0x61, 0x62, 0x62, 0x63, 0x63,
    0x63, 0x63, 0x63, 0x64, 0x64, 0x64, 0x64, 0xc9, 0xca, 0xcb, 0xce, 0xce,
    0xce, 0x47, 0x1d, 0x0c, 0x00, 0x00, 0x00, 0x00, 0x00, 0x00, 0x00, 0x00,
    0x00, 0x00, 0x00, 0x00, 0x00, 0x00, 0x00, 0x00, 0x00, 0x00, 0x00, 0x00,
    0x00, 0x00, 0x00, 0x00, 0x00, 0x00, 0x00, 0x00, 0x00, 0x00, 0x00, 0x00,
    0x00, 0x00, 0x00, 0x00, 0x00, 0x00, 0x00, 0x00, 0x00, 0x00, 0x00, 0x08,
    0x0a, 0x11, 0x11, 0x11, 0x11, 0x11, 0x13, 0x13, 0x16, 0x16, 0x17, 0x17,
    0x17, 0x1a, 0x1c, 0x1e, 0x1e, 0x1f, 0x1f, 0x1f, 0x1e, 0x1e, 0x1c, 0x1a,
    0x17, 0x18, 0x11, 0x0a, 0x49, 0x09, 0x4d, 0x45, 0x56, 0x58, 0x5a, 0x61,
    0x4d, 0x09, 0x09, 0x0e, 0x0b, 0x13, 0x19, 0x16, 0x19, 0x13, 0x13, 0x13,
    0x16, 0x16, 0x17, 0x17, 0x17, 0x1a, 0x1c, 0x1c, 0x1e, 0x1e, 0x1f, 0x23,
    0x23, 0x23, 0x24, 0x24, 0x24, 0x24, 0x28, 0x28, 0x28, 0x28, 0x26, 0x26,
    0x26, 0x59, 0x37, 0x3c, 0x59, 0x35, 0x27, 0x27, 0x46, 0x46, 0x46, 0x46,
    0x27, 0x27, 0x27, 0x3d, 0x3d, 0x3d, 0x3d, 0x27, 0x3d, 0x26, 0x33, 0x20,
    0x0a, 0x45, 0x0f, 0x0f, 0x2c, 0x54, 0x55, 0x6a, 0x52, 0x52, 0xb3, 0xc7,
    0xc7, 0xc7, 0xc7, 0xc7, 0xc7, 0xc7, 0xb2, 0xa6, 0x42, 0x37, 0x37, 0x37,
    0xa6, 0xb2, 0xa6, 0xad, 0xad, 0xa7, 0xb2, 0x6c, 0x6c, 0xb3, 0xae, 0x54,
    0x34, 0x6c, 0x52, 0x52, 0x52, 0x52, 0x52, 0x52, 0x52, 0x52, 0x52, 0x52,
    0x52, 0x52, 0x52, 0x52, 0x52, 0x52, 0x52, 0x52, 0x52, 0x52, 0x6a, 0x33,
    0x41, 0x2b, 0x1e, 0x0a, 0x09, 0x4d, 0x45, 0x45, 0x5c, 0x5c, 0x45, 0x45,
    0x45, 0x45, 0x4d, 0x4d, 0x4d, 0x4d, 0x39, 0x0e, 0x0e, 0xca, 0x48, 0x30,
    0xc9, 0x68, 0x68, 0x63, 0x60, 0x5e, 0x5e, 0x5d, 0x5d, 0x5e, 0x60, 0x60,
    0x5e, 0x60, 0x60, 0x60, 0x60, 0x61, 0x61, 0x61, 0x61, 0x62, 0x62, 0x62,
    0x62, 0x63, 0x63, 0x64, 0x64, 0x64, 0x65, 0x93, 0x66, 0x67, 0x67, 0x68,
    0x68, 0xb4, 0xb4, 0x69, 0x67, 0x64, 0x63, 0x62, 0x60, 0x5e, 0x5e, 0x5d,
    0x5e, 0x5e, 0x5e, 0x5e, 0x5e, 0x5e, 0x5e, 0x60, 0x61, 0x62, 0x63, 0x63,
    0x63, 0x63, 0x64, 0x64, 0x64, 0x64, 0x64, 0xc9, 0xca, 0xcb, 0xce, 0xce,
    0xce, 0x47, 0x05, 0x00, 0x00, 0x00, 0x00, 0x00, 0x00, 0x00, 0x00, 0x00,
    0x00, 0x00, 0x00, 0x00, 0x00, 0x00, 0x00, 0x00, 0x00, 0x00, 0x00, 0x00,
    0x00, 0x00, 0x00, 0x00, 0x00, 0x00, 0x00, 0x00, 0x00, 0x00, 0x00, 0x00,
    0x00, 0x00, 0x00, 0x00, 0x00, 0x00, 0x00, 0x00, 0x00, 0x00, 0x00, 0x02,
    0x0a, 0x11, 0x11, 0x11, 0x11, 0x13, 0x13, 0x13, 0x13, 0x16, 0x17, 0x17,
    0x17, 0x1a, 0x1c, 0x1c, 0x1e, 0x1e, 0x1e, 0x1e, 0x1e, 0x1e, 0x1c, 0x17,
    0x17, 0x18, 0x11, 0x0a, 0x09, 0x0e, 0x4d, 0x45, 0x45, 0x56, 0x5d, 0x5e,
    0x0e, 0x09, 0x09, 0x4e, 0x0a, 0x11, 0x11, 0x19, 0x13, 0x13, 0x16, 0x16,
    0x16, 0x17, 0x17, 0x17, 0x20, 0x1a, 0x1c, 0x1e, 0x1e, 0x1e, 0x1f, 0x22,
    0x23, 0x23, 0x24, 0x24, 0x24, 0x25, 0x25, 0x28, 0x26, 0x26, 0x26, 0x26,
    0x26, 0x6f, 0x3b, 0x59, 0x35, 0x27, 0x27, 0x46, 0x46, 0x46, 0x46, 0x46,
    0x46, 0x27, 0x27, 0x27, 0x3d, 0x3d, 0x3d, 0x27, 0x27, 0x26, 0x33, 0x17,
    0x0b, 0x4d, 0x0f, 0x15, 0x2d, 0x53, 0x55, 0x50, 0x52, 0xb3, 0xb3, 0xc7,
    0xb3, 0xc7, 0xc7, 0xc7, 0xc7, 0xb2, 0xb2, 0xa6, 0x42, 0x37, 0x37, 0x37,
    0xa6, 0xc7, 0x6c, 0xbe, 0xae, 0xb2, 0xb2, 0xbe, 0xb3, 0xb3, 0xb1, 0x54,
    0x34, 0x6c, 0x52, 0x52, 0x52, 0x52, 0x52, 0x52, 0x52, 0x52, 0x52, 0x52,
    0x52, 0x52, 0x52, 0x52, 0x52, 0x52, 0x52, 0x52, 0x52, 0x52, 0x51, 0x27,
    0x24, 0x2c, 0x33, 0x11, 0x0e, 0x4d, 0x4d, 0x45, 0x45, 0x45, 0x45, 0x45,
    0x45, 0x45, 0x4d, 0x4d, 0x4d, 0x4d, 0x57, 0x0e, 0x0e, 0x45, 0xc3, 0x30,
    0x32, 0x68, 0x68, 0x64, 0x60, 0x60, 0x5e, 0x5d, 0x5d, 0x5e, 0x5e, 0x60,
    0x5e, 0x60, 0x60, 0x60, 0x60, 0x60, 0x61, 0x61, 0x61, 0x61, 0x62, 0x62,
    0x62, 0x62, 0x63, 0x63, 0x64, 0x64, 0x64, 0x93, 0x66, 0x67, 0x67, 0x68,
    0x69, 0x69, 0xb4, 0xa9, 0x67, 0x65, 0x64, 0x62, 0x61, 0x60, 0x5e, 0x5e,
    0x5e, 0x5e, 0x5e, 0x5e, 0x5e, 0x5e, 0x60, 0x60, 0x61, 0x62, 0x62, 0x63,
    0x63, 0x63, 0x64, 0x64, 0x64, 0x64, 0x64, 0xc9, 0xca, 0xcc, 0xc3, 0xce,
    0xce, 0x47, 0x3e, 0x00, 0x00, 0x00, 0x00, 0x00, 0x00, 0x00, 0x00, 0x00,
    0x00, 0x00, 0x00, 0x00, 0x00, 0x00, 0x00, 0x00, 0x00, 0x00, 0x00, 0x00,
    0x00, 0x00, 0x00, 0x00, 0x00, 0x00, 0x00, 0x00, 0x00, 0x00, 0x00, 0x00,
    0x00, 0x00, 0x00, 0x00, 0x00, 0x00, 0x00, 0x00, 0x00, 0x00, 0x00, 0x01,
    0x06, 0x11, 0x11, 0x11, 0x11, 0x13, 0x13, 0x13, 0x13, 0x16, 0x17, 0x17,
    0x17, 0x17, 0x1a, 0x1c, 0x1e, 0x1e, 0x1e, 0x1e, 0x1e, 0x1c, 0x1c, 0x17,
    0x17, 0x11, 0x11, 0x0a, 0x09, 0x0e, 0x4e, 0x4d, 0x45, 0x58, 0x5e, 0x58,
    0x09, 0x0e, 0x09, 0x4e, 0x0a, 0x11, 0x11, 0x13, 0x13, 0x16, 0x16, 0x17,
    0x16, 0x17, 0x17, 0x17, 0x20, 0x20, 0x1c, 0x1e, 0x1e, 0x1e, 0x1f, 0x22,
    0x23, 0x23, 0x33, 0x24, 0x24, 0x24, 0x25, 0x28, 0x26, 0x26, 0x26, 0x3d,
    0x26, 0x30, 0x31, 0x59, 0x2b, 0x46, 0x46, 0x35, 0x46, 0x35, 0x46, 0x46,
    0x46, 0x46, 0x27, 0x27, 0x27, 0x27, 0x27, 0x27, 0x27, 0x26, 0x23, 0x16,
    0x0e, 0x57, 0x0f, 0x1c, 0x4f, 0x53, 0x6a, 0x6e, 0x52, 0xb3, 0xb3, 0xc7,
    0xc7, 0xc7, 0xc7, 0xc7, 0x6c, 0xb2, 0xb2, 0xa6, 0x42, 0x37, 0x37, 0x37,
    0xa6, 0xc7, 0xc7, 0xb3, 0xb3, 0xb3, 0xb3, 0xb3, 0xb3, 0xb3, 0xb1, 0x4f,
    0x34, 0x6c, 0x52, 0x52, 0x52, 0x52, 0x52, 0x52, 0x52, 0x52, 0x52, 0x52,
    0x52, 0x52, 0x52, 0x52, 0x52, 0x52, 0x52, 0x52, 0x52, 0x6e, 0xb2, 0x2d,
    0x23, 0x2c, 0x28, 0x16, 0x09, 0x57, 0x4d, 0x45, 0x45, 0x45, 0x45, 0x45,
    0x45, 0x45, 0x4d, 0x4d, 0x4d, 0x4d, 0x4e, 0x0e, 0x4e, 0x39, 0xca, 0x31,
    0x38, 0x68, 0x68, 0x65, 0x61, 0x60, 0x5e, 0x5d, 0x5d, 0x5d, 0x5e, 0x5e,
    0x5e, 0x60, 0x60, 0x60, 0x60, 0x60, 0x60, 0x60, 0x60, 0x60, 0x60, 0x61,
    0x62, 0x62, 0x62, 0x63, 0x64, 0x64, 0x64, 0x65, 0x66, 0x67, 0x67, 0x67,
    0x68, 0x68, 0xb4, 0xa9, 0x66, 0x65, 0x64, 0x63, 0x62, 0x60, 0x5e, 0x5e,
    0x5e, 0x5e, 0x5e, 0x5e, 0x5e, 0x60, 0x60, 0x60, 0x61, 0x62, 0x62, 0x63,
    0x63, 0x63, 0x64, 0x64, 0x64, 0x64, 0x64, 0xc9, 0xca, 0xcc, 0xc3, 0xce,
    0xce, 0x3f, 0xd0, 0x00, 0x00, 0x00, 0x00, 0x00, 0x00, 0x00, 0x00, 0x00,
    0x00, 0x00, 0x00, 0x00, 0x00, 0x00, 0x00, 0x00, 0x00, 0x00, 0x00, 0x00,
    0x00, 0x00, 0x00, 0x00, 0x00, 0x00, 0x00, 0x00, 0x00, 0x00, 0x00, 0x00,
    0x00, 0x00, 0x00, 0x00, 0x00, 0x00, 0x00, 0x00, 0x00, 0x00, 0x00, 0x00,
    0x05, 0x11, 0x11, 0x11, 0x11, 0x13, 0x13, 0x13, 0x13, 0x13, 0x16, 0x17,
    0x17, 0x17, 0x1a, 0x1c, 0x1c, 0x1c, 0x1e, 0x1e, 0x1c, 0x1c, 0x1a, 0x17,
    0x16, 0x11, 0x0a, 0x0b, 0x09, 0x0e, 0x4e, 0x4d, 0x45, 0x58, 0x5e, 0x4d,
    0x0e, 0x09, 0x09, 0x0e, 0x11, 0x11, 0x11, 0x13, 0x13, 0x16, 0x16, 0x17,
    0x17, 0x17, 0x17, 0x17, 0x20, 0x1a, 0x1c, 0x1c, 0x1e, 0x1e, 0x1f, 0x1f,
    0x1f, 0x22, 0x23, 0x33, 0x24, 0x24, 0x24, 0x28, 0x28, 0x26, 0x26, 0x2e,
    0x41, 0x37, 0x3c, 0x41, 0x2b, 0x35, 0x35, 0x35, 0x35, 0x35, 0x46, 0x46,
    0x46, 0x46, 0x46, 0x27, 0x27, 0x27, 0x27, 0x46, 0x27, 0x4a, 0x22, 0x19,
    0x0e, 0x0b, 0x0f, 0x24, 0x54, 0x53, 0x6a, 0x52, 0x52, 0xb3, 0xb3, 0xc7,
    0xc7, 0xc7, 0xc7, 0xc7, 0xc7, 0xb2, 0xb2, 0xa6, 0x42, 0x37, 0x37, 0x37,
    0xa6, 0xc7, 0xc7, 0xb3, 0xb3, 0xb3, 0xb3, 0xb3, 0xb3, 0xb3, 0xb1, 0x54,
    0x34, 0xb2, 0x52, 0x52, 0x52, 0x52, 0x52, 0x52, 0x52, 0x52, 0x52, 0x52,
    0x52, 0x52, 0x52, 0x52, 0x52, 0x52, 0x52, 0x52, 0x52, 0x6e, 0xb2, 0x54,
    0x22, 0x2c, 0x27, 0x20, 0x49, 0x57, 0x4d, 0x45, 0x45, 0x45, 0x45, 0x45,
    0x45, 0x45, 0x4d, 0x4d, 0x4d, 0x4d, 0x4e, 0x0e, 0x0e, 0x0e, 0x5a, 0x29,
    0x30, 0xca, 0x68, 0x66, 0x62, 0x5e, 0x5d, 0x5d, 0x5d, 0x5d, 0x5e, 0x5e,
    0x5e, 0x60, 0x60, 0x60, 0x60, 0x60, 0x60, 0x60, 0x60, 0x60, 0x60, 0x61,
    0x61, 0x62, 0x62, 0x63, 0x63, 0x64, 0x64, 0x65, 0x66, 0x67, 0x67, 0x67,
    0x67, 0x68, 0xa9, 0xa9, 0x66, 0x65, 0x64, 0x63, 0x62, 0x61, 0x60, 0x5e,
    0x5e, 0x5e, 0x5e, 0x5e, 0x5e, 0x60, 0x60, 0x60, 0x60, 0x62, 0x62, 0x63,
    0x63, 0x63, 0x64, 0x64, 0x64, 0x64, 0x64, 0xc9, 0xc9, 0xcc, 0xc3, 0xce,
    0xce, 0x3f, 0xd1, 0x00, 0x00, 0x00, 0x00, 0x00, 0x00, 0x00, 0x00, 0x00,
    0x00, 0x00, 0x00, 0x00, 0x00, 0x00, 0x00, 0x00, 0x00, 0x00, 0x00, 0x00,
    0x00, 0x00, 0x00, 0x00, 0x00, 0x00, 0x00, 0x00, 0x00, 0x00, 0x00, 0x00,
    0x00, 0x00, 0x00, 0x00, 0x00, 0x00, 0x00, 0x00, 0x00, 0x00, 0x00, 0x00,
    0x0d, 0x11, 0x11, 0x11, 0x11, 0x13, 0x13, 0x13, 0x13, 0x16, 0x16, 0x17,
    0x17, 0x17, 0x1a, 0x1a, 0x1c, 0x1c, 0x1c, 0x1c, 0x1c, 0x1a, 0x17, 0x17,
    0x13, 0x11, 0x0a, 0x0b, 0x0b, 0x09, 0x4e, 0x4e, 0x45, 0x58, 0x5a, 0x4e,
    0x09, 0x09, 0x09, 0x09, 0x11, 0x11, 0x11, 0x13, 0x13, 0x13, 0x16, 0x17,
    0x17, 0x17, 0x17, 0x17, 0x17, 0x1b, 0x1c, 0x1c, 0x1c, 0x1e, 0x1e, 0x1e,
    0x1e, 0x1f, 0x22, 0x23, 0x24, 0x25, 0x26, 0x3d, 0x2e, 0x35, 0x35, 0x2e,
    0x31, 0x3b, 0x59, 0x4c, 0x2b, 0x35, 0x35, 0x35, 0x35, 0x35, 0x35, 0x46,
    0x46, 0x46, 0x46, 0x46, 0x27, 0x46, 0x27, 0x35, 0x46, 0x26, 0x3a, 0x19,
    0x39, 0x0f, 0x0f, 0x41, 0x54, 0x55, 0x6e, 0x52, 0x52, 0xb3, 0xb3, 0xc7,
    0x6c, 0x6c, 0xc7, 0xc7, 0x6c, 0xb2, 0xb2, 0xa6, 0x42, 0x37, 0x37, 0x37,
    0xa6, 0xb2, 0xc7, 0xb3, 0xb3, 0xb3, 0xb3, 0xb3, 0xb3, 0x52, 0xb1, 0x4f,
    0x34, 0x6c, 0xc7, 0x52, 0x52, 0x52, 0x52, 0x52, 0x52, 0x52, 0x52, 0x52,
    0x52, 0x52, 0x52, 0x52, 0x52, 0x52, 0x52, 0x52, 0x52, 0x52, 0xb2, 0x55,
    0x22, 0x35, 0x2b, 0x1e, 0x0a, 0x0e, 0x4d, 0x4d, 0x45, 0x45, 0x45, 0x45,
    0x45, 0x45, 0x45, 0x4d, 0x4d, 0x4d, 0x4e, 0x0e, 0x0e, 0x0e, 0x39, 0xcb,
    0x30, 0x29, 0x68, 0x68, 0x63, 0x60, 0x5d, 0x5d, 0x5a, 0x5a, 0x5d, 0x5e,
    0x5e, 0x5e, 0x5e, 0x60, 0x60, 0x60, 0x60, 0x60, 0x60, 0x60, 0x60, 0x60,
    0x60, 0x61, 0x62, 0x62, 0x63, 0x63, 0x64, 0x64, 0x66, 0x66, 0x67, 0x67,
    0x68, 0x67, 0x69, 0xb4, 0x66, 0x64, 0x64, 0x63, 0x62, 0x61, 0x60, 0x5e,
    0x5e, 0x5e, 0x5e, 0x5e, 0x5e, 0x60, 0x60, 0x60, 0x61, 0x62, 0x62, 0x63,
    0x63, 0x63, 0x64, 0x64, 0x64, 0x64, 0x64, 0xc9, 0xc9, 0xcc, 0xc3, 0xce,
    0x47, 0x3f, 0x2f, 0x00, 0x00, 0x00, 0x00, 0x00, 0x00, 0x00, 0x00, 0x00,
    0x00, 0x00, 0x00, 0x00, 0x00, 0x00, 0x00, 0x00, 0x00, 0x00, 0x00, 0x00,
    0x00, 0x00, 0x00, 0x00, 0x00, 0x00, 0x00, 0x00, 0x00, 0x00, 0x00, 0x00,
    0x00, 0x00, 0x00, 0x00, 0x00, 0x00, 0x00, 0x00, 0x00, 0x00, 0x00, 0x00,
    0x03, 0x11, 0x11, 0x11, 0x11, 0x13, 0x13, 0x16, 0x16, 0x16, 0x16, 0x17,
    0x17, 0x17, 0x1a, 0x1a, 0x1c, 0x1c, 0x1c, 0x1c, 0x1c, 0x1a, 0x17, 0x17,
    0x18, 0x11, 0x0a, 0x0b, 0x09, 0x09, 0x0e, 0x4e, 0x4d, 0x58, 0x56, 0x0e,
    0x0e, 0x0b, 0x0e, 0x0b, 0x13, 0x11, 0x11, 0x13, 0x13, 0x16, 0x16, 0x17,
    0x17, 0x17, 0x17, 0x17, 0x17, 0x1c, 0x1c, 0x1c, 0x1e, 0x1e, 0x21, 0x22,
    0x23, 0x33, 0x24, 0x25, 0x26, 0x2e, 0x2e, 0x26, 0x4a, 0x26, 0x28, 0x22,
    0x30, 0x30, 0x59, 0x44, 0x2b, 0x35, 0x35, 0x35, 0x35, 0x35, 0x35, 0x35,
    0x46, 0x46, 0x46, 0x46, 0x46, 0x46, 0x46, 0x35, 0x46, 0x28, 0x3a, 0x0a,
    0x57, 0x15, 0x0f, 0x2c, 0x4b, 0x55, 0x6e, 0x52, 0xb3, 0xb3, 0x6c, 0x6c,
    0x6c, 0x6c, 0x6c, 0x6c, 0x6c, 0xb2, 0xb2, 0xa6, 0x42, 0x37, 0x37, 0x37,
    0xa6, 0xb2, 0xb3, 0xb3, 0xb3, 0xb3, 0xb3, 0xb3, 0xb3, 0x52, 0xb1, 0x34,
    0x34, 0xb2, 0xc7, 0x52, 0x52, 0xc7, 0xc7, 0xc7, 0xc7, 0xc7, 0x52, 0x52,
    0x52, 0x52, 0x52, 0x52, 0x52, 0x52, 0x52, 0x52, 0x52, 0x52, 0xc7, 0x6e,
    0x24, 0x26, 0x2b, 0x1f, 0x11, 0x09, 0x4d, 0x4d, 0x45, 0x45, 0x45, 0x45,
    0x45, 0x45, 0x45, 0x4d, 0x4d, 0x4d, 0x0e, 0x0e, 0x0e, 0x0e, 0x09, 0xca,
    0x3c, 0x31, 0x68, 0x68, 0x64, 0x60, 0x5d, 0x5a, 0x5a, 0x5a, 0x5f, 0x5f,
    0x5e, 0x5e, 0x5e, 0x5e, 0x5e, 0x5e, 0x5e, 0x5e, 0x5e, 0x60, 0x60, 0x60,
    0x60, 0x60, 0x61, 0x62, 0x62, 0x63, 0x64, 0x64, 0x65, 0x66, 0x67, 0x67,
    0x68, 0x68, 0x9b, 0xb4, 0x66, 0x64, 0x63, 0x63, 0x62, 0x62, 0x61, 0x60,
    0x60, 0x5e, 0x5e, 0x5e, 0x5e, 0x60, 0x60, 0x60, 0x62, 0x62, 0x62, 0x63,
    0x63, 0x63, 0x64, 0x64, 0x64, 0x64, 0x64, 0x64, 0xc9, 0xcc, 0xc3, 0xce,
    0x47, 0x5b, 0x12, 0x00, 0x00, 0x00, 0x00, 0x00, 0x00, 0x00, 0x00, 0x00,
    0x00, 0x00, 0x00, 0x00, 0x00, 0x00, 0x00, 0x00, 0x00, 0x00, 0x00, 0x00,
    0x00, 0x00, 0x00, 0x00, 0x00, 0x00, 0x00, 0x00, 0x00, 0x00, 0x00, 0x00,
    0x00, 0x00, 0x00, 0x00, 0x00, 0x00, 0x00, 0x00, 0x00, 0x00, 0x00, 0x00,
    0x08, 0x11, 0x11, 0x11, 0x11, 0x13, 0x13, 0x16, 0x16, 0x16, 0x17, 0x17,
    0x17, 0x17, 0x17, 0x1a, 0x1a, 0x1a, 0x1c, 0x1c, 0x1a, 0x17, 0x17, 0x16,
    0x11, 0x11, 0x0a, 0x0a, 0x09, 0x09, 0x09, 0x4e, 0x4d, 0x58, 0x4d, 0x0e,
    0x09, 0x0e, 0x09, 0x0a, 0x16, 0x13, 0x11, 0x11, 0x13, 0x16, 0x17, 0x17,
    0x16, 0x17, 0x17, 0x17, 0x1b, 0x1c, 0x1e, 0x1f, 0x23, 0x24, 0x25, 0x26,
    0x3d, 0x26, 0x26, 0x35, 0x2b, 0x28, 0x24, 0x2b, 0x44, 0x4c, 0x2e, 0x41,
    0x37, 0x3c, 0x35, 0x2c, 0x2b, 0x2b, 0x2b, 0x35, 0x35, 0x35, 0x35, 0x35,
    0x35, 0x46, 0x46, 0x46, 0x46, 0x46, 0x46, 0x46, 0x46, 0x28, 0x1c, 0x0a,
    0x09, 0x15, 0x15, 0x2d, 0x53, 0x6a, 0x6e, 0x52, 0xb3, 0xb3, 0x6c, 0x6c,
    0x6c, 0x6c, 0xb2, 0x6c, 0x6c, 0xb2, 0xa6, 0xa6, 0x42, 0x37, 0x37, 0x37,
    0xa6, 0xb2, 0xb3, 0xb3, 0xb3, 0xb3, 0xb3, 0xb3, 0xb3, 0xb3, 0xb1, 0x34,
    0x2d, 0xb2, 0xc7, 0xc7, 0xc7, 0xc7, 0xc7, 0xc7, 0xc7, 0xc7, 0xc7, 0x52,
    0x52, 0x52, 0x52, 0x52, 0x52, 0x52, 0x52, 0x52, 0x52, 0x52, 0x52, 0x6c,
    0x2b, 0x24, 0x2c, 0x24, 0x19, 0x09, 0x4e, 0x4d, 0x45, 0x45, 0x45, 0x45,
    0x45, 0x45, 0x45, 0x4d, 0x4d, 0x4d, 0x4e, 0x4e, 0x0e, 0x0e, 0x0e, 0x6d,
    0x29, 0x30, 0xca, 0x68, 0x65, 0x60, 0x5d, 0x5a, 0x5a, 0x5a, 0x5a, 0x5f,
    0x5d, 0x5e, 0x5e, 0x5e, 0x5e, 0x5e, 0x5e, 0x5e, 0x5e, 0x5e, 0x5e, 0x5e,
    0x5e, 0x5e, 0x60, 0x61, 0x62, 0x62, 0x63, 0x64, 0x65, 0x66, 0x67, 0x67,
    0x67, 0x67, 0x67, 0xa9, 0x67, 0x63, 0x63, 0x63, 0x62, 0x62, 0x62, 0x61,
    0x60, 0x60, 0x60, 0x60, 0x60, 0x60, 0x61, 0x61, 0x62, 0x62, 0x62, 0x63,
    0x63, 0x64, 0x64, 0x64, 0x64, 0x64, 0x64, 0x64, 0xc9, 0xcc, 0xc3, 0xce,
    0x47, 0x36, 0x00, 0x00, 0x00, 0x00, 0x00, 0x00, 0x00, 0x00, 0x00, 0x00,
    0x00, 0x00, 0x00, 0x00, 0x00, 0x00, 0x00, 0x00, 0x00, 0x00, 0x00, 0x00,
    0x00, 0x00, 0x00, 0x00, 0x00, 0x00, 0x00, 0x00, 0x00, 0x00, 0x00, 0x00,
    0x00, 0x00, 0x00, 0x00, 0x00, 0x00, 0x00, 0x00, 0x00, 0x00, 0x00, 0x00,
    0x10, 0x0a, 0x0a, 0x11, 0x11, 0x13, 0x13, 0x16, 0x16, 0x16, 0x17, 0x17,
    0x17, 0x17, 0x17, 0x1b, 0x1b, 0x1a, 0x1a, 0x1a, 0x17, 0x17, 0x17, 0x13,
    0x11, 0x11, 0x0a, 0x0a, 0x09, 0x09, 0x09, 0x0e, 0x4d, 0x5c, 0x4d, 0x0e,
    0x09, 0x4e, 0x0a, 0x11, 0x17, 0x13, 0x11, 0x13, 0x13, 0x16, 0x16, 0x16,
    0x16, 0x17, 0x17, 0x1c, 0x22, 0x24, 0x28, 0x26, 0x2e, 0x35, 0x35, 0x40,
    0x28, 0x33, 0x2b, 0x4b, 0x54, 0x26, 0x3d, 0x34, 0x34, 0x2d, 0x41, 0x34,
    0x37, 0x48, 0x44, 0x2b, 0x2b, 0x2b, 0x2b, 0x2b, 0x35, 0x35, 0x35, 0x35,
    0x35, 0x46, 0x46, 0x46, 0x46, 0x46, 0x35, 0x35, 0x46, 0x24, 0x20, 0x0e,
    0x09, 0x11, 0x1b, 0x4f, 0x53, 0x6a, 0x52, 0xb3, 0xb3, 0x6c, 0x6c, 0x6c,
    0xb2, 0xb2, 0xb2, 0xb2, 0xb2, 0xb2, 0xa6, 0xa6, 0x42, 0x42, 0x37, 0x37,
    0xa6, 0xbe, 0xb3, 0xb3, 0xb3, 0xb3, 0xb3, 0xb3, 0xb3, 0xb3, 0xb1, 0x2d,
    0x2d, 0x6c, 0x6c, 0x6c, 0x6c, 0xc7, 0x6c, 0xc7, 0xc7, 0xc7, 0xc7, 0x52,
    0x52, 0x52, 0x52, 0x52, 0x52, 0x52, 0x52, 0x52, 0x52, 0x52, 0x52, 0xb2,
    0x34, 0x23, 0x44, 0x28, 0x17, 0x09, 0x57, 0x4d, 0x4d, 0x45, 0x45, 0x45,
    0x45, 0x45, 0x45, 0x4d, 0x4d, 0x4d, 0x4e, 0x4e, 0x0e, 0x0e, 0x0e, 0x39,
    0xcb, 0x30, 0x29, 0x68, 0x66, 0x62, 0x5e, 0x5a, 0x5a, 0x5a, 0x5a, 0x5a,
    0x5d, 0x5d, 0x5e, 0x5e, 0x5e, 0x5e, 0x5e, 0x5e, 0x5e, 0x5e, 0x5e, 0x5e,
    0x5e, 0x5e, 0x5e, 0x60, 0x61, 0x62, 0x62, 0x64, 0x65, 0x66, 0x66, 0x67,
    0x67, 0x67, 0x67, 0x69, 0x9b, 0x63, 0x62, 0x63, 0x62, 0x62, 0x62, 0x62,
    0x60, 0x60, 0x60, 0x60, 0x60, 0x61, 0x61, 0x62, 0x62, 0x62, 0x63, 0x63,
    0x63, 0x64, 0x64, 0x64, 0x64, 0x64, 0x64, 0x64, 0xc9, 0xcc, 0xce, 0xce,
    0x3f, 0xcf, 0x00, 0x00, 0x00, 0x00, 0x00, 0x00, 0x00, 0x00, 0x00, 0x00,
    0x00, 0x00, 0x00, 0x00, 0x00, 0x00, 0x00, 0x00, 0x00, 0x00, 0x00, 0x00,
    0x00, 0x00, 0x00, 0x00, 0x00, 0x00, 0x00, 0x00, 0x00, 0x00, 0x00, 0x00,
    0x00, 0x00, 0x00, 0x00, 0x00, 0x00, 0x00, 0x00, 0x00, 0x00, 0x00, 0x00,
    0x07, 0x0e, 0x11, 0x11, 0x11, 0x13, 0x16, 0x16, 0x16, 0x16, 0x17, 0x17,
    0x17, 0x17, 0x17, 0x17, 0x1b, 0x17, 0x17, 0x17, 0x17, 0x17, 0x16, 0x19,
    0x11, 0x11, 0x0a, 0x49, 0x0a, 0x0b, 0x09, 0x09, 0x45, 0x4d, 0x57, 0x09,
    0x09, 0x0e, 0x0a, 0x11, 0x17, 0x11, 0x13, 0x13, 0x16, 0x16, 0x17, 0x1c,
    0x21, 0x23, 0x24, 0x28, 0x28, 0x25, 0x24, 0x24, 0x24, 0x23, 0x2d, 0x54,
    0x3d, 0x24, 0x2d, 0x53, 0x4b, 0x27, 0x3d, 0x4c, 0x34, 0x34, 0x41, 0x4b,
    0x30, 0x59, 0x44, 0x2b, 0x2b, 0x2b, 0x2b, 0x2b, 0x2b, 0x2b, 0x35, 0x35,
    0x35, 0x35, 0x35, 0x46, 0x46, 0x35, 0x35, 0x35, 0x46, 0x24, 0x17, 0x0e,
    0x0f, 0x11, 0x23, 0x54, 0x53, 0x6a, 0x52, 0xb3, 0xb3, 0x6c, 0x6c, 0xb2,
    0xb2, 0xb2, 0xb2, 0x6c, 0xb2, 0xb2, 0xa6, 0xa6, 0x42, 0x42, 0x37, 0x37,
    0xa6, 0xb2, 0xb3, 0xb3, 0xbe, 0xb3, 0xb3, 0xb3, 0xb3, 0xb3, 0xb1, 0x2d,
    0x2d, 0x6c, 0x6c, 0x6c, 0x6c, 0x6c, 0xc7, 0xc7, 0x6c, 0xc7, 0xc7, 0xc7,
    0xc7, 0x52, 0x52, 0x52, 0x52, 0x52, 0x52, 0x52, 0x52, 0x52, 0x52, 0xb2,
    0x54, 0x22, 0x2c, 0x27, 0x20, 0x49, 0x0e, 0x39, 0x4d, 0x45, 0x45, 0x45,
    0x45, 0x4d, 0x45, 0x45, 0x4d, 0x4d, 0x4e, 0x4e, 0x0e, 0x09, 0x0e, 0x0e,
    0xca, 0x3c, 0x31, 0x68, 0x68, 0x63, 0x5e, 0x5a, 0x5a, 0x5a, 0x5a, 0x5a,
    0x5a, 0x5d, 0x5a, 0x5d, 0x5e, 0x5e, 0x5e, 0x5e, 0x5e, 0x5e, 0x5e, 0x5e,
    0x5e, 0x5e, 0x5e, 0x5e, 0x60, 0x61, 0x62, 0x63, 0x64, 0x93, 0x66, 0x67,
    0x67, 0x67, 0x67, 0x9b, 0x69, 0x63, 0xc8, 0x62, 0x62, 0x62, 0x62, 0x62,
    0x61, 0x61, 0x61, 0x61, 0x61, 0x61, 0x61, 0x62, 0x62, 0x62, 0x63, 0x63,
    0x64, 0x64, 0x64, 0x64, 0x64, 0x64, 0x64, 0x64, 0xca, 0xcb, 0xce, 0xce,
    0x3f, 0x3e, 0x00, 0x00, 0x00, 0x00, 0x00, 0x00, 0x00, 0x00, 0x00, 0x00,
    0x00, 0x00, 0x00, 0x00, 0x00, 0x00, 0x00, 0x00, 0x00, 0x00, 0x00, 0x00,
    0x00, 0x00, 0x00, 0x00, 0x00, 0x00, 0x00, 0x00, 0x00, 0x00, 0x00, 0x00,
    0x00, 0x00, 0x00, 0x00, 0x00, 0x00, 0x00, 0x00, 0x00, 0x00, 0x00, 0x00,
    0x01, 0x06, 0x11, 0x11, 0x11, 0x13, 0x16, 0x16, 0x16, 0x16, 0x17, 0x17,
    0x17, 0x17, 0x17, 0x17, 0x17, 0x17, 0x17, 0x17, 0x17, 0x17, 0x13, 0x11,
    0x11, 0x11, 0x11, 0x0a, 0x0a, 0x0a, 0x49, 0x09, 0x56, 0x4e, 0x09, 0x09,
    0x09, 0x0a, 0x0a, 0x19, 0x17, 0x11, 0x17, 0x1c, 0x1e, 0x1f, 0x23, 0x23,
    0x33, 0x23, 0x22, 0x1e, 0x1e, 0x1f, 0x33, 0x24, 0x24, 0x24, 0x34, 0x4b,
    0x27, 0x28, 0x2c, 0x4b, 0x4b, 0x27, 0x28, 0x2d, 0x34, 0x2c, 0x6f, 0x37,
    0x3c, 0x41, 0x2c, 0x2b, 0x2b, 0x2b, 0x2b, 0x2b, 0x2b, 0x2b, 0x2b, 0x35,
    0x35, 0x35, 0x35, 0x35, 0x35, 0x35, 0x2b, 0x2b, 0x27, 0x33, 0x16, 0x0e,
    0x15, 0x0a, 0x41, 0x54, 0x55, 0x50, 0xb3, 0xb3, 0x6c, 0xb2, 0xb2, 0xb2,
    0xb2, 0xb2, 0xb2, 0xb2, 0xb2, 0xb2, 0xa6, 0xa6, 0x42, 0x42, 0x37, 0x37,
    0xa6, 0xb2, 0xb3, 0xb3, 0xbe, 0x6c, 0x6c, 0x6c, 0xb3, 0xb3, 0xb1, 0x2d,
    0x2d, 0x51, 0x6c, 0x6c, 0x6c, 0x6c, 0x6c, 0x6c, 0x6c, 0x6c, 0x6c, 0xc7,
    0xc7, 0x52, 0x52, 0x52, 0x52, 0x52, 0x52, 0x52, 0x52, 0x52, 0x52, 0x6c,
    0x55, 0x23, 0x35, 0x2b, 0x1e, 0x0a, 0x09, 0x39, 0x4d, 0x45, 0x45, 0x45,
    0x45, 0x4d, 0x4d, 0x45, 0x4d, 0x4d, 0x4e, 0x57, 0x0e, 0x0e, 0x09, 0x09,
    0x6d, 0x29, 0x30, 0xca, 0x68, 0x64, 0x60, 0x5a, 0x5a, 0x58, 0x58, 0x5a,
    0x5a, 0x5a, 0x5a, 0x5d, 0x5d, 0x5d, 0x5e, 0x5e, 0x5e, 0x5d, 0x5d, 0x5d,
    0x5d, 0x5e, 0x5e, 0x5e, 0x5e, 0x60, 0x62, 0x63, 0x64, 0x65, 0x66, 0x67,
    0x67, 0x67, 0x67, 0x67, 0x69, 0x64, 0x5e, 0x60, 0x62, 0x62, 0x62, 0x62,
    0x61, 0x61, 0x62, 0x62, 0x62, 0x62, 0x62, 0x62, 0x62, 0x63, 0x63, 0x63,
    0x64, 0x64, 0x64, 0x64, 0x64, 0x64, 0x64, 0x64, 0xca, 0xcb, 0xce, 0x47,
    0x3f, 0xd0, 0x00, 0x00, 0x00, 0x00, 0x00, 0x00, 0x00, 0x00, 0x00, 0x00,
    0x00, 0x00, 0x00, 0x00, 0x00, 0x00, 0x00, 0x00, 0x00, 0x00, 0x00, 0x00,
    0x00, 0x00, 0x00, 0x00, 0x00, 0x00, 0x00, 0x00, 0x00, 0x00, 0x00, 0x00,
    0x00, 0x00, 0x00, 0x00, 0x00, 0x00, 0x00, 0x00, 0x00, 0x00, 0x00, 0x00,
    0x00, 0x05, 0x11, 0x11, 0x11, 0x13, 0x13, 0x16, 0x16, 0x16, 0x17, 0x17,
    0x17, 0x17, 0x17, 0x17, 0x17, 0x17, 0x17, 0x17, 0x17, 0x16, 0x13, 0x11,
    0x11, 0x11, 0x11, 0x11, 0x0a, 0x0a, 0x0a, 0x09, 0x4d, 0x09, 0x09, 0x09,
    0x09, 0x0a, 0x0a, 0x16, 0x17, 0x1c, 0x24, 0x23, 0x23, 0x1f, 0x1e, 0x1c,
    0x1c, 0x1e, 0x1e, 0x3a, 0x1f, 0x23, 0x24, 0x25, 0x28, 0x24, 0x34, 0x4b,
    0x2e, 0x28, 0x2c, 0x53, 0x4b, 0x2e, 0x28, 0x2d, 0x4f, 0x2c, 0x31, 0x37,
    0x2a, 0x44, 0x2c, 0x2b, 0x2b, 0x2b, 0x2b, 0x2b, 0x2b, 0x2b, 0x2b, 0x2b,
    0x2b, 0x35, 0x35, 0x35, 0x35, 0x35, 0x2b, 0x2b, 0x3d, 0x22, 0x11, 0x39,
    0x15, 0x11, 0x4c, 0x53, 0x55, 0x6e, 0xb3, 0x6c, 0x6c, 0xb2, 0xb2, 0xb2,
    0xb2, 0xb2, 0xb2, 0xb2, 0xb2, 0xa6, 0xa6, 0xa6, 0x42, 0x42, 0x37, 0x37,
    0xa6, 0xb2, 0xbe, 0xbe, 0xbe, 0x6c, 0x6c, 0x6c, 0xb3, 0xb3, 0xb1, 0x2d,
    0x2d, 0x6c, 0xb2, 0x6c, 0x6c, 0x6c, 0x6c, 0x6c, 0x6c, 0x6c, 0x6c, 0x6c,
    0xc7, 0x52, 0x52, 0x52, 0x52, 0x52, 0x52, 0x52, 0x52, 0x52, 0x52, 0x6c,
    0x52, 0x28, 0x26, 0x2c, 0x1f, 0x11, 0x0e, 0x39, 0x4d, 0x45, 0x45, 0x45,
    0x45, 0x45, 0x4d, 0x4d, 0x4d, 0x4d, 0x4e, 0x57, 0x0e, 0x0e, 0x09, 0x0e,
    0x39, 0xcb, 0x30, 0x29, 0x68, 0x65, 0x60, 0x6b, 0x5a, 0x58, 0x58, 0x58,
    0x5a, 0x5a, 0x5a, 0x5a, 0x5d, 0x5d, 0x5d, 0x5d, 0x5e, 0x5d, 0x5d, 0x5a,
    0x5a, 0x5d, 0x5d, 0x5e, 0x5e, 0x5e, 0x61, 0x62, 0x64, 0x65, 0x66, 0x67,
    0x67, 0x67, 0x67, 0x66, 0x69, 0x93, 0x5a, 0x5e, 0x60, 0x62, 0x62, 0x62,
    0x62, 0x62, 0x62, 0x62, 0x62, 0x62, 0x62, 0x62, 0x62, 0x63, 0x63, 0x64,
    0x64, 0x64, 0x64, 0x64, 0x64, 0x64, 0x64, 0xc9, 0xca, 0xc3, 0xce, 0x47,
    0x3f, 0xd1, 0x00, 0x00, 0x00, 0x00, 0x00, 0x00, 0x00, 0x00, 0x00, 0x00,
    0x00, 0x00, 0x00, 0x00, 0x00, 0x00, 0x00, 0x00, 0x00, 0x00, 0x00, 0x00,
    0x00, 0x00, 0x00, 0x00, 0x00, 0x00, 0x00, 0x00, 0x00, 0x00, 0x00, 0x00,
    0x00, 0x00, 0x00, 0x00, 0x00, 0x00, 0x00, 0x00, 0x00, 0x00, 0x00, 0x00,
    0x00, 0x04, 0x11, 0x11, 0x11, 0x13, 0x13, 0x16, 0x16, 0x16, 0x17, 0x17,
    0x17, 0x17, 0x17, 0x17, 0x17, 0x17, 0x17, 0x17, 0x16, 0x16, 0x13, 0x11,
    0x11, 0x11, 0x11, 0x11, 0x11, 0x11, 0x11, 0x0e, 0x4d, 0x09, 0x09, 0x09,
    0x0b, 0x0a, 0x11, 0x16, 0x1e, 0x33, 0x23, 0x21, 0x1e, 0x1e, 0x1e, 0x1e,
    0x3a, 0x1e, 0x1f, 0x22, 0x22, 0x23, 0x24, 0x28, 0x4a, 0x25, 0x34, 0x4b,
    0x35, 0x4a, 0x2c, 0x53, 0x53, 0x2c, 0x27, 0x44, 0x4f, 0x2d, 0x4b, 0x30,
    0x59, 0x44, 0x2b, 0x2b, 0x2b, 0x2b, 0x2b, 0x2b, 0x2b, 0x2b, 0x2b, 0x2b,
    0x35, 0x35, 0x35, 0x35, 0x35, 0x35, 0x2b, 0x2b, 0x26, 0x3a, 0x0a, 0x0e,
    0x15, 0x15, 0x2d, 0x53, 0x6a, 0x6e, 0xb3, 0x6c, 0x6c, 0xb2, 0xb2, 0xb2,
    0xb2, 0xb2, 0xb2, 0xb2, 0xa6, 0xa6, 0xa6, 0xa6, 0x42, 0x42, 0x37, 0x37,
    0xad, 0xb2, 0xbe, 0xbe, 0xbe, 0x6c, 0xbe, 0x6c, 0xb3, 0xb3, 0xb1, 0x2d,
    0x2d, 0xc7, 0x6c, 0x6c, 0x6c, 0x6c, 0x6c, 0x6c, 0x6c, 0x6c, 0x6c, 0xc7,
    0xc7, 0xc7, 0x52, 0x52, 0x52, 0x52, 0x52, 0x52, 0x52, 0x52, 0x52, 0x52,
    0x6c, 0x2b, 0x24, 0x2c, 0x33, 0x19, 0x0b, 0x4e, 0x4d, 0x45, 0x45, 0x45,
    0x45, 0x4d, 0x4d, 0x45, 0x4d, 0x4d, 0x4d, 0x57, 0x0e, 0x0e, 0x0e, 0x0e,
    0x09, 0xca, 0x3c, 0x38, 0x68, 0x68, 0x62, 0x6b, 0x58, 0x58, 0x58, 0x58,
    0x5a, 0x5a, 0x5a, 0x5a, 0x5a, 0x5d, 0x5d, 0x5d, 0x5d, 0x5d, 0x5f, 0x5a,
    0x5a, 0x5a, 0x5d, 0x5d, 0x5e, 0x5e, 0x60, 0x61, 0x63, 0x65, 0x66, 0x67,
    0x67, 0x67, 0x67, 0x66, 0x67, 0x67, 0x45, 0x5a, 0x5e, 0x60, 0x62, 0x62,
    0x61, 0x62, 0x62, 0x62, 0x62, 0x62, 0x62, 0x62, 0x63, 0x63, 0x63, 0x64,
    0x64, 0x64, 0x64, 0x64, 0x64, 0x64, 0x64, 0xc9, 0xca, 0xce, 0xce, 0x47,
    0x3f, 0x2f, 0x00, 0x00, 0x00, 0x00, 0x00, 0x00, 0x00, 0x00, 0x00, 0x00,
    0x00, 0x00, 0x00, 0x00, 0x00, 0x00, 0x00, 0x00, 0x00, 0x00, 0x00, 0x00,
    0x00, 0x00, 0x00, 0x00, 0x00, 0x00, 0x00, 0x00, 0x00, 0x00, 0x00, 0x00,
    0x00, 0x00, 0x00, 0x00, 0x00, 0x00, 0x00, 0x00, 0x00, 0x00, 0x00, 0x00,
    0x00, 0x03, 0x11, 0x11, 0x11, 0x13, 0x13, 0x16, 0x16, 0x16, 0x17, 0x17,
    0x17, 0x17, 0x17, 0x17, 0x17, 0x17, 0x17, 0x17, 0x16, 0x16, 0x13, 0x18,
    0x11, 0x11, 0x11, 0x11, 0x11, 0x19, 0x11, 0x4d, 0x0e, 0x0b, 0x09, 0x09,
    0x0b, 0x11, 0x11, 0x17, 0x1e, 0x23, 0x23, 0x23, 0x23, 0x1f, 0x1f, 0x1f,
    0x1f, 0x23, 0x23, 0x23, 0x23, 0x24, 0x24, 0x4a, 0x3d, 0x28, 0x34, 0x53,
    0x40, 0x26, 0x2b, 0x55, 0x55, 0x2c, 0x46, 0x2d, 0x54, 0x44, 0x37, 0x6f,
    0x35, 0x2c, 0x2b, 0x2b, 0x2b, 0x2b, 0x2b, 0x2b, 0x2b, 0x2b, 0x2b, 0x2b,
    0x35, 0x35, 0x35, 0x35, 0x35, 0x2b, 0x2b, 0x2b, 0x4a, 0x1e, 0x0b, 0x09,
    0x15, 0x17, 0x34, 0x53, 0x6a, 0x52, 0xb3, 0x6c, 0x6c, 0xb2, 0xb2, 0xb2,
    0xb2, 0xb2, 0xb2, 0xa6, 0xb2, 0xa6, 0xa6, 0xa6, 0x42, 0x42, 0x37, 0x37,
    0xad, 0xb2, 0xbe, 0xbe, 0xbe, 0xbe, 0xbe, 0x6c, 0xb3, 0xb3, 0xb1, 0x2d,
    0x2d, 0x52, 0x6c, 0x6c, 0x6c, 0x6c, 0x6c, 0x6c, 0x6c, 0x6c, 0x6c, 0xc7,
    0xc7, 0xc7, 0x52, 0x52, 0x52, 0x52, 0x52, 0x52, 0x52, 0x52, 0x52, 0x52,
    0xb2, 0x34, 0x23, 0x2c, 0x25, 0x16, 0x0b, 0x57, 0x4d, 0x4d, 0x45, 0x45,
    0x45, 0x4d, 0x4d, 0x45, 0x4d, 0x4d, 0x4d, 0x57, 0x0e, 0x0e, 0x0e, 0x0e,
    0x09, 0x5a, 0x29, 0x30, 0xc9, 0x68, 0x63, 0x6b, 0x5a, 0x58, 0x58, 0x58,
    0x58, 0x5a, 0x5a, 0x5a, 0x5a, 0x5a, 0x5d, 0x5a, 0x5a, 0x5a, 0x5a, 0x5a,
    0x5a, 0x5a, 0x5a, 0x5d, 0x5d, 0x5e, 0x5e, 0x61, 0x63, 0x64, 0x93, 0x67,
    0x67, 0x67, 0x67, 0x66, 0x66, 0x69, 0x58, 0x4d, 0x5e, 0x5e, 0x61, 0x62,
    0x62, 0x62, 0x62, 0x62, 0x62, 0x62, 0x63, 0x63, 0x63, 0x63, 0x64, 0x64,
    0x64, 0x64, 0x65, 0x64, 0x64, 0x64, 0x64, 0xc9, 0xcc, 0xce, 0xce, 0x3f,
    0x5b, 0x01, 0x00, 0x00, 0x00, 0x00, 0x00, 0x00, 0x00, 0x00, 0x00, 0x00,
    0x00, 0x00, 0x00, 0x00, 0x00, 0x00, 0x00, 0x00, 0x00, 0x00, 0x00, 0x00,
    0x00, 0x00, 0x00, 0x00, 0x00, 0x00, 0x00, 0x00, 0x00, 0x00, 0x00, 0x00,
    0x00, 0x00, 0x00, 0x00, 0x00, 0x00, 0x00, 0x00, 0x00, 0x00, 0x00, 0x00,
    0x00, 0x10, 0x0a, 0x11, 0x11, 0x13, 0x13, 0x16, 0x16, 0x17, 0x17, 0x17,
    0x17, 0x17, 0x17, 0x17, 0x17, 0x17, 0x17, 0x17, 0x16, 0x16, 0x13, 0x13,
    0x11, 0x11, 0x11, 0x13, 0x16, 0x16, 0x0a, 0x4d, 0x09, 0x0a, 0x0f, 0x0a,
    0x0a, 0x11, 0x19, 0x20, 0x3a, 0x23, 0x33, 0x33, 0x23, 0x23, 0x23, 0x23,
    0x23, 0x23, 0x23, 0x33, 0x23, 0x24, 0x28, 0x26, 0x3d, 0x4a, 0x34, 0x55,
    0x2b, 0x26, 0x35, 0x53, 0x55, 0x2d, 0x27, 0x2d, 0x54, 0x34, 0x37, 0x48,
    0x44, 0x2c, 0x2b, 0x2b, 0x2b, 0x2b, 0x2b, 0x2b, 0x2b, 0x2b, 0x2b, 0x2b,
    0x35, 0x35, 0x35, 0x35, 0x2b, 0x2b, 0x2b, 0x2b, 0x24, 0x20, 0x0e, 0x0b,
    0x11, 0x21, 0x4f, 0x53, 0x6a, 0x52, 0x6c, 0xb2, 0xb2, 0xb2, 0xb2, 0xb2,
    0xb2, 0xb2, 0xb2, 0xb2, 0xb2, 0xb2, 0xa6, 0xa6, 0x42, 0x42, 0x37, 0x37,
    0xad, 0xb2, 0x6c, 0xbe, 0xbe, 0xbe, 0xbe, 0x6c, 0x6c, 0xb3, 0xad, 0x2d,
    0x44, 0x52, 0x6c, 0x6c, 0x6c, 0x6c, 0x6c, 0x6c, 0x6c, 0x6c, 0xc7, 0xc7,
    0xc7, 0xc7, 0x52, 0x52, 0x52, 0x52, 0x52, 0x52, 0x52, 0x52, 0x52, 0x52,
    0xb2, 0x54, 0x22, 0x2c, 0x3d, 0x17, 0x0a, 0x0e, 0x4d, 0x4d, 0x45, 0x45,
    0x45, 0x4d, 0x4d, 0x4d, 0x4d, 0x4d, 0x4d, 0x4e, 0x0e, 0x0e, 0x0e, 0x0e,
    0x0e, 0x39, 0xcb, 0x30, 0x32, 0x68, 0x64, 0x5e, 0x5a, 0x58, 0x58, 0x58,
    0x58, 0x58, 0x58, 0x5a, 0x5a, 0x5a, 0x5a, 0x5a, 0x5a, 0x5a, 0x5a, 0x5a,
    0x5a, 0x5a, 0x5a, 0x5a, 0x5a, 0x5d, 0x5e, 0x61, 0x63, 0x64, 0x65, 0x67,
    0x67, 0x67, 0x67, 0x66, 0x65, 0x69, 0x62, 0x0a, 0x5d, 0x5e, 0x60, 0x62,
    0x62, 0x62, 0x62, 0x62, 0x62, 0x62, 0x63, 0x63, 0x63, 0x64, 0x64, 0x64,
    0x64, 0x64, 0x64, 0x64, 0x64, 0x64, 0x64, 0xc9, 0xcc, 0xce, 0x47, 0x3f,
    0x36, 0x00, 0x00, 0x00, 0x00, 0x00, 0x00, 0x00, 0x00, 0x00, 0x00, 0x00,
    0x00, 0x00, 0x00, 0x00, 0x00, 0x00, 0x00, 0x00, 0x00, 0x00, 0x00, 0x00,
    0x00, 0x00, 0x00, 0x00, 0x00, 0x00, 0x00, 0x00, 0x00, 0x00, 0x00, 0x00,
    0x00, 0x00, 0x00, 0x00, 0x00, 0x00, 0x00, 0x00, 0x00, 0x00, 0x00, 0x00,
    0x00, 0x12, 0x09, 0x11, 0x11, 0x13, 0x16, 0x16, 0x16, 0x17, 0x17, 0x17,
    0x17, 0x17, 0x17, 0x17, 0x17, 0x17, 0x17, 0x17, 0x16, 0x16, 0x16, 0x13,
    0x13, 0x11, 0x19, 0x17, 0x17, 0x16, 0x0b, 0x4d, 0x0a, 0x49, 0x0a, 0x0a,
    0x11, 0x11, 0x16, 0x1c, 0x1f, 0x23, 0x33, 0x24, 0x33, 0x23, 0x23, 0x23,
    0x33, 0x33, 0x33, 0x24, 0x33, 0x24, 0x28, 0x3d, 0x27, 0x26, 0x2d, 0x55,
    0x2c, 0x26, 0x35, 0x53, 0x55, 0x2d, 0x3d, 0x2d, 0x34, 0x4b, 0x30, 0x59,
    0x44, 0x2b, 0x2b, 0x2b, 0x2b, 0x2b, 0x2b, 0x2b, 0x2b, 0x2b, 0x2b, 0x2b,
    0x35, 0x35, 0x35, 0x35, 0x2b, 0x2b, 0x2b, 0x2b, 0x24, 0x17, 0x09, 0x0a,
    0x0a, 0x24, 0x54, 0x55, 0x6e, 0x52, 0x6c, 0xb2, 0xb2, 0xb2, 0xb2, 0xb2,
    0xb2, 0xb2, 0xb2, 0xb2, 0xb2, 0xa6, 0xa6, 0xa6, 0x42, 0x42, 0x37, 0x37,
    0xad, 0xb2, 0x6c, 0xb2, 0xb2, 0xb2, 0xb2, 0x6c, 0x6c, 0xb3, 0xad, 0x2d,
    0x2d, 0x52, 0xb2, 0x6c, 0x6c, 0x6c, 0x6c, 0x6c, 0x6c, 0x6c, 0xc7, 0xc7,
    0xc7, 0x52, 0x52, 0x52, 0x52, 0x52, 0x52, 0x52, 0x52, 0x52, 0x52, 0x52,
    0xb2, 0x55, 0x33, 0x40, 0x35, 0x20, 0x0a, 0x09, 0x4e, 0x4d, 0x4d, 0x45,
    0x45, 0x4d, 0x4d, 0x4d, 0x4d, 0x4d, 0x57, 0x57, 0x57, 0x0e, 0x0e, 0x0e,
    0x0e, 0x09, 0xca, 0x38, 0x38, 0x68, 0x66, 0x60, 0x5a, 0x58, 0x58, 0x58,
    0x58, 0x58, 0x58, 0x5a, 0x5a, 0x5a, 0x5a, 0x5a, 0x5a, 0x5a, 0x5a, 0x5a,
    0x5a, 0x5a, 0x5a, 0x5a, 0x5a, 0x5a, 0x5d, 0x5e, 0x62, 0x63, 0x64, 0x66,
    0x67, 0x67, 0x66, 0x66, 0x65, 0x66, 0x67, 0x0a, 0x58, 0x5f, 0x5e, 0x61,
    0x61, 0x62, 0x62, 0x62, 0x62, 0x62, 0x63, 0x63, 0x63, 0x64, 0x64, 0x64,
    0x64, 0x65, 0x64, 0x64, 0x64, 0x64, 0x64, 0xc9, 0xcb, 0xce, 0x47, 0x3f,
    0x3e, 0x00, 0x00, 0x00, 0x00, 0x00, 0x00, 0x00, 0x00, 0x00, 0x00, 0x00,
    0x00, 0x00, 0x00, 0x00, 0x00, 0x00, 0x00, 0x00, 0x00, 0x00, 0x00, 0x00,
    0x00, 0x00, 0x00, 0x00, 0x00, 0x00, 0x00, 0x00, 0x00, 0x00, 0x00, 0x00,
    0x00, 0x00, 0x00, 0x00, 0x00, 0x00, 0x00, 0x00, 0x00, 0x00, 0x00, 0x00,
    0x00, 0x0c, 0x06, 0x11, 0x11, 0x13, 0x13, 0x16, 0x16, 0x17, 0x17, 0x17,
    0x17, 0x17, 0x17, 0x17, 0x17, 0x17, 0x17, 0x17, 0x17, 0x16, 0x16, 0x16,
    0x16, 0x16, 0x16, 0x1a, 0x17, 0x16, 0x09, 0x09, 0x0a, 0x0a, 0x11, 0x11,
    0x0a, 0x19, 0x17, 0x1e, 0x23, 0x23, 0x24, 0x24, 0x24, 0x24, 0x33, 0x24,
    0x24, 0x24, 0x24, 0x24, 0x24, 0x24, 0x28, 0x27, 0x46, 0x3d, 0x2d, 0x55,
    0x2c, 0x26, 0x35, 0x53, 0x55, 0x2d, 0x2e, 0x2d, 0x34, 0x4b, 0x31, 0x41,
    0x2c, 0x2b, 0x2b, 0x2b, 0x2b, 0x2b, 0x2b, 0x2b, 0x2b, 0x2b, 0x2b, 0x2b,
    0x35, 0x35, 0x35, 0x35, 0x2b, 0x2b, 0x2b, 0x35, 0x33, 0x16, 0x39, 0x15,
    0x0a, 0x27, 0x54, 0x55, 0x6e, 0xb3, 0xb2, 0xb2, 0xb2, 0xb2, 0xb2, 0xb2,
    0xb2, 0xb2, 0xb2, 0xb2, 0xb2, 0xb2, 0xa6, 0xa6, 0x42, 0x42, 0x37, 0x37,
    0xad, 0xb2, 0xb2, 0xb2, 0xb2, 0xb2, 0xb2, 0xb2, 0x6c, 0xb3, 0xad, 0x2d,
    0x2d, 0x52, 0xb2, 0x6c, 0x6c, 0x6c, 0x6c, 0x6c, 0x6c, 0x6c, 0xc7, 0xc7,
    0xc7, 0xc7, 0x52, 0x52, 0x52, 0x52, 0x52, 0x52, 0x52, 0x52, 0x52, 0x52,
    0x51, 0x50, 0x24, 0x27, 0x2b, 0x1e, 0x0a, 0x09, 0x4e, 0x4d, 0x45, 0x45,
    0x45, 0x4d, 0x4d, 0x4d, 0x4d, 0x4d, 0x4e, 0x57, 0x0e, 0x0e, 0x0e, 0x0e,
    0x0e, 0x0e, 0x5a, 0x47, 0x30, 0xc9, 0x68, 0x60, 0x6b, 0x58, 0x58, 0x5c,
    0x5c, 0x58, 0x58, 0x5a, 0x5a, 0x5a, 0x5a, 0x5a, 0x5a, 0x5a, 0x5a, 0x5a,
    0x5a, 0x58, 0x58, 0x5a, 0x5a, 0x5a, 0x5f, 0x5e, 0x60, 0x63, 0x64, 0x66,
    0x67, 0x67, 0x66, 0x66, 0x65, 0x64, 0xa9, 0x4e, 0x09, 0x5f, 0x5d, 0x60,
    0xc8, 0xc8, 0x62, 0x62, 0x62, 0x62, 0x63, 0x63, 0x63, 0x64, 0x64, 0x64,
    0x64, 0x64, 0x64, 0x64, 0x64, 0x64, 0xc9, 0xca, 0xcb, 0x32, 0x47, 0x3f,
    0xd0, 0x00, 0x00, 0x00, 0x00, 0x00, 0x00, 0x00, 0x00, 0x00, 0x00, 0x00,
    0x00, 0x00, 0x00, 0x00, 0x00, 0x00, 0x00, 0x00, 0x00, 0x00, 0x00, 0x00,
    0x00, 0x00, 0x00, 0x00, 0x00, 0x00, 0x00, 0x00, 0x00, 0x00, 0x00, 0x00,
    0x00, 0x00, 0x00, 0x00, 0x00, 0x00, 0x00, 0x00, 0x00, 0x00, 0x00, 0x00,
    0x00, 0x00, 0x05, 0x13, 0x11, 0x11, 0x13, 0x16, 0x16, 0x17, 0x17, 0x17,
    0x17, 0x17, 0x17, 0x17, 0x17, 0x17, 0x17, 0x17, 0x17, 0x17, 0x17, 0x16,
    0x16, 0x16, 0x17, 0x1a, 0x20, 0x16, 0x09, 0x0b, 0x0a, 0x11, 0x11, 0x11,
    0x11, 0x13, 0x1a, 0x1e, 0x23, 0x24, 0x24, 0x24, 0x24, 0x24, 0x24, 0x24,
    0x24, 0x24, 0x24, 0x24, 0x24, 0x28, 0x3d, 0x35, 0x35, 0x27, 0x2d, 0x55,
    0x2d, 0x26, 0x2e, 0x4b, 0x6a, 0x4f, 0x35, 0x34, 0x4b, 0x37, 0x3c, 0x44,
    0x2c, 0x2b, 0x2b, 0x2b, 0x2b, 0x2b, 0x2b, 0x2b, 0x2b, 0x2b, 0x2b, 0x2b,
    0x2b, 0x35, 0x35, 0x2b, 0x2b, 0x2b, 0x2b, 0x27, 0x23, 0x19, 0x39, 0x13,
    0x0a, 0x2c, 0x53, 0x6a, 0x52, 0xb3, 0xb2, 0xb2, 0xb2, 0xae, 0xae, 0xb2,
    0xb2, 0xb2, 0xb2, 0xb2, 0xb2, 0xb2, 0xa6, 0xa6, 0x42, 0x42, 0x37, 0x37,
    0xad, 0xa6, 0xb2, 0xb2, 0xb2, 0xb2, 0xb2, 0xb2, 0x6c, 0xbe, 0xad, 0x2d,
    0x2d, 0x52, 0xb2, 0x6c, 0x6c, 0x6c, 0x6c, 0x6c, 0x6c, 0x6c, 0xc7, 0xc7,
    0xc7, 0x52, 0x52, 0x52, 0x52, 0x52, 0x52, 0x52, 0x52, 0x52, 0x52, 0x52,
    0x52, 0x6c, 0x35, 0x28, 0x2c, 0x23, 0x11, 0x09, 0x4e, 0x4d, 0x4d, 0x45,
    0x45, 0x4d, 0x4d, 0x45, 0x4d, 0x4d, 0x4e, 0x57, 0x57, 0x0e, 0x0e, 0x0e,
    0x0e, 0x0e, 0x39, 0xc3, 0x30, 0x32, 0x68, 0x63, 0x6b, 0x58, 0x5c, 0x58,
    0x58, 0x5c, 0x58, 0x58, 0x58, 0x5a, 0x5a, 0x5a, 0x5a, 0x5a, 0x5a, 0x5a,
    0x58, 0x58, 0x58, 0x58, 0x58, 0x58, 0x5a, 0x5d, 0x5e, 0x62, 0x64, 0x65,
    0x67, 0x67, 0x67, 0x66, 0x65, 0x64, 0x67, 0x5f, 0x17, 0x5a, 0x5a, 0x60,
    0x61, 0x61, 0x61, 0x62, 0x62, 0x62, 0x63, 0x63, 0x64, 0x64, 0x64, 0x64,
    0x64, 0x64, 0x64, 0x64, 0x64, 0x64, 0xc9, 0xca, 0xc3, 0x47, 0x3f, 0x48,
    0x2f, 0x00, 0x00, 0x00, 0x00, 0x00, 0x00, 0x00, 0x00, 0x00, 0x00, 0x00,
    0x00, 0x00, 0x00, 0x00, 0x00, 0x00, 0x00, 0x00, 0x00, 0x00, 0x00, 0x00,
    0x00, 0x00, 0x00, 0x00, 0x00, 0x00, 0x00, 0x00, 0x00, 0x00, 0x00, 0x00,
    0x00, 0x00, 0x00, 0x00, 0x00, 0x00, 0x00, 0x00, 0x00, 0x00, 0x00, 0x00,
    0x00, 0x00, 0x03, 0x15, 0x11, 0x13, 0x13, 0x16, 0x17, 0x17, 0x17, 0x17,
    0x17, 0x17, 0x17, 0x17, 0x17, 0x17, 0x17, 0x17, 0x17, 0x17, 0x17, 0x16,
    0x16, 0x16, 0x1a, 0x1e, 0x1c, 0x11, 0x57, 0x11, 0x11, 0x11, 0x11, 0x11,
    0x11, 0x16, 0x1c, 0x22, 0x33, 0x24, 0x24, 0x25, 0x24, 0x24, 0x24, 0x24,
    0x24, 0x24, 0x25, 0x28, 0x28, 0x4a, 0x27, 0x35, 0x2b, 0x2e, 0x2d, 0x55,
    0x2d, 0x3d, 0x27, 0x4b, 0x50, 0x4f, 0x35, 0x2d, 0x4b, 0x4b, 0x59, 0x44,
    0x2b, 0x2b, 0x2b, 0x2b, 0x2b, 0x2b, 0x2b, 0x2b, 0x2b, 0x2b, 0x2b, 0x2b,
    0x2b, 0x35, 0x35, 0x2b, 0x2b, 0x2b, 0x2c, 0x3d, 0x3a, 0x0a, 0x0e, 0x13,
    0x16, 0x34, 0x53, 0x6a, 0x52, 0xb3, 0xb2, 0xb2, 0xb2, 0xae, 0xae, 0xb2,
    0xb2, 0xb2, 0xb2, 0xb2, 0xa6, 0xa6, 0xa6, 0xa6, 0xa7, 0x42, 0x37, 0x37,
    0xad, 0xa6, 0xb2, 0xb2, 0xb2, 0xb2, 0xb2, 0xb2, 0xb2, 0xbe, 0xad, 0x2d,
    0x2d, 0x52, 0xb2, 0xb2, 0x6c, 0x6c, 0x6c, 0x6c, 0x6c, 0x6c, 0x6c, 0xc7,
    0xc7, 0x52, 0x52, 0x52, 0x52, 0x52, 0x52, 0x52, 0x52, 0x52, 0x52, 0x52,
    0x52, 0xb2, 0x2d, 0x33, 0x2c, 0x33, 0x19, 0x0b, 0x57, 0x4d, 0x4d, 0x4d,
    0x45, 0x45, 0x45, 0x4d, 0x4d, 0x4d, 0x4e, 0x4e, 0x4e, 0x0e, 0x0e, 0x0e,
    0x0e, 0x0e, 0x0e, 0xca, 0x31, 0x48, 0x68, 0x64, 0xa2, 0x5a, 0x58, 0x58,
    0x58, 0x5c, 0x5c, 0x58, 0x58, 0x5a, 0x5a, 0x5a, 0x5a, 0x5a, 0x5a, 0x58,
    0x58, 0x58, 0x58, 0x58, 0x58, 0x58, 0x5a, 0x5d, 0x5e, 0x61, 0x63, 0x64,
    0x66, 0x67, 0x66, 0x66, 0x65, 0x64, 0x65, 0x8b, 0x1a, 0x45, 0x5a, 0x5e,
    0x61, 0x61, 0x61, 0x61, 0x62, 0x62, 0x62, 0x63, 0x64, 0x64, 0x64, 0x64,
    0x64, 0x64, 0x64, 0x64, 0x64, 0xc9, 0xc9, 0xca, 0xce, 0x47, 0x3f, 0x5b,
    0x01, 0x00, 0x00, 0x00, 0x00, 0x00, 0x00, 0x00, 0x00, 0x00, 0x00, 0x00,
    0x00, 0x00, 0x00, 0x00, 0x00, 0x00, 0x00, 0x00, 0x00, 0x00, 0x00, 0x00,
    0x00, 0x00, 0x00, 0x00, 0x00, 0x00, 0x00, 0x00, 0x00, 0x00, 0x00, 0x00,
    0x00, 0x00, 0x00, 0x00, 0x00, 0x00, 0x00, 0x00, 0x00, 0x00, 0x00, 0x00,
    0x00, 0x00, 0x10, 0x0a, 0x11, 0x13, 0x13, 0x16, 0x17, 0x17, 0x17, 0x17,
    0x17, 0x17, 0x17, 0x17, 0x17, 0x17, 0x17, 0x17, 0x17, 0x17, 0x17, 0x17,
    0x17, 0x17, 0x1e, 0x1f, 0x1c, 0x09, 0x09, 0x11, 0x11, 0x11, 0x11, 0x11,
    0x13, 0x17, 0x1e, 0x23, 0x24, 0x25, 0x28, 0x4a, 0x28, 0x24, 0x24, 0x24,
    0x28, 0x28, 0x28, 0x26, 0x4a, 0x26, 0x2e, 0x2b, 0x2c, 0x35, 0x2c, 0x55,
    0x34, 0x3d, 0x27, 0x54, 0x6a, 0x4f, 0x2b, 0x44, 0x37, 0x31, 0x59, 0x44,
    0x2b, 0x2b, 0x2b, 0x2b, 0x2b, 0x2b, 0x2b, 0x2b, 0x2b, 0x2b, 0x2b, 0x2b,
    0x2b, 0x35, 0x35, 0x2b, 0x2b, 0x2b, 0x2b, 0x4a, 0x1e, 0x0a, 0x09, 0x15,
    0x1b, 0x4f, 0x53, 0x6e, 0x52, 0x6c, 0xb2, 0xb2, 0xae, 0xae, 0xae, 0xae,
    0xae, 0xae, 0xb2, 0xb2, 0xa6, 0xa6, 0xa6, 0xa6, 0xa7, 0x42, 0x37, 0x37,
    0xad, 0xa6, 0xb2, 0xb2, 0xb2, 0xb2, 0xb2, 0xb2, 0xb2, 0xbe, 0xad, 0x2d,
    0x2d, 0x52, 0xb2, 0xb2, 0x6c, 0x6c, 0x6c, 0x6c, 0x6c, 0xc7, 0x6c, 0xc7,
    0xc7, 0x52, 0x52, 0x52, 0x52, 0x52, 0x52, 0x52, 0x52, 0x52, 0x52, 0x52,
    0x52, 0xb2, 0x4f, 0x23, 0x2c, 0x25, 0x16, 0x0b, 0x0e, 0x4e, 0x4d, 0x4d,
    0x45, 0x45, 0x45, 0x4d, 0x4d, 0x4d, 0x4d, 0x4e, 0x4e, 0x0e, 0x0e, 0x0e,
    0x09, 0x0e, 0x0e, 0x5a, 0x2a, 0x31, 0xc9, 0x68, 0x60, 0x5a, 0x58, 0x58,
    0x56, 0x56, 0x58, 0x58, 0x5a, 0x58, 0x5a, 0x5a, 0x5a, 0x5a, 0x58, 0x58,
    0x58, 0x58, 0x58, 0x58, 0x58, 0x58, 0x5a, 0x5a, 0x5e, 0x60, 0x62, 0x64,
    0x66, 0x66, 0x66, 0x66, 0x65, 0x64, 0x63, 0x66, 0x17, 0x0a, 0x5a, 0x5a,
    0x60, 0x61, 0x61, 0x61, 0x62, 0x62, 0x62, 0x63, 0x64, 0x64, 0x64, 0x64,
    0x65, 0x64, 0x64, 0x64, 0xc9, 0xc9, 0xc9, 0xcc, 0xce, 0x47, 0x3f, 0xcf,
    0x00, 0x00, 0x00, 0x00, 0x00, 0x00, 0x00, 0x00, 0x00, 0x00, 0x00, 0x00,
    0x00, 0x00, 0x00, 0x00, 0x00, 0x00, 0x00, 0x00, 0x00, 0x00, 0x00, 0x00,
    0x00, 0x00, 0x00, 0x00, 0x00, 0x00, 0x00, 0x00, 0x00, 0x00, 0x00, 0x00,
    0x00, 0x00, 0x00, 0x00, 0x00, 0x00, 0x00, 0x00, 0x00, 0x00, 0x00, 0x00,
    0x00, 0x00, 0x14, 0x06, 0x13, 0x13, 0x13, 0x16, 0x17, 0x17, 0x17, 0x17,
    0x17, 0x17, 0x17, 0x17, 0x17, 0x17, 0x17, 0x17, 0x17, 0x17, 0x17, 0x17,
    0x17, 0x17, 0x1f, 0x22, 0x17, 0x4d, 0x0a, 0x11, 0x11, 0x11, 0x19, 0x11,
    0x16, 0x1b, 0x3a, 0x33, 0x24, 0x28, 0x4a, 0x4a, 0x4a, 0x28, 0x4a, 0x28,
    0x4a, 0x28, 0x26, 0x3d, 0x26, 0x2e, 0x35, 0x2b, 0x2c, 0x35, 0x2c, 0x55,
    0x34, 0x3d, 0x27, 0x4f, 0x6a, 0x4f, 0x35, 0x44, 0x37, 0x3c, 0x35, 0x2c,
    0x2c, 0x2b, 0x2b, 0x2b, 0x2b, 0x2b, 0x2b, 0x2b, 0x2b, 0x2b, 0x2b, 0x2b,
    0x2b, 0x35, 0x35, 0x2b, 0x2b, 0x2b, 0x2b, 0x4a, 0x1a, 0x49, 0x0f, 0x11,
    0x22, 0x54, 0x55, 0x6e, 0xb3, 0x6c, 0xb2, 0xae, 0xae, 0xae, 0xae, 0xae,
    0xae, 0xae, 0xb2, 0xb2, 0xb2, 0xa6, 0xa6, 0xa6, 0xa7, 0x42, 0x37, 0x37,
    0xad, 0xa6, 0xb2, 0xb2, 0xb2, 0xb2, 0xb2, 0xb2, 0xb2, 0x6c, 0xad, 0x2d,
    0x2d, 0x52, 0xb2, 0xb2, 0x6c, 0x6c, 0x6c, 0x6c, 0x6c, 0xc7, 0xc7, 0x52,
    0x52, 0x52, 0x52, 0x52, 0x52, 0x52, 0x6e, 0x52, 0x52, 0x52, 0x52, 0x52,
    0x52, 0xb2, 0x53, 0x23, 0x2b, 0x26, 0x17, 0x0a, 0x09, 0x4e, 0x4d, 0x4d,
    0x45, 0x45, 0x45, 0x4d, 0x4d, 0x4d, 0x4e, 0x57, 0x57, 0x0e, 0x0e, 0x0e,
    0x0e, 0x09, 0x0e, 0x45, 0xc3, 0x30, 0xc3, 0x68, 0x62, 0x6b, 0x58, 0x5c,
    0x56, 0x56, 0x56, 0x58, 0x58, 0x58, 0x58, 0x5a, 0x5a, 0x5a, 0x58, 0x58,
    0x58, 0x58, 0x58, 0x58, 0x58, 0x58, 0x5a, 0x5a, 0x5d, 0x5e, 0x62, 0x64,
    0x65, 0x66, 0x66, 0x66, 0x65, 0x8b, 0x62, 0x66, 0x09, 0x1e, 0x58, 0x5a,
    0x5e, 0x61, 0x61, 0x61, 0x62, 0x62, 0x62, 0x63, 0x64, 0x64, 0x64, 0x65,
    0x65, 0x64, 0x64, 0x64, 0xc9, 0xc9, 0xca, 0xcb, 0xce, 0x3f, 0x3f, 0x3e,
    0x00, 0x00, 0x00, 0x00, 0x00, 0x00, 0x00, 0x00, 0x00, 0x00, 0x00, 0x00,
    0x00, 0x00, 0x00, 0x00, 0x00, 0x00, 0x00, 0x00, 0x00, 0x00, 0x00, 0x00,
    0x00, 0x00, 0x00, 0x00, 0x00, 0x00, 0x00, 0x00, 0x00, 0x00, 0x00, 0x00,
    0x00, 0x00, 0x00, 0x00, 0x00, 0x00, 0x00, 0x00, 0x00, 0x00, 0x00, 0x00,
    0x00, 0x00, 0x00, 0x05, 0x16, 0x11, 0x13, 0x16, 0x17, 0x17, 0x17, 0x17,
    0x17, 0x17, 0x17, 0x17, 0x17, 0x17, 0x17, 0x17, 0x17, 0x17, 0x17, 0x17,
    0x17, 0x1c, 0x23, 0x23, 0x13, 0x4e, 0x13, 0x13, 0x19, 0x19, 0x19, 0x13,
    0x17, 0x1c, 0x22, 0x24, 0x25, 0x26, 0x26, 0x26, 0x26, 0x4a, 0x4a, 0x4a,
    0x26, 0x26, 0x3d, 0x27, 0x2e, 0x35, 0x2b, 0x2c, 0x2c, 0x2b, 0x2b, 0x55,
    0x4f, 0x27, 0x27, 0x4f, 0x50, 0x54, 0x2e, 0x34, 0x37, 0x59, 0x44, 0x2c,
    0x2b, 0x2b, 0x2b, 0x2b, 0x2b, 0x2b, 0x2b, 0x2b, 0x2b, 0x2b, 0x2b, 0x2b,
    0x35, 0x35, 0x35, 0x2b, 0x2b, 0x2b, 0x2b, 0x24, 0x20, 0x0e, 0x0a, 0x0a,
    0x25, 0x54, 0x55, 0x6e, 0xb3, 0xb2, 0xb2, 0xae, 0xae, 0xae, 0xae, 0xae,
    0xae, 0xae, 0xae, 0xb2, 0xa6, 0xa6, 0xa6, 0xa6, 0xa7, 0x42, 0x37, 0x37,
    0xad, 0xa6, 0xb2, 0xb2, 0xb2, 0xae, 0xae, 0xb2, 0xb2, 0x6c, 0xad, 0x2d,
    0x2d, 0x52, 0xb2, 0xb2, 0x6c, 0x6c, 0x6c, 0x6c, 0x6c, 0xc7, 0xc7, 0x52,
    0x52, 0x52, 0x52, 0x52, 0x52, 0x52, 0x6e, 0x52, 0x52, 0x52, 0x52, 0x52,
    0x52, 0x6c, 0x55, 0x33, 0x35, 0x27, 0x1c, 0x11, 0x09, 0x57, 0x4d, 0x4d,
    0x45, 0x45, 0x45, 0x4d, 0x4d, 0x4d, 0x4d, 0x4e, 0x57, 0x0e, 0x0e, 0x0e,
    0x0e, 0x0e, 0x0e, 0x0e, 0xca, 0x31, 0x48, 0x68, 0x64, 0x5e, 0x5a, 0x58,
    0x56, 0x56, 0x5c, 0x58, 0x58, 0x58, 0x58, 0x5a, 0x58, 0x58, 0x58, 0x58,
    0x58, 0x58, 0x5c, 0x5c, 0x5c, 0x58, 0x58, 0x5a, 0x5d, 0x5e, 0x61, 0x64,
    0x65, 0x66, 0x66, 0x66, 0x65, 0x64, 0x62, 0x64, 0xc8, 0x22, 0x45, 0x58,
    0x5e, 0x60, 0x61, 0x62, 0x62, 0x62, 0x62, 0x62, 0x63, 0x64, 0x64, 0x64,
    0x64, 0x64, 0x64, 0x64, 0xc9, 0xc9, 0xca, 0xc3, 0x47, 0x3f, 0x48, 0xd1,
    0x00, 0x00, 0x00, 0x00, 0x00, 0x00, 0x00, 0x00, 0x00, 0x00, 0x00, 0x00,
    0x00, 0x00, 0x00, 0x00, 0x00, 0x00, 0x00, 0x00, 0x00, 0x00, 0x00, 0x00,
    0x00, 0x00, 0x00, 0x00, 0x00, 0x00, 0x00, 0x00, 0x00, 0x00, 0x00, 0x00,
    0x00, 0x00, 0x00, 0x00, 0x00, 0x00, 0x00, 0x00, 0x00, 0x00, 0x00, 0x00,
    0x00, 0x00, 0x00, 0x04, 0x16, 0x19, 0x13, 0x16, 0x17, 0x17, 0x17, 0x17,
    0x17, 0x17, 0x17, 0x17, 0x17, 0x17, 0x17, 0x17, 0x17, 0x17, 0x17, 0x17,
    0x1c, 0x1e, 0x24, 0x23, 0x0a, 0x09, 0x17, 0x17, 0x16, 0x16, 0x16, 0x16,
    0x17, 0x1e, 0x23, 0x24, 0x4a, 0x3d, 0x3d, 0x3d, 0x3d, 0x26, 0x26, 0x26,
    0x3d, 0x27, 0x27, 0x27, 0x35, 0x2c, 0x2c, 0x34, 0x4f, 0x2d, 0x35, 0x53,
    0x4f, 0x46, 0x46, 0x34, 0x53, 0x54, 0x35, 0x4b, 0x4b, 0x59, 0x44, 0x2c,
    0x2c, 0x2b, 0x2b, 0x2b, 0x2b, 0x2b, 0x2b, 0x2b, 0x2b, 0x2b, 0x2b, 0x2b,
    0x35, 0x35, 0x35, 0x2b, 0x2b, 0x2b, 0x35, 0x33, 0x17, 0x0e, 0x15, 0x11,
    0x35, 0x53, 0x6a, 0x52, 0x6c, 0xb2, 0xae, 0xae, 0xae, 0xae, 0xae, 0xae,
    0xae, 0xae, 0xb2, 0xb2, 0xa6, 0xa6, 0xa6, 0xa6, 0xa7, 0x42, 0x37, 0x37,
    0xad, 0xa6, 0xb2, 0xae, 0xae, 0xae, 0xb2, 0xb2, 0xb2, 0xbe, 0xad, 0x2d,
    0x2d, 0x52, 0xb2, 0xb2, 0xb2, 0x6c, 0x6c, 0x6c, 0x6c, 0xc7, 0xc7, 0x52,
    0x52, 0x52, 0x52, 0x52, 0x52, 0x52, 0x52, 0x52, 0x52, 0x52, 0x52, 0x52,
    0x52, 0x52, 0x6e, 0x26, 0x3d, 0x2b, 0x1e, 0x11, 0x09, 0x0e, 0x39, 0x39,
    0x4d, 0x45, 0x45, 0x4d, 0x4d, 0x4d, 0x4d, 0x4e, 0x57, 0x0e, 0x0e, 0x0e,
    0x09, 0x0e, 0x09, 0x0e, 0xca, 0x48, 0x31, 0x68, 0x66, 0x60, 0x5a, 0x58,
    0x56, 0x56, 0x56, 0x5c, 0x58, 0x58, 0x58, 0x58, 0x58, 0x58, 0x58, 0x58,
    0x58, 0x58, 0x5c, 0x5c, 0x5c, 0x58, 0x58, 0x5a, 0x5d, 0x5e, 0x61, 0x63,
    0x64, 0x93, 0x93, 0x66, 0x65, 0x63, 0x63, 0x63, 0x65, 0x1e, 0x09, 0x58,
    0x5d, 0x60, 0x61, 0x62, 0x61, 0x62, 0x62, 0x62, 0x63, 0x64, 0x64, 0x64,
    0x64, 0x64, 0x64, 0xc9, 0xc9, 0xca, 0xcc, 0xce, 0x47, 0x3f, 0x5b, 0x12,
    0x00, 0x00, 0x00, 0x00, 0x00, 0x00, 0x00, 0x00, 0x00, 0x00, 0x00, 0x00,
    0x00, 0x00, 0x00, 0x00, 0x00, 0x00, 0x00, 0x00, 0x00, 0x00, 0x00, 0x00,
    0x00, 0x00, 0x00, 0x00, 0x00, 0x00, 0x00, 0x00, 0x00, 0x00, 0x00, 0x00,
    0x00, 0x00, 0x00, 0x00, 0x00, 0x00, 0x00, 0x00, 0x00, 0x00, 0x00, 0x00,
    0x00, 0x00, 0x00, 0x08, 0x11, 0x13, 0x13, 0x16, 0x16, 0x17, 0x17, 0x17,
    0x17, 0x17, 0x17, 0x17, 0x17, 0x17, 0x17, 0x17, 0x17, 0x1b, 0x17, 0x1b,
    0x1e, 0x23, 0x24, 0x1f, 0x09, 0x11, 0x1b, 0x1b, 0x17, 0x17, 0x17, 0x17,
    0x1b, 0x21, 0x33, 0x25, 0x26, 0x3d, 0x27, 0x27, 0x27, 0x27, 0x3d, 0x3d,
    0x27, 0x27, 0x27, 0x46, 0x2b, 0x2c, 0x2c, 0x2d, 0x2d, 0x2c, 0x35, 0x4c,
    0x35, 0x35, 0x35, 0x35, 0x35, 0x35, 0x35, 0x37, 0x31, 0x41, 0x2c, 0x2c,
    0x2b, 0x2b, 0x2b, 0x2b, 0x2b, 0x2b, 0x2b, 0x2b, 0x2b, 0x2b, 0x2b, 0x2b,
    0x35, 0x35, 0x35, 0x2b, 0x2b, 0x2b, 0x46, 0x33, 0x17, 0x09, 0x16, 0x0a,
    0x2c, 0x53, 0x6a, 0x52, 0x6c, 0xb2, 0xae, 0xae, 0xae, 0xae, 0xae, 0xae,
    0xae, 0xae, 0xae, 0xb2, 0xa6, 0xb2, 0xa6, 0xa6, 0xa7, 0x42, 0x37, 0x37,
    0xad, 0xa6, 0xb2, 0xae, 0xae, 0xae, 0xb2, 0xb2, 0xb2, 0xb2, 0xad, 0x2d,
    0x44, 0x52, 0x6c, 0xb2, 0xb2, 0x6c, 0x6c, 0x6c, 0xc7, 0xc7, 0xc7, 0xc7,
    0x52, 0x52, 0x52, 0x52, 0x52, 0x52, 0x52, 0x52, 0x52, 0x52, 0x52, 0x52,
    0x52, 0x52, 0x6c, 0x2b, 0x28, 0x2b, 0x1f, 0x11, 0x09, 0x0e, 0x4d, 0x39,
    0x4d, 0x45, 0x45, 0x45, 0x4d, 0x4d, 0x39, 0x39, 0x57, 0x0e, 0x0e, 0x09,
    0x09, 0x09, 0x09, 0x09, 0x6d, 0x32, 0x30, 0xca, 0x68, 0x62, 0x5a, 0x58,
    0x5c, 0x56, 0x56, 0x5c, 0x58, 0x58, 0x58, 0x58, 0x58, 0x58, 0x58, 0x5c,
    0x5c, 0x56, 0x5c, 0x5c, 0x5c, 0x5c, 0x58, 0x58, 0x5a, 0x5e, 0x60, 0x62,
    0x64, 0x65, 0x65, 0x65, 0x64, 0x63, 0x62, 0xc8, 0x66, 0x11, 0x17, 0x58,
    0x5f, 0x5e, 0xc8, 0x62, 0x62, 0x62, 0x62, 0x62, 0x63, 0x64, 0x64, 0x64,
    0x64, 0x64, 0x64, 0xc9, 0x61, 0xca, 0xcc, 0xce, 0x47, 0x3f, 0x36, 0x00,
    0x00, 0x00, 0x00, 0x00, 0x00, 0x00, 0x00, 0x00, 0x00, 0x00, 0x00, 0x00,
    0x00, 0x00, 0x00, 0x00, 0x00, 0x00, 0x00, 0x00, 0x00, 0x00, 0x00, 0x00,
    0x00, 0x00, 0x00, 0x00, 0x00, 0x00, 0x00, 0x00, 0x00, 0x00, 0x00, 0x00,
    0x00, 0x00, 0x00, 0x00, 0x00, 0x00, 0x00, 0x00, 0x00, 0x00, 0x00, 0x00,
    0x00, 0x00, 0x00, 0x14, 0x0b, 0x13, 0x13, 0x16, 0x16, 0x17, 0x17, 0x17,
    0x17, 0x17, 0x17, 0x17, 0x17, 0x17, 0x20, 0x20, 0x1b, 0x1b, 0x1b, 0x1c,
    0x21, 0x24, 0x4a, 0x20, 0x0e, 0x17, 0x1c, 0x1b, 0x17, 0x17, 0x17, 0x1b,
    0x1c, 0x23, 0x24, 0x26, 0x3d, 0x27, 0x46, 0x46, 0x27, 0x27, 0x27, 0x27,
    0x2e, 0x2e, 0x46, 0x35, 0x35, 0x40, 0x2b, 0x35, 0x35, 0x35, 0x35, 0x35,
    0x35, 0x35, 0x35, 0x35, 0x35, 0x2e, 0x6f, 0x37, 0x48, 0x44, 0x2c, 0x2c,
    0x2b, 0x2b, 0x2b, 0x2b, 0x2b, 0x2b, 0x2b, 0x2b, 0x2b, 0x2b, 0x2b, 0x35,
    0x35, 0x35, 0x35, 0x2b, 0x2b, 0x4c, 0x27, 0x22, 0x19, 0x09, 0x16, 0x11,
    0x2d, 0x53, 0x6e, 0xb3, 0x6c, 0xb2, 0xae, 0xae, 0xae, 0xae, 0xae, 0xae,
    0xae, 0xae, 0xae, 0xae, 0xa6, 0xa6, 0xa6, 0xa6, 0xa7, 0x42, 0x37, 0x37,
    0xad, 0xa6, 0xb2, 0xae, 0xae, 0xae, 0xb2, 0xb2, 0xb2, 0x6c, 0xad, 0x44,
    0x44, 0x52, 0x6c, 0xb2, 0x6c, 0x6c, 0x6c, 0x6c, 0xc7, 0xc7, 0xc7, 0x52,
    0x52, 0x52, 0x52, 0x52, 0x52, 0x52, 0x6e, 0x52, 0x52, 0x52, 0x52, 0x52,
    0x52, 0x52, 0x6c, 0x2d, 0x24, 0x2b, 0x33, 0x13, 0x0b, 0x09, 0x39, 0x4d,
    0x4d, 0x45, 0x45, 0x45, 0x4d, 0x4d, 0x39, 0x39, 0x57, 0x0e, 0x0e, 0x09,
    0x09, 0x09, 0x09, 0x0e, 0x39, 0xcc, 0x30, 0x29, 0xb4, 0x64, 0x60, 0x5a,
    0x58, 0x56, 0x56, 0x56, 0x58, 0x58, 0x58, 0x58, 0x58, 0x58, 0x58, 0x5c,
    0x56, 0x5c, 0x5c, 0x5c, 0x5c, 0x5c, 0x5c, 0x58, 0x5a, 0x5d, 0x5e, 0x62,
    0x64, 0x64, 0x65, 0x65, 0x64, 0x63, 0x62, 0x61, 0x65, 0x58, 0x3a, 0x56,
    0x58, 0x5e, 0x60, 0x62, 0x62, 0x62, 0x62, 0x62, 0x62, 0x63, 0x64, 0x64,
    0x64, 0x64, 0x64, 0xc9, 0xca, 0xca, 0xcb, 0x32, 0x3f, 0x38, 0x3e, 0x00,
    0x00, 0x00, 0x00, 0x00, 0x00, 0x00, 0x00, 0x00, 0x00, 0x00, 0x00, 0x00,
    0x00, 0x00, 0x00, 0x00, 0x00, 0x00, 0x00, 0x00, 0x00, 0x00, 0x00, 0x00,
    0x00, 0x00, 0x00, 0x00, 0x00, 0x00, 0x00, 0x00, 0x00, 0x00, 0x00, 0x00,
    0x00, 0x00, 0x00, 0x00, 0x00, 0x00, 0x00, 0x00, 0x00, 0x00, 0x00, 0x00,
    0x00, 0x00, 0x00, 0x00, 0x06, 0x16, 0x15, 0x13, 0x16, 0x17, 0x17, 0x17,
    0x17, 0x17, 0x17, 0x17, 0x17, 0x1b, 0x1b, 0x1b, 0x1b, 0x1b, 0x1b, 0x1e,
    0x23, 0x26, 0x28, 0x11, 0x0e, 0x1e, 0x21, 0x1c, 0x1b, 0x1b, 0x1b, 0x1c,
    0x1e, 0x23, 0x25, 0x26, 0x27, 0x35, 0x35, 0x35, 0x46, 0x46, 0x27, 0x27,
    0x27, 0x27, 0x46, 0x46, 0x35, 0x35, 0x2b, 0x35, 0x35, 0x2e, 0x3d, 0x27,
    0x27, 0x2e, 0x35, 0x2b, 0x2c, 0x44, 0x4b, 0x4b, 0x59, 0x44, 0x2b, 0x2b,
    0x2b, 0x2b, 0x2b, 0x2b, 0x2b, 0x2b, 0x2b, 0x2b, 0x2b, 0x2b, 0x2b, 0x2b,
    0x35, 0x35, 0x35, 0x2b, 0x2b, 0x2b, 0x26, 0x3a, 0x11, 0x09, 0x16, 0x17,
    0x4f, 0x55, 0x6e, 0xb3, 0xb2, 0xae, 0xae, 0xae, 0xae, 0xae, 0xae, 0xae,
    0xae, 0xae, 0xae, 0xae, 0xa6, 0xa6, 0xa6, 0xa6, 0xa7, 0x42, 0x37, 0x37,
    0xad, 0xa6, 0xb2, 0xae, 0xae, 0xae, 0xae, 0xae, 0xb2, 0xb2, 0xad, 0x44,
    0x44, 0x52, 0x6c, 0xb2, 0xb2, 0x6c, 0x6c, 0x6c, 0xc7, 0xc7, 0xc7, 0x52,
    0x52, 0x52, 0x52, 0x6e, 0x6e, 0x6e, 0x6e, 0x52, 0x52, 0x52, 0x52, 0x52,
    0x52, 0x52, 0xb2, 0x4f, 0x33, 0x2b, 0x24, 0x16, 0x0a, 0x09, 0x4e, 0x4d,
    0x4d, 0x4d, 0x45, 0x45, 0x4d, 0x4d, 0x4d, 0x4d, 0x57, 0x0e, 0x0e, 0x09,
    0x09, 0x09, 0x09, 0x09, 0x09, 0xca, 0x3c, 0x38, 0x68, 0x66, 0x63, 0x62,
    0x60, 0x5e, 0x5e, 0x5e, 0x5e, 0x60, 0x60, 0x60, 0x60, 0x60, 0x5e, 0x5e,
    0x5e, 0x5d, 0x5c, 0x45, 0x45, 0x45, 0x5c, 0x58, 0x5a, 0x5d, 0x5e, 0x62,
    0x63, 0x64, 0x64, 0x64, 0x64, 0x63, 0x62, 0x60, 0x63, 0x8b, 0x3a, 0x09,
    0x58, 0x5a, 0x60, 0x62, 0x62, 0x62, 0x62, 0x62, 0x62, 0x63, 0x64, 0x64,
    0x64, 0x64, 0xc9, 0x61, 0xca, 0xcc, 0xce, 0x47, 0x3f, 0x38, 0xd1, 0x00,
    0x00, 0x00, 0x00, 0x00, 0x00, 0x00, 0x00, 0x00, 0x00, 0x00, 0x00, 0x00,
    0x00, 0x00, 0x00, 0x00, 0x00, 0x00, 0x00, 0x00, 0x00, 0x00, 0x00, 0x00,
    0x00, 0x00, 0x00, 0x00, 0x00, 0x00, 0x00, 0x00, 0x00, 0x00, 0x00, 0x00,
    0x00, 0x00, 0x00, 0x00, 0x00, 0x00, 0x00, 0x00, 0x00, 0x00, 0x00, 0x00,
    0x00, 0x00, 0x00, 0x00, 0x04, 0x16, 0x13, 0x13, 0x16, 0x17, 0x17, 0x17,
    0x17, 0x17, 0x17, 0x17, 0x17, 0x1b, 0x1b, 0x1b, 0x1b, 0x1b, 0x1c, 0x3a,
    0x24, 0x46, 0x24, 0x0e, 0x0b, 0x22, 0x22, 0x1e, 0x1c, 0x1c, 0x1c, 0x1e,
    0x1f, 0x24, 0x4a, 0x27, 0x46, 0x35, 0x35, 0x35, 0x35, 0x46, 0x2e, 0x27,
    0x27, 0x2e, 0x35, 0x40, 0x2c, 0x2c, 0x2d, 0x2d, 0x34, 0x4f, 0x54, 0x54,
    0x53, 0x55, 0x6a, 0x6e, 0x51, 0x52, 0x37, 0x31, 0x41, 0x44, 0x2c, 0x2b,
    0x2b, 0x2b, 0x2b, 0x2b, 0x2b, 0x2b, 0x2b, 0x2b, 0x2b, 0x2b, 0x2b, 0x35,
    0x35, 0x35, 0x35, 0x2b, 0x2b, 0x2b, 0x4a, 0x1e, 0x0a, 0x0f, 0x16, 0x3a,
    0x54, 0x6a, 0x52, 0x6c, 0xb2, 0xae, 0xae, 0xae, 0xae, 0xae, 0xae, 0xae,
    0xae, 0xae, 0xae, 0xae, 0xb1, 0xa6, 0xa6, 0xa6, 0xa7, 0x42, 0x37, 0x37,
    0xad, 0xa6, 0xb2, 0xae, 0xae, 0xae, 0xae, 0xae, 0xb2, 0xb2, 0xad, 0x2c,
    0x2d, 0x52, 0x6c, 0xb2, 0xb2, 0xb2, 0x6c, 0x6c, 0xc7, 0xc7, 0xc7, 0x52,
    0x52, 0x52, 0x52, 0x52, 0x6e, 0x6e, 0x6e, 0x52, 0x52, 0x52, 0x52, 0x52,
    0x52, 0x52, 0xb2, 0x4b, 0x33, 0x2b, 0x4a, 0x17, 0x0a, 0x09, 0x57, 0x4d,
    0x4d, 0x45, 0x45, 0x45, 0x4d, 0x4d, 0x4d, 0x4e, 0x4e, 0x57, 0x0e, 0x0e,
    0x09, 0x0e, 0x0e, 0x09, 0x09, 0x5a, 0x32, 0x30, 0xc9, 0x68, 0x60, 0x5a,
    0x58, 0x58, 0x58, 0x58, 0x5a, 0x5a, 0x5a, 0x5a, 0x5a, 0x5a, 0x5a, 0x5a,
    0x5a, 0x5e, 0x5a, 0x4d, 0x45, 0x45, 0x56, 0x58, 0x58, 0x5a, 0x5e, 0x61,
    0x62, 0x63, 0x64, 0x64, 0x64, 0x63, 0x62, 0x60, 0x61, 0x93, 0x16, 0x19,
    0x45, 0x58, 0x5e, 0x62, 0x63, 0x62, 0x62, 0x62, 0x62, 0x63, 0x64, 0x64,
    0x64, 0x64, 0xc9, 0xca, 0xca, 0xcb, 0xce, 0x47, 0x3f, 0x5b, 0x12, 0x00,
    0x00, 0x00, 0x00, 0x00, 0x00, 0x00, 0x00, 0x00, 0x00, 0x00, 0x00, 0x00,
    0x00, 0x00, 0x00, 0x00, 0x00, 0x00, 0x00, 0x00, 0x00, 0x00, 0x00, 0x00,
    0x00, 0x00, 0x00, 0x00, 0x00, 0x00, 0x00, 0x00, 0x00, 0x00, 0x00, 0x00,
    0x00, 0x00, 0x00, 0x00, 0x00, 0x00, 0x00, 0x00, 0x00, 0x00, 0x00, 0x00,
    0x00, 0x00, 0x00, 0x00, 0x08, 0x19, 0x13, 0x13, 0x16, 0x17, 0x17, 0x17,
    0x17, 0x17, 0x17, 0x17, 0x17, 0x1b, 0x1b, 0x1c, 0x1c, 0x1c, 0x1c, 0x23,
    0x26, 0x2b, 0x33, 0x0e, 0x17, 0x23, 0x22, 0x1e, 0x1c, 0x1e, 0x1e, 0x21,
    0x23, 0x24, 0x3d, 0x27, 0x35, 0x2b, 0x2b, 0x2b, 0x35, 0x35, 0x3d, 0x34,
    0x4b, 0x54, 0x54, 0x4b, 0x4b, 0x53, 0x6a, 0x52, 0x51, 0x51, 0x51, 0x50,
    0x55, 0x53, 0x4b, 0x54, 0x34, 0x34, 0x37, 0x3c, 0x4c, 0x2c, 0x2c, 0x2b,
    0x2b, 0x2b, 0x2b, 0x2b, 0x2b, 0x2b, 0x2b, 0x2b, 0x2b, 0x2b, 0x2b, 0x35,
    0x35, 0x35, 0x35, 0x2b, 0x2b, 0x35, 0x28, 0x1e, 0x0a, 0x11, 0x17, 0x24,
    0x54, 0x6a, 0x52, 0x6c, 0xb2, 0xae, 0xae, 0xae, 0xae, 0xae, 0xae, 0xae,
    0xae, 0xae, 0xae, 0xae, 0xb1, 0xae, 0xa6, 0xa6, 0xa7, 0x42, 0x37, 0x37,
    0xad, 0xa6, 0xb2, 0xae, 0xae, 0xae, 0xae, 0xae, 0xae, 0xb2, 0xac, 0x2c,
    0x44, 0x52, 0x6c, 0xb2, 0xb2, 0xb2, 0x6c, 0x6c, 0xc7, 0xc7, 0x52, 0x52,
    0x52, 0x52, 0x6e, 0x6e, 0x6e, 0x6e, 0x6e, 0x52, 0x52, 0x52, 0x52, 0x52,
    0x52, 0x52, 0x6c, 0x55, 0x24, 0x35, 0x27, 0x20, 0x0a, 0x09, 0x57, 0x4d,
    0x4d, 0x4d, 0x45, 0x4d, 0x4d, 0x4d, 0x4d, 0x4e, 0x57, 0x57, 0x0e, 0x0e,
    0x09, 0x09, 0x09, 0x09, 0x09, 0x39, 0xcc, 0x30, 0x32, 0x68, 0x60, 0x6d,
    0x45, 0x45, 0x4d, 0x4d, 0x45, 0x45, 0x45, 0x45, 0x45, 0x45, 0x45, 0x4d,
    0x4d, 0x5c, 0x5e, 0x58, 0x45, 0x45, 0x56, 0x56, 0x58, 0x5a, 0x5e, 0x5e,
    0x62, 0x63, 0x63, 0x8b, 0x8b, 0x63, 0x62, 0x60, 0x60, 0x65, 0x4e, 0x3a,
    0x45, 0x58, 0x5e, 0x60, 0x62, 0x63, 0x63, 0x63, 0x63, 0x63, 0x64, 0x64,
    0x64, 0xc9, 0x61, 0xca, 0xcc, 0xc3, 0x32, 0x3f, 0x38, 0x36, 0x00, 0x00,
    0x00, 0x00, 0x00, 0x00, 0x00, 0x00, 0x00, 0x00, 0x00, 0x00, 0x00, 0x00,
    0x00, 0x00, 0x00, 0x00, 0x00, 0x00, 0x00, 0x00, 0x00, 0x00, 0x00, 0x00,
    0x00, 0x00, 0x00, 0x00, 0x00, 0x00, 0x00, 0x00, 0x00, 0x00, 0x00, 0x00,
    0x00, 0x00, 0x00, 0x00, 0x00, 0x00, 0x00, 0x00, 0x00, 0x00, 0x00, 0x00,
    0x00, 0x00, 0x00, 0x00, 0x14, 0x06, 0x13, 0x13, 0x16, 0x16, 0x17, 0x17,
    0x17, 0x17, 0x17, 0x17, 0x1b, 0x1c, 0x1c, 0x1c, 0x1c, 0x1c, 0x1e, 0x24,
    0x46, 0x2b, 0x1e, 0x4d, 0x1e, 0x24, 0x23, 0x21, 0x1e, 0x1e, 0x21, 0x22,
    0x24, 0x28, 0x27, 0x35, 0x2b, 0x2b, 0x2b, 0x40, 0x2b, 0x2e, 0x2d, 0x55,
    0x34, 0x2d, 0x2d, 0x2d, 0x2d, 0x2d, 0x2d, 0x2d, 0x2d, 0x44, 0x2c, 0x2b,
    0x46, 0x27, 0x3d, 0x27, 0x26, 0x6f, 0x4b, 0x59, 0x44, 0x2b, 0x2c, 0x2b,
    0x2b, 0x2b, 0x2b, 0x2b, 0x2b, 0x2b, 0x2b, 0x2b, 0x2b, 0x2b, 0x35, 0x35,
    0x35, 0x35, 0x35, 0x2b, 0x2b, 0x35, 0x24, 0x20, 0x0a, 0x13, 0x16, 0x26,
    0x53, 0x6a, 0x52, 0xb2, 0xb2, 0xae, 0xae, 0xae, 0xae, 0xae, 0xae, 0xae,
    0xae, 0xae, 0xae, 0xae, 0xa6, 0xa6, 0xa6, 0xad, 0xa7, 0x42, 0x37, 0x37,
    0xad, 0xa6, 0xae, 0xae, 0xae, 0xae, 0xae, 0xae, 0xae, 0xb2, 0xad, 0x2c,
    0x44, 0x52, 0x6c, 0x6c, 0x6c, 0x6c, 0x6c, 0x6c, 0x6c, 0xc7, 0x52, 0x52,
    0x52, 0x52, 0x52, 0x52, 0x52, 0x52, 0x52, 0x52, 0x52, 0x52, 0x52, 0x52,
    0x52, 0x52, 0xb3, 0x50, 0x28, 0x27, 0x46, 0x1e, 0x11, 0x09, 0x0e, 0x4d,
    0x4d, 0x4d, 0x4d, 0x45, 0x45, 0x4d, 0x4d, 0x4d, 0x4e, 0x57, 0x0e, 0x0e,
    0x09, 0x0e, 0x09, 0x09, 0x09, 0x0e, 0xca, 0x38, 0x48, 0x68, 0xc9, 0x5a,
    0x45, 0x45, 0x45, 0x45, 0x45, 0x45, 0x45, 0x45, 0x45, 0x45, 0x45, 0x4d,
    0x4d, 0x4d, 0x58, 0x5e, 0x56, 0x45, 0x45, 0x5c, 0x58, 0x5a, 0x5f, 0x5e,
    0x61, 0x62, 0x63, 0x63, 0x63, 0x62, 0x62, 0x60, 0x5e, 0x8b, 0xc8, 0x33,
    0x09, 0x45, 0x5f, 0x60, 0x62, 0x63, 0x63, 0x63, 0x63, 0x63, 0x63, 0x64,
    0x64, 0xc9, 0xca, 0xca, 0xcc, 0xce, 0x47, 0x3f, 0x38, 0x3e, 0x00, 0x00,
    0x00, 0x00, 0x00, 0x00, 0x00, 0x00, 0x00, 0x00, 0x00, 0x00, 0x00, 0x00,
    0x00, 0x00, 0x00, 0x00, 0x00, 0x00, 0x00, 0x00, 0x00, 0x00, 0x00, 0x00,
    0x00, 0x00, 0x00, 0x00, 0x00, 0x00, 0x00, 0x00, 0x00, 0x00, 0x00, 0x00,
    0x00, 0x00, 0x00, 0x00, 0x00, 0x00, 0x00, 0x00, 0x00, 0x00, 0x00, 0x00,
    0x00, 0x00, 0x00, 0x00, 0x00, 0x05, 0x16, 0x13, 0x16, 0x16, 0x17, 0x17,
    0x17, 0x17, 0x17, 0x17, 0x1b, 0x1c, 0x1c, 0x1c, 0x1c, 0x1c, 0x3a, 0x28,
    0x2b, 0x35, 0x16, 0x0e, 0x24, 0x24, 0x33, 0x22, 0x1f, 0x1f, 0x22, 0x23,
    0x24, 0x26, 0x46, 0x35, 0x2b, 0x2b, 0x2b, 0x2b, 0x40, 0x4c, 0x6a, 0x34,
    0x26, 0x27, 0x3d, 0x3d, 0x3d, 0x27, 0x2e, 0x2e, 0x35, 0x40, 0x40, 0x2b,
    0x2b, 0x35, 0x35, 0x35, 0x41, 0x4b, 0x31, 0x59, 0x44, 0x2b, 0x2b, 0x2b,
    0x2b, 0x2b, 0x2b, 0x2b, 0x2b, 0x2b, 0x2b, 0x2b, 0x2b, 0x2b, 0x35, 0x35,
    0x35, 0x35, 0x35, 0x2b, 0x2b, 0x46, 0x24, 0x20, 0x0b, 0x17, 0x13, 0x2b,
    0x53, 0x6e, 0xb3, 0xb2, 0xae, 0xb1, 0xae, 0xae, 0xae, 0xae, 0xae, 0xae,
    0xae, 0xae, 0xae, 0xae, 0xa6, 0xa6, 0xad, 0xad, 0xa7, 0x42, 0x37, 0x37,
    0xad, 0xa6, 0xae, 0xb2, 0xae, 0xae, 0xae, 0xae, 0xae, 0xae, 0xad, 0x35,
    0x44, 0x6e, 0x52, 0x6c, 0x6c, 0x6c, 0x6c, 0x6c, 0xc7, 0xc7, 0xc7, 0x52,
    0x52, 0x52, 0x52, 0x52, 0x52, 0x52, 0x52, 0x52, 0x52, 0x52, 0x52, 0x52,
    0x52, 0x52, 0x52, 0x52, 0x2e, 0x28, 0x35, 0x3a, 0x11, 0x09, 0x0e, 0x4d,
    0x4d, 0x4d, 0x4d, 0x45, 0x45, 0x4d, 0x4d, 0x4d, 0x4e, 0x4e, 0x0e, 0x0e,
    0x09, 0x0e, 0x09, 0x09, 0x09, 0x0e, 0x5a, 0x47, 0x31, 0xc9, 0x68, 0x62,
    0x60, 0x5e, 0x5a, 0x5f, 0x5a, 0x5f, 0x5a, 0x5a, 0x5a, 0x5a, 0x5a, 0x58,
    0x58, 0x4d, 0x4d, 0x5a, 0x5d, 0x45, 0x45, 0x45, 0x58, 0x58, 0x5f, 0x5e,
    0x60, 0x61, 0x62, 0x62, 0x62, 0x62, 0x61, 0x60, 0x60, 0xc8, 0x65, 0x23,
    0x17, 0x4d, 0x5a, 0x5e, 0x62, 0x63, 0x63, 0x63, 0x63, 0x63, 0x64, 0x64,
    0x64, 0xc9, 0xca, 0xcc, 0xcb, 0xce, 0x47, 0x3f, 0x38, 0xd1, 0x00, 0x00,
    0x00, 0x00, 0x00, 0x00, 0x00, 0x00, 0x00, 0x00, 0x00, 0x00, 0x00, 0x00,
    0x00, 0x00, 0x00, 0x00, 0x00, 0x00, 0x00, 0x00, 0x00, 0x00, 0x00, 0x00,
    0x00, 0x00, 0x00, 0x00, 0x00, 0x00, 0x00, 0x00, 0x00, 0x00, 0x00, 0x00,
    0x00, 0x00, 0x00, 0x00, 0x00, 0x00, 0x00, 0x00, 0x00, 0x00, 0x00, 0x00,
    0x00, 0x00, 0x00, 0x00, 0x00, 0x03, 0x16, 0x13, 0x16, 0x16, 0x16, 0x17,
    0x17, 0x17, 0x17, 0x1b, 0x1c, 0x1c, 0x1c, 0x1c, 0x1c, 0x1c, 0x23, 0x3d,
    0x2c, 0x27, 0x0b, 0x13, 0x25, 0x25, 0x24, 0x23, 0x22, 0x23, 0x23, 0x24,
    0x28, 0x27, 0x35, 0x2b, 0x2b, 0x2b, 0x2c, 0x2c, 0x35, 0x53, 0x55, 0x35,
    0x2b, 0x2b, 0x35, 0x46, 0x27, 0x27, 0x27, 0x2e, 0x35, 0x2b, 0x2b, 0x2b,
    0x4c, 0x2c, 0x2d, 0x2d, 0x2d, 0x4b, 0x6f, 0x41, 0x2c, 0x2b, 0x2b, 0x2b,
    0x2b, 0x2b, 0x2b, 0x2b, 0x2b, 0x2b, 0x2b, 0x2b, 0x2b, 0x2b, 0x35, 0x35,
    0x35, 0x35, 0x35, 0x2b, 0x2b, 0x27, 0x33, 0x17, 0x0b, 0x1b, 0x16, 0x2d,
    0x55, 0x6e, 0xb3, 0xb2, 0xae, 0xae, 0xae, 0xae, 0xae, 0xae, 0xae, 0xae,
    0xae, 0xae, 0xae, 0xae, 0xae, 0xb1, 0xad, 0xad, 0xa7, 0x42, 0x37, 0x37,
    0xa7, 0xa6, 0xb2, 0xa6, 0xae, 0xae, 0xae, 0xae, 0xae, 0xae, 0xad, 0x27,
    0x44, 0x6e, 0x52, 0xbe, 0x6c, 0x6c, 0xbe, 0xb3, 0xc7, 0xc7, 0xc7, 0x52,
    0x52, 0x52, 0x52, 0x52, 0x52, 0x52, 0x52, 0x52, 0x52, 0x52, 0x52, 0x52,
    0x52, 0x52, 0x52, 0x6c, 0x2c, 0x24, 0x2b, 0x23, 0x19, 0x0b, 0x0e, 0x4d,
    0x4d, 0x4d, 0x4d, 0x4d, 0x45, 0x4d, 0x4d, 0x4d, 0x4e, 0x4e, 0x0e, 0x0e,
    0x09, 0x0e, 0x0e, 0x0e, 0x09, 0x09, 0x45, 0xcb, 0x30, 0xcb, 0x68, 0x62,
    0xa2, 0x5e, 0x5d, 0x5d, 0x5e, 0x5e, 0x5e, 0x5e, 0x5d, 0x5e, 0x5e, 0x5e,
    0x5d, 0x5a, 0x4d, 0x4d, 0x5d, 0x5a, 0x4d, 0x45, 0x58, 0x58, 0x5a, 0x5e,
    0x60, 0x60, 0x61, 0x62, 0x62, 0x62, 0x61, 0x5e, 0x5e, 0x5e, 0x93, 0x19,
    0x23, 0x4d, 0x58, 0x5e, 0x62, 0x63, 0x63, 0x64, 0x64, 0x64, 0x64, 0x64,
    0x64, 0xc9, 0xca, 0xcc, 0xce, 0x32, 0x3f, 0x38, 0x5b, 0x01, 0x00, 0x00,
    0x00, 0x00, 0x00, 0x00, 0x00, 0x00, 0x00, 0x00, 0x00, 0x00, 0x00, 0x00,
    0x00, 0x00, 0x00, 0x00, 0x00, 0x00, 0x00, 0x00, 0x00, 0x00, 0x00, 0x00,
    0x00, 0x00, 0x00, 0x00, 0x00, 0x00, 0x00, 0x00, 0x00, 0x00, 0x00, 0x00,
    0x00, 0x00, 0x00, 0x00, 0x00, 0x00, 0x00, 0x00, 0x00, 0x00, 0x00, 0x00,
    0x00, 0x00, 0x00, 0x00, 0x00, 0x07, 0x0a, 0x16, 0x16, 0x16, 0x17, 0x17,
    0x17, 0x17, 0x17, 0x17, 0x1b, 0x1c, 0x1c, 0x1c, 0x1b, 0x1c, 0x33, 0x2e,
    0x2c, 0x24, 0x0e, 0x21, 0x26, 0x28, 0x24, 0x33, 0x33, 0x33, 0x24, 0x24,
    0x26, 0x2e, 0x2b, 0x2b, 0x2c, 0x2c, 0x2c, 0x35, 0x54, 0x51, 0x2d, 0x2b,
    0x2d, 0x2d, 0x2d, 0x2d, 0x44, 0x44, 0x2d, 0x4f, 0x4b, 0x53, 0x55, 0x50,
    0x52, 0x51, 0x6c, 0x6c, 0x50, 0x4b, 0x48, 0x4c, 0x2c, 0x2b, 0x2b, 0x2b,
    0x2b, 0x2b, 0x2b, 0x2b, 0x2b, 0x2b, 0x2b, 0x2b, 0x2b, 0x35, 0x35, 0x35,
    0x35, 0x35, 0x35, 0x2b, 0x2b, 0x3d, 0x23, 0x16, 0x0a, 0x1b, 0x1b, 0x34,
    0x6a, 0x52, 0x6c, 0xb2, 0xae, 0xae, 0xae, 0xae, 0xae, 0xae, 0xae, 0xae,
    0xae, 0xae, 0xae, 0xae, 0xae, 0xb1, 0xad, 0xad, 0xa7, 0x42, 0x37, 0x37,
    0xa7, 0xad, 0xae, 0xae, 0xae, 0xae, 0xae, 0xae, 0xae, 0xae, 0xad, 0x3d,
    0x2c, 0x6e, 0x52, 0xb3, 0xb3, 0x6c, 0x6c, 0xb3, 0xc7, 0xc7, 0xc7, 0x52,
    0x52, 0x52, 0x52, 0x52, 0x52, 0x52, 0x52, 0x52, 0x52, 0x52, 0x52, 0x52,
    0x52, 0x52, 0x52, 0xb2, 0x34, 0x33, 0x40, 0x33, 0x19, 0x0b, 0x09, 0x4d,
    0x4d, 0x4d, 0x4d, 0x4d, 0x4d, 0x4d, 0x4d, 0x4d, 0x4e, 0x4e, 0x0e, 0x0e,
    0x09, 0x0e, 0x09, 0x09, 0x09, 0x09, 0x09, 0xca, 0x31, 0x3f, 0x68, 0x62,
    0x5a, 0x5c, 0x45, 0x4d, 0x45, 0x45, 0x4d, 0x4d, 0x4d, 0x4d, 0x4d, 0x45,
    0x45, 0x5a, 0x58, 0x4e, 0x45, 0x5e, 0x58, 0x4d, 0x56, 0x58, 0x5a, 0x5d,
    0x5e, 0x5e, 0x60, 0x60, 0x60, 0x60, 0x60, 0x5e, 0x5e, 0x5e, 0x63, 0x58,
    0x26, 0x0e, 0x58, 0x5e, 0x62, 0x63, 0x64, 0x64, 0x64, 0x64, 0x64, 0x64,
    0x64, 0xca, 0xcc, 0xcb, 0xce, 0x47, 0x3f, 0x38, 0xcf, 0x00, 0x00, 0x00,
    0x00, 0x00, 0x00, 0x00, 0x00, 0x00, 0x00, 0x00, 0x00, 0x00, 0x00, 0x00,
    0x00, 0x00, 0x00, 0x00, 0x00, 0x00, 0x00, 0x00, 0x00, 0x00, 0x00, 0x00,
    0x00, 0x00, 0x00, 0x00, 0x00, 0x00, 0x00, 0x00, 0x00, 0x00, 0x00, 0x00,
    0x00, 0x00, 0x00, 0x00, 0x00, 0x00, 0x00, 0x00, 0x00, 0x00, 0x00, 0x00,
    0x00, 0x00, 0x00, 0x00, 0x00, 0x00, 0x06, 0x17, 0x13, 0x17, 0x17, 0x17,
    0x17, 0x17, 0x17, 0x17, 0x1b, 0x1c, 0x1c, 0x1c, 0x1b, 0x1e, 0x24, 0x2b,
    0x2c, 0x3a, 0x0e, 0x24, 0x3d, 0x28, 0x24, 0x24, 0x24, 0x24, 0x24, 0x28,
    0x3d, 0x35, 0x2b, 0x2c, 0x2c, 0x2c, 0x40, 0x2d, 0x6c, 0x4f, 0x27, 0x4f,
    0x50, 0x55, 0x55, 0x55, 0x4b, 0x54, 0x54, 0x53, 0x6a, 0x55, 0x53, 0x4b,
    0x54, 0x4f, 0x4f, 0x2d, 0x31, 0x30, 0x59, 0x44, 0x2b, 0x2b, 0x2b, 0x2b,
    0x2b, 0x2b, 0x2b, 0x2b, 0x2b, 0x2b, 0x2b, 0x2b, 0x2b, 0x35, 0x35, 0x35,
    0x35, 0x35, 0x2b, 0x2b, 0x2b, 0x26, 0x1f, 0x16, 0x15, 0x1b, 0x1c, 0x54,
    0x6a, 0x52, 0x6c, 0xae, 0xae, 0xae, 0xae, 0xae, 0xae, 0xae, 0xae, 0xae,
    0xae, 0xb1, 0xba, 0xba, 0xba, 0xad, 0xad, 0xad, 0xa7, 0x42, 0x37, 0x37,
    0xa7, 0xad, 0xae, 0xae, 0xae, 0xae, 0xae, 0xae, 0xae, 0xae, 0xae, 0x28,
    0x2c, 0x6a, 0x6e, 0xb3, 0xb3, 0xb3, 0xb3, 0xb3, 0xc7, 0xc7, 0xc7, 0xc7,
    0x52, 0x52, 0x52, 0x52, 0x52, 0x52, 0x52, 0x52, 0x52, 0x52, 0x52, 0x52,
    0x52, 0x52, 0x6e, 0x6c, 0x54, 0x33, 0x40, 0x24, 0x16, 0x0b, 0x09, 0x4e,
    0x4d, 0x4d, 0x45, 0x4d, 0x4d, 0x4d, 0x4d, 0x4d, 0x4e, 0x4e, 0x0e, 0x0e,
    0x09, 0x0e, 0x09, 0x09, 0x09, 0x09, 0x0e, 0xa2, 0x47, 0x31, 0x68, 0x64,
    0x6b, 0x5c, 0x45, 0x45, 0x45, 0x45, 0x45, 0x4d, 0x4d, 0x4d, 0x4d, 0x45,
    0x4d, 0x4d, 0x5d, 0x58, 0x0e, 0x58, 0x5d, 0x45, 0x45, 0x58, 0x58, 0x5f,
    0x5e, 0x5e, 0x5e, 0x5e, 0x60, 0x60, 0x5e, 0x5e, 0x5e, 0x5e, 0xc8, 0x63,
    0x4a, 0x19, 0x56, 0x5d, 0x60, 0x63, 0x64, 0x64, 0x64, 0x64, 0x64, 0x64,
    0x64, 0xca, 0xcc, 0xc3, 0xce, 0x47, 0x3f, 0x38, 0x3e, 0x00, 0x00, 0x00,
    0x00, 0x00, 0x00, 0x00, 0x00, 0x00, 0x00, 0x00, 0x00, 0x00, 0x00, 0x00,
    0x00, 0x00, 0x00, 0x00, 0x00, 0x00, 0x00, 0x00, 0x00, 0x00, 0x00, 0x00,
    0x00, 0x00, 0x00, 0x00, 0x00, 0x00, 0x00, 0x00, 0x00, 0x00, 0x00, 0x00,
    0x00, 0x00, 0x00, 0x00, 0x00, 0x00, 0x00, 0x00, 0x00, 0x00, 0x00, 0x00,
    0x00, 0x00, 0x00, 0x00, 0x00, 0x00, 0x03, 0x17, 0x16, 0x16, 0x17, 0x17,
    0x17, 0x17, 0x17, 0x17, 0x1c, 0x1c, 0x1c, 0x1b, 0x1c, 0x22, 0x28, 0x2c,
    0x2b, 0x19, 0x0a, 0x41, 0x2e, 0x26, 0x28, 0x24, 0x24, 0x25, 0x28, 0x26,
    0x2e, 0x35, 0x4c, 0x2b, 0x2c, 0x2c, 0x4c, 0x50, 0x53, 0x27, 0x34, 0x52,
    0x54, 0x34, 0x2d, 0x2d, 0x44, 0x2c, 0x40, 0x35, 0x35, 0x27, 0x27, 0x27,
    0x27, 0x3d, 0x2e, 0x26, 0x4b, 0x31, 0x41, 0x2c, 0x2b, 0x2b, 0x2b, 0x2b,
    0x2b, 0x2b, 0x2b, 0x2b, 0x2b, 0x2b, 0x2b, 0x2b, 0x2b, 0x35, 0x35, 0x35,
    0x35, 0x35, 0x2b, 0x2b, 0x2b, 0x4a, 0x3a, 0x19, 0x17, 0x1b, 0x3a, 0x54,
    0x6a, 0xb3, 0xb2, 0xae, 0xae, 0xae, 0xae, 0xae, 0xae, 0xae, 0xae, 0xae,
    0xae, 0xba, 0xba, 0xba, 0xba, 0xb1, 0xad, 0xad, 0xa7, 0x42, 0x37, 0x37,
    0xa7, 0xad, 0xae, 0xae, 0xae, 0xae, 0xae, 0xae, 0xae, 0xb1, 0xb2, 0x24,
    0x2c, 0x6a, 0x6e, 0x52, 0xb3, 0xb3, 0xb3, 0xb3, 0xb3, 0xb3, 0xc7, 0xc7,
    0xc7, 0xc7, 0x52, 0x52, 0x52, 0x52, 0x52, 0x52, 0x52, 0x52, 0x52, 0x52,
    0x52, 0x52, 0x52, 0x6c, 0x4b, 0x33, 0x35, 0x4a, 0x16, 0x0a, 0x09, 0x4e,
    0x4d, 0x4d, 0x4d, 0x4d, 0x4d, 0x4d, 0x4d, 0x4d, 0x4e, 0x4e, 0x4e, 0x0e,
    0x09, 0x0e, 0x09, 0x09, 0x09, 0x09, 0x0e, 0x6d, 0xc3, 0x30, 0xca, 0x68,
    0x6b, 0x5c, 0x45, 0x45, 0x45, 0x45, 0x45, 0x4d, 0x4d, 0x4d, 0x4d, 0x45,
    0x4d, 0x57, 0x45, 0x5e, 0x45, 0x0e, 0x5a, 0x5a, 0x45, 0x56, 0x58, 0x5a,
    0x5d, 0x5e, 0x5e, 0x5e, 0x5e, 0x5e, 0x5e, 0x5e, 0x5e, 0x5e, 0x5e, 0x65,
    0x3a, 0x23, 0x45, 0x5a, 0x60, 0x62, 0x64, 0x64, 0x64, 0x64, 0x64, 0x64,
    0xc9, 0xca, 0xcb, 0xce, 0x47, 0x3f, 0x3f, 0x38, 0x2f, 0x00, 0x00, 0x00,
    0x00, 0x00, 0x00, 0x00, 0x00, 0x00, 0x00, 0x00, 0x00, 0x00, 0x00, 0x00,
    0x00, 0x00, 0x00, 0x00, 0x00, 0x00, 0x00, 0x00, 0x00, 0x00, 0x00, 0x00,
    0x00, 0x00, 0x00, 0x00, 0x00, 0x00, 0x00, 0x00, 0x00, 0x00, 0x00, 0x00,
    0x00, 0x00, 0x00, 0x00, 0x00, 0x00, 0x00, 0x00, 0x00, 0x00, 0x00, 0x00,
    0x00, 0x00, 0x00, 0x00, 0x00, 0x00, 0x02, 0x0a, 0x16, 0x16, 0x17, 0x17,
    0x17, 0x17, 0x17, 0x17, 0x1c, 0x1c, 0x1c, 0x1a, 0x1c, 0x23, 0x27, 0x2c,
    0x27, 0x0e, 0x1b, 0x35, 0x35, 0x27, 0x26, 0x28, 0x28, 0x4a, 0x26, 0x27,
    0x46, 0x2b, 0x2b, 0x2c, 0x44, 0x2b, 0x53, 0x6e, 0x2c, 0x2c, 0x50, 0x4b,
    0x2b, 0x2b, 0x2b, 0x2b, 0x2b, 0x35, 0x35, 0x35, 0x35, 0x35, 0x35, 0x35,
    0x35, 0x35, 0x35, 0x6f, 0x37, 0x3c, 0x4c, 0x2c, 0x2b, 0x2b, 0x2b, 0x2b,
    0x2b, 0x2b, 0x2b, 0x2b, 0x2b, 0x2b, 0x2b, 0x2b, 0x2b, 0x35, 0x35, 0x35,
    0x35, 0x35, 0x2b, 0x2b, 0x35, 0x4a, 0x1e, 0x11, 0x1b, 0x17, 0x24, 0x53,
    0x6e, 0xb3, 0xb2, 0xae, 0xae, 0xae, 0xae, 0xae, 0xae, 0xae, 0xae, 0xb1,
    0xba, 0xba, 0xba, 0xba, 0xb1, 0xb1, 0xad, 0xad, 0xa7, 0x42, 0x42, 0x37,
    0xa7, 0xad, 0xae, 0xae, 0xba, 0xba, 0xae, 0xba, 0xae, 0xba, 0xb3, 0x33,
    0x2d, 0x6a, 0x6e, 0x52, 0xb3, 0xb3, 0x6c, 0x6c, 0xb3, 0xb3, 0xb3, 0xc7,
    0xc7, 0xc7, 0xc7, 0xc7, 0x52, 0x52, 0x52, 0x52, 0x52, 0x52, 0x52, 0x52,
    0x52, 0x52, 0x52, 0xb3, 0x55, 0x24, 0x27, 0x26, 0x1b, 0x0a, 0x09, 0x57,
    0x4d, 0x4d, 0x4d, 0x4d, 0x4d, 0x4d, 0x4d, 0x4e, 0x4e, 0x4e, 0x0e, 0x0e,
    0x09, 0x09, 0x09, 0x09, 0x09, 0x0e, 0x09, 0x0e, 0xca, 0x31, 0x29, 0x68,
    0x60, 0x6d, 0x45, 0x45, 0x4d, 0x4d, 0x4d, 0x4d, 0x4d, 0x4d, 0x4d, 0x4d,
    0x4d, 0x4e, 0x0e, 0x58, 0x5d, 0x4d, 0x4d, 0x5d, 0x5a, 0x56, 0x58, 0x58,
    0x5a, 0x5f, 0x5f, 0x5d, 0x5d, 0x5e, 0x5d, 0x5d, 0x5d, 0x5d, 0x5d, 0x64,
    0x09, 0x26, 0x4e, 0x58, 0x5e, 0x61, 0x64, 0x64, 0x64, 0x64, 0x64, 0x64,
    0xc9, 0xca, 0xcb, 0xce, 0x47, 0x3f, 0x38, 0x5b, 0x00, 0x00, 0x00, 0x00,
    0x00, 0x00, 0x00, 0x00, 0x00, 0x00, 0x00, 0x00, 0x00, 0x00, 0x00, 0x00,
    0x00, 0x00, 0x00, 0x00, 0x00, 0x00, 0x00, 0x00, 0x00, 0x00, 0x00, 0x00,
    0x00, 0x00, 0x00, 0x00, 0x00, 0x00, 0x00, 0x00, 0x00, 0x00, 0x00, 0x00,
    0x00, 0x00, 0x00, 0x00, 0x00, 0x00, 0x00, 0x00, 0x00, 0x00, 0x00, 0x00,
    0x00, 0x00, 0x00, 0x00, 0x00, 0x00, 0x00, 0x06, 0x17, 0x17, 0x17, 0x17,
    0x17, 0x17, 0x17, 0x17, 0x1c, 0x1c, 0x1b, 0x1c, 0x1e, 0x24, 0x2b, 0x2d,
    0x24, 0x45, 0x33, 0x40, 0x35, 0x27, 0x27, 0x3d, 0x26, 0x26, 0x27, 0x46,
    0x35, 0x2b, 0x2b, 0x2c, 0x4c, 0x4f, 0x6c, 0x34, 0x35, 0x53, 0x6a, 0x2c,
    0x2c, 0x2c, 0x2c, 0x2c, 0x2c, 0x2c, 0x2c, 0x2b, 0x2b, 0x2b, 0x4c, 0x4c,
    0x4c, 0x4c, 0x35, 0x34, 0x37, 0x59, 0x44, 0x2c, 0x2b, 0x2b, 0x2b, 0x2b,
    0x2b, 0x2b, 0x2b, 0x2b, 0x2b, 0x2b, 0x2b, 0x2b, 0x35, 0x35, 0x35, 0x35,
    0x35, 0x35, 0x2b, 0x2b, 0x35, 0x24, 0x1c, 0x0a, 0x1c, 0x17, 0x26, 0x53,
    0x6e, 0xb3, 0xb2, 0xae, 0xba, 0xae, 0xae, 0xae, 0xae, 0xae, 0xba, 0xb1,
    0xad, 0xba, 0xba, 0xba, 0xad, 0xad, 0xad, 0xad, 0xa7, 0x42, 0x42, 0x37,
    0x42, 0xad, 0xad, 0xba, 0xba, 0xba, 0xba, 0xad, 0xba, 0xba, 0x52, 0x23,
    0x2d, 0x6a, 0x50, 0x52, 0x52, 0xb3, 0x6c, 0x6c, 0xb3, 0xb3, 0xb3, 0xc7,
    0xc7, 0xc7, 0xc7, 0xc7, 0xc7, 0xc7, 0x52, 0x52, 0x52, 0x52, 0x52, 0x52,
    0x52, 0x52, 0x52, 0x52, 0x6a, 0x28, 0x3d, 0x27, 0x1c, 0x11, 0x09, 0x57,
    0x4d, 0x4d, 0x4d, 0x4d, 0x4d, 0x4d, 0x4d, 0x4e, 0x4e, 0x57, 0x0e, 0x0e,
    0x0e, 0x0e, 0x09, 0x09, 0x09, 0x0e, 0x09, 0x0e, 0xca, 0x48, 0x38, 0x68,
    0x63, 0x6d, 0x45, 0x4d, 0x4d, 0x4d, 0x4d, 0x4d, 0x4d, 0x4d, 0x4d, 0x4e,
    0x4e, 0x0e, 0x4e, 0x0e, 0x58, 0x5a, 0x4d, 0x45, 0x5d, 0x58, 0x45, 0x58,
    0x58, 0x5a, 0x5f, 0x5e, 0x5e, 0x61, 0x62, 0x60, 0x5a, 0x5d, 0x5a, 0x62,
    0x60, 0x27, 0x11, 0x58, 0x5d, 0x60, 0x63, 0x64, 0x64, 0x64, 0x64, 0x64,
    0xc9, 0xcc, 0xce, 0xce, 0x47, 0x3f, 0x38, 0x3e, 0x00, 0x00, 0x00, 0x00,
    0x00, 0x00, 0x00, 0x00, 0x00, 0x00, 0x00, 0x00, 0x00, 0x00, 0x00, 0x00,
    0x00, 0x00, 0x00, 0x00, 0x00, 0x00, 0x00, 0x00, 0x00, 0x00, 0x00, 0x00,
    0x00, 0x00, 0x00, 0x00, 0x00, 0x00, 0x00, 0x00, 0x00, 0x00, 0x00, 0x00,
    0x00, 0x00, 0x00, 0x00, 0x00, 0x00, 0x00, 0x00, 0x00, 0x00, 0x00, 0x00,
    0x00, 0x00, 0x00, 0x00, 0x00, 0x00, 0x00, 0x03, 0x17, 0x17, 0x17, 0x17,
    0x17, 0x17, 0x17, 0x1b, 0x1b, 0x1b, 0x1b, 0x1c, 0x21, 0x28, 0x2c, 0x2d,
    0x20, 0x0e, 0x28, 0x2b, 0x35, 0x46, 0x3d, 0x3d, 0x26, 0x27, 0x27, 0x46,
    0x35, 0x2b, 0x2c, 0x4c, 0x2c, 0x51, 0x54, 0x2e, 0x4f, 0x52, 0x2d, 0x2c,
    0x2c, 0x2c, 0x2c, 0x2c, 0x2b, 0x2b, 0x2b, 0x2b, 0x2b, 0x2b, 0x4c, 0x35,
    0x40, 0x4c, 0x35, 0x4b, 0x4b, 0x59, 0x44, 0x2b, 0x2b, 0x2b, 0x35, 0x2b,
    0x2b, 0x2b, 0x2b, 0x2b, 0x2b, 0x2b, 0x2b, 0x2b, 0x35, 0x35, 0x46, 0x46,
    0x35, 0x35, 0x2b, 0x2b, 0x46, 0x24, 0x1b, 0x11, 0x1c, 0x16, 0x2b, 0x55,
    0x52, 0x6c, 0xb2, 0xae, 0xae, 0xba, 0xba, 0xba, 0xba, 0xba, 0xba, 0xba,
    0xba, 0xba, 0xba, 0xba, 0xad, 0xad, 0xad, 0xad, 0xa7, 0x42, 0x42, 0x37,
    0xa7, 0xac, 0xad, 0xad, 0xac, 0xac, 0xad, 0xad, 0xba, 0xb7, 0x6a, 0x23,
    0x34, 0x6a, 0x6a, 0x6e, 0x52, 0xb3, 0x6c, 0x6c, 0x6c, 0x6c, 0xb3, 0xb3,
    0xc7, 0xc7, 0xc7, 0xc7, 0xc7, 0xc7, 0x52, 0x52, 0x52, 0x52, 0x52, 0x52,
    0x52, 0x52, 0x52, 0xc7, 0x52, 0x27, 0x28, 0x2e, 0x1e, 0x11, 0x09, 0x57,
    0x4d, 0x4d, 0x4d, 0x4d, 0x4d, 0x4d, 0x4d, 0x4d, 0x4e, 0x57, 0x0e, 0x0e,
    0x0e, 0x0e, 0x09, 0x09, 0x09, 0x09, 0x09, 0x0e, 0x6d, 0x32, 0x31, 0xc9,
    0x65, 0x5a, 0x45, 0x45, 0x4d, 0x4d, 0x4d, 0x4d, 0x4d, 0x4e, 0x4e, 0x4e,
    0x4e, 0x4e, 0x4e, 0x0e, 0x4e, 0x5a, 0x58, 0x57, 0x58, 0x5f, 0x58, 0x5a,
    0x5e, 0x60, 0x61, 0x61, 0x61, 0x60, 0x60, 0x5e, 0x5a, 0x5a, 0x5a, 0x5d,
    0x64, 0x33, 0x1e, 0x45, 0x5a, 0x5e, 0x63, 0x64, 0x64, 0x64, 0x64, 0x64,
    0xc9, 0xcc, 0xce, 0x32, 0x3f, 0x38, 0x38, 0xd1, 0x00, 0x00, 0x00, 0x00,
    0x00, 0x00, 0x00, 0x00, 0x00, 0x00, 0x00, 0x00, 0x00, 0x00, 0x00, 0x00,
    0x00, 0x00, 0x00, 0x00, 0x00, 0x00, 0x00, 0x00, 0x00, 0x00, 0x00, 0x00,
    0x00, 0x00, 0x00, 0x00, 0x00, 0x00, 0x00, 0x00, 0x00, 0x00, 0x00, 0x00,
    0x00, 0x00, 0x00, 0x00, 0x00, 0x00, 0x00, 0x00, 0x00, 0x00, 0x00, 0x00,
    0x00, 0x00, 0x00, 0x00, 0x00, 0x00, 0x00, 0x02, 0x15, 0x17, 0x17, 0x17,
    0x17, 0x17, 0x17, 0x1b, 0x20, 0x1b, 0x1a, 0x1c, 0x23, 0x27, 0x2d, 0x2c,
    0x0a, 0x0a, 0x41, 0x2b, 0x2b, 0x35, 0x44, 0x44, 0x2c, 0x2b, 0x35, 0x35,
    0x35, 0x35, 0x35, 0x35, 0x55, 0x55, 0x2b, 0x2d, 0x51, 0x54, 0x2b, 0x2c,
    0x2c, 0x2c, 0x2c, 0x2c, 0x2b, 0x2b, 0x2b, 0x2b, 0x2b, 0x2b, 0x40, 0x40,
    0x40, 0x4c, 0x35, 0x4b, 0x31, 0x35, 0x2c, 0x2b, 0x2b, 0x35, 0x35, 0x35,
    0x2b, 0x2b, 0x2b, 0x2b, 0x2b, 0x2b, 0x2b, 0x2b, 0x35, 0x35, 0x46, 0x46,
    0x35, 0x35, 0x2b, 0x2b, 0x27, 0x24, 0x20, 0x11, 0x21, 0x13, 0x2d, 0x55,
    0x52, 0xb2, 0xae, 0xae, 0xae, 0xba, 0xba, 0xba, 0xba, 0xba, 0xba, 0xba,
    0xba, 0xba, 0xba, 0xba, 0xba, 0xba, 0xad, 0xad, 0xa7, 0x42, 0x42, 0x37,
    0xa8, 0xac, 0xad, 0xad, 0x6c, 0x6e, 0xad, 0xad, 0xba, 0xac, 0x53, 0x23,
    0x4f, 0x6a, 0x6a, 0x6e, 0x52, 0x52, 0xb3, 0xb3, 0xb3, 0x6c, 0xb3, 0xc7,
    0xc7, 0xc7, 0xc7, 0xc7, 0xc7, 0xc7, 0x52, 0x52, 0x52, 0x52, 0x52, 0x52,
    0x52, 0x52, 0x52, 0x52, 0x6c, 0x4c, 0x25, 0x35, 0x3a, 0x11, 0x0b, 0x0e,
    0x4d, 0x4d, 0x4d, 0x4d, 0x4d, 0x4d, 0x4d, 0x4d, 0x4e, 0x57, 0x0e, 0x0e,
    0x0e, 0x0e, 0x09, 0x09, 0x09, 0x09, 0x09, 0x09, 0x39, 0xcb, 0x31, 0x32,
    0x68, 0x6b, 0x6d, 0x45, 0x4d, 0x4d, 0x4d, 0x4e, 0x4e, 0x4e, 0x4e, 0x4e,
    0x4e, 0x0e, 0x4e, 0x4e, 0x09, 0x4d, 0x5d, 0x56, 0x4e, 0x56, 0x58, 0x58,
    0x5a, 0x5a, 0x5a, 0x5a, 0x5a, 0x58, 0x58, 0x5a, 0x5a, 0x5a, 0x5a, 0x5a,
    0x64, 0x19, 0x24, 0x4d, 0x58, 0x5e, 0x61, 0x64, 0x64, 0x64, 0x64, 0x64,
    0xca, 0xcb, 0xce, 0x47, 0x3f, 0x38, 0x5b, 0x01, 0x00, 0x00, 0x00, 0x00,
    0x00, 0x00, 0x00, 0x00, 0x00, 0x00, 0x00, 0x00, 0x00, 0x00, 0x00, 0x00,
    0x00, 0x00, 0x00, 0x00, 0x00, 0x00, 0x00, 0x00, 0x00, 0x00, 0x00, 0x00,
    0x00, 0x00, 0x00, 0x00, 0x00, 0x00, 0x00, 0x00, 0x00, 0x00, 0x00, 0x00,
    0x00, 0x00, 0x00, 0x00, 0x00, 0x00, 0x00, 0x00, 0x00, 0x00, 0x00, 0x00,
    0x00, 0x00, 0x00, 0x00, 0x00, 0x00, 0x00, 0x0c, 0x06, 0x17, 0x17, 0x17,
    0x17, 0x17, 0x17, 0x1b, 0x1b, 0x1b, 0x1c, 0x1e, 0x24, 0x2b, 0x2d, 0x27,
    0x39, 0x1b, 0x40, 0x4c, 0x2b, 0x40, 0x4b, 0x51, 0x51, 0x52, 0x52, 0x50,
    0x55, 0x55, 0x53, 0x55, 0x6a, 0x2d, 0x2c, 0x55, 0x53, 0x2c, 0x2c, 0x2c,
    0x2c, 0x2c, 0x2c, 0x2c, 0x2b, 0x2b, 0x2b, 0x2b, 0x2b, 0x40, 0x40, 0x40,
    0x40, 0x35, 0x6f, 0x37, 0x6f, 0x4c, 0x2b, 0x2b, 0x35, 0x35, 0x35, 0x35,
    0x2b, 0x40, 0x2b, 0x2b, 0x2b, 0x2b, 0x2b, 0x2b, 0x35, 0x35, 0x46, 0x35,
    0x35, 0x2b, 0x2b, 0x2b, 0x27, 0x33, 0x17, 0x15, 0x21, 0x16, 0x2d, 0x6a,
    0xbb, 0xb2, 0xae, 0xb1, 0xba, 0xba, 0xba, 0xba, 0xba, 0xba, 0xba, 0xba,
    0xba, 0xba, 0xad, 0xad, 0xad, 0xad, 0xad, 0xad, 0xa7, 0x42, 0x42, 0x37,
    0xa8, 0xac, 0xac, 0xb1, 0x6c, 0x53, 0x54, 0xb1, 0xba, 0xa7, 0x54, 0x24,
    0x54, 0x6a, 0x6a, 0x6e, 0x52, 0x52, 0xb3, 0xb3, 0xb3, 0xb3, 0xb3, 0xb3,
    0xb3, 0xc7, 0xc7, 0xc7, 0xc7, 0xc7, 0x52, 0x52, 0x52, 0x52, 0x52, 0x52,
    0x52, 0x52, 0x52, 0x52, 0x6c, 0x2d, 0x24, 0x35, 0x23, 0x11, 0x0b, 0x0e,
    0x4d, 0x4d, 0x4d, 0x4d, 0x4d, 0x4d, 0x4d, 0x4e, 0x4e, 0x57, 0x0e, 0x0e,
    0x09, 0x0e, 0x09, 0x09, 0x49, 0x09, 0x0e, 0x09, 0x0e, 0xca, 0x38, 0x48,
    0x68, 0x62, 0x6d, 0x45, 0x4d, 0x4d, 0x4e, 0x4e, 0x4e, 0x4e, 0x4e, 0x4e,
    0x0e, 0x0e, 0x0e, 0x0e, 0x0e, 0x0e, 0x56, 0x5a, 0x45, 0x4d, 0x45, 0x45,
    0x45, 0x45, 0x5c, 0x58, 0x58, 0x5a, 0x5a, 0x5a, 0x5a, 0x5a, 0x5a, 0x58,
    0x62, 0x56, 0x4a, 0x09, 0x56, 0x5f, 0x61, 0x64, 0x64, 0x64, 0x64, 0x64,
    0xca, 0xc3, 0xce, 0x47, 0x3f, 0x38, 0xcf, 0x00, 0x00, 0x00, 0x00, 0x00,
    0x00, 0x00, 0x00, 0x00, 0x00, 0x00, 0x00, 0x00, 0x00, 0x00, 0x00, 0x00,
    0x00, 0x00, 0x00, 0x00, 0x00, 0x00, 0x00, 0x00, 0x00, 0x00, 0x00, 0x00,
    0x00, 0x00, 0x00, 0x00, 0x00, 0x00, 0x00, 0x00, 0x00, 0x00, 0x00, 0x00,
    0x00, 0x00, 0x00, 0x00, 0x00, 0x00, 0x00, 0x00, 0x00, 0x00, 0x00, 0x00,
    0x00, 0x00, 0x00, 0x00, 0x00, 0x00, 0x00, 0x00, 0x04, 0x17, 0x17, 0x17,
    0x17, 0x17, 0x17, 0x17, 0x1b, 0x1b, 0x1c, 0x1e, 0x28, 0x2d, 0x2d, 0x24,
    0x45, 0x23, 0x2c, 0x2c, 0x2b, 0x2b, 0x2c, 0x2d, 0x34, 0x34, 0x4f, 0x54,
    0x54, 0x4b, 0x4b, 0x53, 0x34, 0x35, 0x4b, 0x50, 0x2d, 0x2c, 0x2c, 0x2c,
    0x2c, 0x2c, 0x2c, 0x2c, 0x2b, 0x2b, 0x2b, 0x2b, 0x2b, 0x2b, 0x40, 0x40,
    0x40, 0x35, 0x34, 0x4b, 0x59, 0x44, 0x2b, 0x2b, 0x35, 0x35, 0x35, 0x35,
    0x40, 0x2b, 0x2b, 0x2b, 0x2b, 0x2b, 0x35, 0x35, 0x35, 0x35, 0x46, 0x35,
    0x35, 0x35, 0x2b, 0x2b, 0x27, 0x23, 0x17, 0x15, 0x21, 0x16, 0x4f, 0x6a,
    0xb3, 0xb2, 0xae, 0xba, 0xba, 0xba, 0xba, 0xba, 0xba, 0xba, 0xba, 0xba,
    0xba, 0xba, 0xad, 0xad, 0xad, 0xad, 0xad, 0xac, 0xa7, 0x42, 0x42, 0x37,
    0xa8, 0xa7, 0xa7, 0xa7, 0xa8, 0xa8, 0x55, 0x55, 0xb7, 0xa7, 0x54, 0x26,
    0x54, 0x55, 0x6a, 0x6e, 0x6e, 0x52, 0xb3, 0xb3, 0xb3, 0xb3, 0xb3, 0xb3,
    0xb3, 0xb3, 0xb3, 0xc7, 0xc7, 0xc7, 0x52, 0x52, 0x52, 0x52, 0x52, 0x52,
    0x52, 0x52, 0x52, 0x52, 0x6c, 0x34, 0x33, 0x35, 0x33, 0x13, 0x0b, 0x0e,
    0x4e, 0x4d, 0x4d, 0x4d, 0x4d, 0x4d, 0x4d, 0x4e, 0x57, 0x57, 0x57, 0x0e,
    0x0e, 0x0e, 0x09, 0x09, 0x09, 0x09, 0x09, 0x0e, 0x0e, 0x5a, 0x47, 0x31,
    0x68, 0x64, 0x5a, 0x45, 0x4d, 0x4d, 0x4e, 0x4e, 0x4e, 0x4e, 0x4e, 0x4e,
    0x0e, 0x0e, 0x0e, 0x0e, 0x0e, 0x0e, 0x0e, 0x58, 0x45, 0x4d, 0x4d, 0x45,
    0x45, 0x5c, 0x58, 0x58, 0x58, 0x58, 0x5a, 0x5a, 0x5a, 0x5a, 0x5a, 0x5a,
    0x5e, 0x62, 0x24, 0x16, 0x45, 0x58, 0x60, 0x63, 0x64, 0x64, 0x64, 0xc9,
    0xca, 0xce, 0x47, 0x3f, 0x38, 0x38, 0xd0, 0x00, 0x00, 0x00, 0x00, 0x00,
    0x00, 0x00, 0x00, 0x00, 0x00, 0x00, 0x00, 0x00, 0x00, 0x00, 0x00, 0x00,
    0x00, 0x00, 0x00, 0x00, 0x00, 0x00, 0x00, 0x00, 0x00, 0x00, 0x00, 0x00,
    0x00, 0x00, 0x00, 0x00, 0x00, 0x00, 0x00, 0x00, 0x00, 0x00, 0x00, 0x00,
    0x00, 0x00, 0x00, 0x00, 0x00, 0x00, 0x00, 0x00, 0x00, 0x00, 0x00, 0x00,
    0x00, 0x00, 0x00, 0x00, 0x00, 0x00, 0x00, 0x00, 0x02, 0x13, 0x17, 0x17,
    0x17, 0x17, 0x17, 0x17, 0x1b, 0x1b, 0x1c, 0x22, 0x27, 0x2d, 0x2d, 0x1e,
    0x0e, 0x26, 0x2c, 0x2c, 0x2c, 0x2c, 0x2b, 0x4c, 0x4c, 0x4c, 0x4c, 0x2c,
    0x2c, 0x2c, 0x2c, 0x2c, 0x2b, 0x34, 0x50, 0x34, 0x2c, 0x2c, 0x2c, 0x2c,
    0x2c, 0x2c, 0x2c, 0x2c, 0x2c, 0x2c, 0x2b, 0x2b, 0x2b, 0x2b, 0x40, 0x40,
    0x4c, 0x41, 0x4b, 0x30, 0x59, 0x2c, 0x2b, 0x35, 0x35, 0x35, 0x35, 0x35,
    0x35, 0x35, 0x2b, 0x2b, 0x2b, 0x2b, 0x2b, 0x35, 0x35, 0x46, 0x46, 0x35,
    0x35, 0x35, 0x2b, 0x2b, 0x3d, 0x23, 0x16, 0x17, 0x21, 0x1b, 0x54, 0x6e,
    0x6c, 0xae, 0xba, 0xad, 0xba, 0xba, 0xba, 0xba, 0xba, 0xba, 0xba, 0xba,
    0xba, 0xba, 0xad, 0xad, 0xad, 0xad, 0xad, 0xac, 0xa7, 0x42, 0x42, 0x37,
    0xa8, 0xa7, 0xa8, 0xad, 0xc7, 0xb1, 0xa7, 0x6a, 0xad, 0xac, 0x34, 0x2b,
    0x54, 0x6a, 0x6a, 0x6e, 0x52, 0x52, 0xb3, 0xb3, 0xb3, 0xb3, 0xb3, 0xb3,
    0xb3, 0xb3, 0xb3, 0xc7, 0xc7, 0xc7, 0x52, 0x52, 0x52, 0x52, 0x52, 0x52,
    0x52, 0x52, 0x52, 0x52, 0xb2, 0x54, 0x33, 0x35, 0x24, 0x16, 0x0a, 0x0e,
    0x4e, 0x4d, 0x4d, 0x4d, 0x4d, 0x4d, 0x4d, 0x4e, 0x57, 0x57, 0x57, 0x57,
    0x0e, 0x0e, 0x09, 0x09, 0x09, 0x09, 0x09, 0x09, 0x0e, 0x39, 0xc3, 0x30,
    0xca, 0x68, 0x6b, 0x6d, 0x4d, 0x4d, 0x4e, 0x4e, 0x0e, 0x0e, 0x4e, 0x0e,
    0x0e, 0x0e, 0x0e, 0x0e, 0x09, 0x09, 0x09, 0x0e, 0x49, 0x0e, 0x4d, 0x45,
    0x45, 0x56, 0x58, 0x58, 0x58, 0x5a, 0x58, 0x58, 0x5a, 0x5a, 0x5a, 0x5a,
    0x58, 0x63, 0x1e, 0x1f, 0x4e, 0x56, 0x5e, 0x62, 0x64, 0x64, 0x64, 0xc9,
    0xcc, 0xce, 0x47, 0x3f, 0x38, 0x5b, 0x12, 0x00, 0x00, 0x00, 0x00, 0x00,
    0x00, 0x00, 0x00, 0x00, 0x00, 0x00, 0x00, 0x00, 0x00, 0x00, 0x00, 0x00,
    0x00, 0x00, 0x00, 0x00, 0x00, 0x00, 0x00, 0x00, 0x00, 0x00, 0x00, 0x00,
    0x00, 0x00, 0x00, 0x00, 0x00, 0x00, 0x00, 0x00, 0x00, 0x00, 0x00, 0x00,
    0x00, 0x00, 0x00, 0x00, 0x00, 0x00, 0x00, 0x00, 0x00, 0x00, 0x00, 0x00,
    0x00, 0x00, 0x00, 0x00, 0x00, 0x00, 0x00, 0x00, 0x0c, 0x06, 0x1b, 0x17,
    0x17, 0x17, 0x17, 0x17, 0x20, 0x1c, 0x1e, 0x24, 0x35, 0x2d, 0x2b, 0x19,
    0x13, 0x35, 0x2c, 0x2c, 0x40, 0x35, 0x4c, 0x2c, 0x2c, 0x2c, 0x2d, 0x2d,
    0x2d, 0x2d, 0x2d, 0x2c, 0x2c, 0x55, 0x54, 0x2c, 0x2d, 0x2c, 0x2c, 0x2c,
    0x2c, 0x2c, 0x2c, 0x2c, 0x2b, 0x2c, 0x2c, 0x2b, 0x2b, 0x40, 0x40, 0x40,
    0x4c, 0x35, 0x4b, 0x31, 0x35, 0x2b, 0x2b, 0x35, 0x46, 0x46, 0x46, 0x46,
    0x35, 0x35, 0x35, 0x35, 0x35, 0x35, 0x35, 0x35, 0x35, 0x46, 0x46, 0x46,
    0x35, 0x35, 0x2b, 0x35, 0x26, 0x22, 0x16, 0x1b, 0x1c, 0x1e, 0x54, 0x6e,
    0x6c, 0xae, 0xad, 0xad, 0xba, 0xba, 0xba, 0xba, 0xba, 0xba, 0xba, 0xba,
    0xba, 0xba, 0xad, 0xad, 0xad, 0xad, 0xad, 0xad, 0xa7, 0x42, 0x42, 0x37,
    0xa8, 0xa7, 0xa8, 0xa7, 0xad, 0xac, 0xac, 0xb3, 0xad, 0xb2, 0x46, 0x2d,
    0x54, 0x6a, 0x6e, 0x6e, 0x6e, 0x52, 0x52, 0xb3, 0xb3, 0xb3, 0xb3, 0xb3,
    0xb3, 0xb3, 0xb3, 0xc7, 0xc7, 0xc7, 0x52, 0x52, 0x52, 0x52, 0x52, 0x52,
    0x52, 0x52, 0x52, 0x52, 0xb2, 0x4b, 0x33, 0x35, 0x24, 0x16, 0x0a, 0x09,
    0x4e, 0x4d, 0x4d, 0x4d, 0x4d, 0x4d, 0x4d, 0x4e, 0x57, 0x57, 0x57, 0x0e,
    0x0e, 0x09, 0x09, 0x09, 0x09, 0x09, 0x09, 0x09, 0x0e, 0x0e, 0xca, 0x31,
    0x47, 0x68, 0x60, 0x5c, 0x4d, 0x4e, 0x4e, 0x0e, 0x4e, 0x4e, 0x4e, 0x0e,
    0x0e, 0x0e, 0x09, 0x09, 0x09, 0x09, 0x0e, 0x09, 0x09, 0x09, 0x0e, 0x4d,
    0x4d, 0x4d, 0x56, 0x58, 0x58, 0x5a, 0x58, 0x0e, 0x5a, 0x5a, 0x5a, 0x5a,
    0x58, 0x62, 0x09, 0x24, 0x09, 0x45, 0x5f, 0x62, 0x64, 0x64, 0x64, 0xc9,
    0xcc, 0xce, 0x47, 0x3f, 0x38, 0x36, 0x00, 0x00, 0x00, 0x00, 0x00, 0x00,
    0x00, 0x00, 0x00, 0x00, 0x00, 0x00, 0x00, 0x00, 0x00, 0x00, 0x00, 0x00,
    0x00, 0x00, 0x00, 0x00, 0x00, 0x00, 0x00, 0x00, 0x00, 0x00, 0x00, 0x00,
    0x00, 0x00, 0x00, 0x00, 0x00, 0x00, 0x00, 0x00, 0x00, 0x00, 0x00, 0x00,
    0x00, 0x00, 0x00, 0x00, 0x00, 0x00, 0x00, 0x00, 0x00, 0x00, 0x00, 0x00,
    0x00, 0x00, 0x00, 0x00, 0x00, 0x00, 0x00, 0x00, 0x00, 0x04, 0x1b, 0x17,
    0x17, 0x17, 0x17, 0x17, 0x17, 0x1c, 0x1e, 0x25, 0x2c, 0x34, 0x3d, 0x09,
    0x1b, 0x35, 0x2c, 0x2b, 0x2d, 0x34, 0x35, 0x2c, 0x2c, 0x2c, 0x2c, 0x2c,
    0x2d, 0x2d, 0x2d, 0x2c, 0x54, 0x53, 0x2d, 0x2c, 0x2c, 0x2c, 0x2c, 0x2c,
    0x2c, 0x2c, 0x2c, 0x2c, 0x2b, 0x2b, 0x2c, 0x2b, 0x2b, 0x4c, 0x40, 0x40,
    0x35, 0x6f, 0x37, 0x3c, 0x40, 0x2b, 0x35, 0x35, 0x46, 0x46, 0x46, 0x46,
    0x35, 0x35, 0x35, 0x35, 0x35, 0x35, 0x35, 0x35, 0x35, 0x46, 0x46, 0x46,
    0x35, 0x35, 0x2b, 0x35, 0x28, 0x3a, 0x16, 0x1c, 0x1c, 0x23, 0x53, 0x52,
    0xb2, 0xae, 0xad, 0xad, 0xad, 0xba, 0xba, 0xba, 0xba, 0xba, 0xad, 0xad,
    0xad, 0xad, 0xad, 0xad, 0xad, 0xad, 0xad, 0xad, 0xa7, 0x42, 0x42, 0x42,
    0xa8, 0xa7, 0xa7, 0xa7, 0xac, 0xad, 0xad, 0xae, 0xad, 0x6e, 0x3d, 0x4f,
    0x54, 0x55, 0x6e, 0x6e, 0x6e, 0x52, 0x52, 0x52, 0xb3, 0xb3, 0xb3, 0xb3,
    0xb3, 0xc7, 0xc7, 0xc7, 0xc7, 0xc7, 0x52, 0x52, 0x52, 0x52, 0x52, 0x52,
    0x52, 0x52, 0x52, 0x52, 0x6c, 0x55, 0x24, 0x27, 0x4a, 0x17, 0x0a, 0x09,
    0x4e, 0x4d, 0x4d, 0x4d, 0x4d, 0x4d, 0x4d, 0x4d, 0x57, 0x57, 0x57, 0x0e,
    0x0e, 0x09, 0x09, 0x09, 0x09, 0x09, 0x09, 0x09, 0x0e, 0x0e, 0x5a, 0x48,
    0x38, 0x68, 0x63, 0x6d, 0x4d, 0x4e, 0x4e, 0x4e, 0x0e, 0x0e, 0x0e, 0x0e,
    0x0e, 0x09, 0x09, 0x09, 0x09, 0x09, 0x09, 0x0e, 0x0e, 0x4d, 0x56, 0x45,
    0x5a, 0x58, 0x56, 0x58, 0x58, 0x58, 0x5a, 0x4d, 0x58, 0x5d, 0x5a, 0x58,
    0x58, 0x60, 0x5e, 0x28, 0x11, 0x45, 0x5a, 0x60, 0x63, 0x64, 0x64, 0xca,
    0xcb, 0xce, 0x47, 0x3f, 0x38, 0x3e, 0x00, 0x00, 0x00, 0x00, 0x00, 0x00,
    0x00, 0x00, 0x00, 0x00, 0x00, 0x00, 0x00, 0x00, 0x00, 0x00, 0x00, 0x00,
    0x00, 0x00, 0x00, 0x00, 0x00, 0x00, 0x00, 0x00, 0x00, 0x00, 0x00, 0x00,
    0x00, 0x00, 0x00, 0x00, 0x00, 0x00, 0x00, 0x00, 0x00, 0x00, 0x00, 0x00,
    0x00, 0x00, 0x00, 0x00, 0x00, 0x00, 0x00, 0x00, 0x00, 0x00, 0x00, 0x00,
    0x00, 0x00, 0x00, 0x00, 0x00, 0x00, 0x00, 0x00, 0x00, 0x10, 0x17, 0x17,
    0x17, 0x17, 0x17, 0x17, 0x17, 0x1c, 0x1f, 0x26, 0x2d, 0x2d, 0x24, 0x0e,
    0x22, 0x2c, 0x44, 0x35, 0x54, 0x55, 0x27, 0x2c, 0x2c, 0x2c, 0x2c, 0x2c,
    0x34, 0x53, 0x53, 0x4b, 0x53, 0x34, 0x2c, 0x2c, 0x2c, 0x2c, 0x2c, 0x2c,
    0x2c, 0x2c, 0x2c, 0x2c, 0x2b, 0x2b, 0x2b, 0x2b, 0x40, 0x40, 0x40, 0x4c,
    0x35, 0x31, 0x4b, 0x59, 0x2c, 0x2b, 0x35, 0x46, 0x46, 0x46, 0x46, 0x46,
    0x35, 0x35, 0x35, 0x35, 0x35, 0x35, 0x35, 0x35, 0x46, 0x46, 0x46, 0x46,
    0x46, 0x35, 0x2b, 0x35, 0x25, 0x3a, 0x15, 0x1c, 0x1b, 0x25, 0x53, 0x52,
    0xb2, 0xb1, 0xad, 0xad, 0xad, 0xba, 0xba, 0xba, 0xba, 0xad, 0xba, 0xad,
    0xad, 0xad, 0xad, 0xad, 0xad, 0xad, 0xad, 0xad, 0xa7, 0x42, 0x42, 0x42,
    0xa8, 0xac, 0xac, 0xac, 0xa7, 0xa7, 0xad, 0xae, 0xac, 0x53, 0x2b, 0x53,
    0x53, 0x55, 0x6e, 0x6e, 0x6e, 0x6e, 0x52, 0x52, 0xb3, 0xb3, 0xb3, 0x6c,
    0xb3, 0xb3, 0xb3, 0xc7, 0xc7, 0xc7, 0x52, 0x52, 0x52, 0x52, 0x52, 0x52,
    0x52, 0x52, 0x52, 0x52, 0xc7, 0x6a, 0x28, 0x27, 0x26, 0x20, 0x0a, 0x09,
    0x57, 0x4d, 0x4d, 0x4d, 0x4d, 0x4d, 0x4d, 0x4e, 0x57, 0x57, 0x57, 0x0e,
    0x0e, 0x09, 0x0e, 0x09, 0x09, 0x09, 0x09, 0x09, 0x09, 0x09, 0x6d, 0x32,
    0x30, 0xc9, 0x66, 0x5a, 0x45, 0x4e, 0x4e, 0x4e, 0x0e, 0x0e, 0x0e, 0x0e,
    0x0e, 0x09, 0x09, 0x09, 0x09, 0x09, 0x09, 0x09, 0x09, 0x58, 0x60, 0x4d,
    0x5a, 0x60, 0x45, 0x56, 0x58, 0x58, 0x58, 0x5c, 0x45, 0x60, 0x5a, 0x58,
    0x58, 0x5f, 0x63, 0x1f, 0x20, 0x4d, 0x58, 0x5e, 0x63, 0x64, 0xc9, 0xca,
    0xce, 0x47, 0x3f, 0x38, 0x38, 0x2f, 0x00, 0x00, 0x00, 0x00, 0x00, 0x00,
    0x00, 0x00, 0x00, 0x00, 0x00, 0x00, 0x00, 0x00, 0x00, 0x00, 0x00, 0x00,
    0x00, 0x00, 0x00, 0x00, 0x00, 0x00, 0x00, 0x00, 0x00, 0x00, 0x00, 0x00,
    0x00, 0x00, 0x00, 0x00, 0x00, 0x00, 0x00, 0x00, 0x00, 0x00, 0x00, 0x00,
    0x00, 0x00, 0x00, 0x00, 0x00, 0x00, 0x00, 0x00, 0x00, 0x00, 0x00, 0x00,
    0x00, 0x00, 0x00, 0x00, 0x00, 0x00, 0x00, 0x00, 0x00, 0x01, 0x06, 0x1b,
    0x17, 0x17, 0x17, 0x17, 0x17, 0x1c, 0x22, 0x2e, 0x2d, 0x2d, 0x3a, 0x39,
    0x25, 0x2c, 0x2c, 0x2b, 0x53, 0x4b, 0x2e, 0x2c, 0x2c, 0x2c, 0x2c, 0x2c,
    0x34, 0x53, 0x55, 0x55, 0x54, 0x44, 0x2c, 0x2c, 0x2c, 0x2c, 0x2c, 0x2c,
    0x2c, 0x2c, 0x2c, 0x2c, 0x2b, 0x2b, 0x2b, 0x4c, 0x2b, 0x40, 0x40, 0x4c,
    0x41, 0x4b, 0x31, 0x41, 0x2c, 0x35, 0x35, 0x46, 0x46, 0x46, 0x46, 0x46,
    0x46, 0x35, 0x35, 0x35, 0x35, 0x35, 0x35, 0x35, 0x46, 0x46, 0x46, 0x27,
    0x46, 0x35, 0x35, 0x27, 0x24, 0x1e, 0x15, 0x21, 0x1b, 0x46, 0x55, 0x52,
    0xb2, 0xb1, 0xad, 0xad, 0xad, 0xba, 0xba, 0xba, 0xba, 0xba, 0xba, 0xba,
    0xba, 0xad, 0xad, 0xad, 0xad, 0xad, 0xad, 0xac, 0xa8, 0x42, 0x42, 0x42,
    0xa8, 0xac, 0xac, 0xad, 0xad, 0xad, 0xba, 0xae, 0xad, 0x34, 0x2d, 0x55,
    0x55, 0x55, 0x6e, 0x6e, 0x6e, 0x52, 0x52, 0x52, 0xb3, 0xb3, 0x6c, 0x6c,
    0x6c, 0xb3, 0xb3, 0xb3, 0xc7, 0xc7, 0x52, 0x52, 0x52, 0x52, 0x52, 0x52,
    0x52, 0x6e, 0x52, 0x52, 0x52, 0x6e, 0x27, 0x26, 0x27, 0x1c, 0x0a, 0x09,
    0x57, 0x4d, 0x4d, 0x4d, 0x4d, 0x4d, 0x4d, 0x4e, 0x57, 0x57, 0x57, 0x0e,
    0x0e, 0x0e, 0x09, 0x09, 0x09, 0x09, 0x09, 0x09, 0x09, 0x0e, 0x39, 0xcc,
    0x31, 0x32, 0x68, 0xa2, 0x45, 0x4e, 0x4e, 0x0e, 0x0e, 0x0e, 0x0e, 0x0e,
    0x09, 0x09, 0x09, 0x09, 0x09, 0x09, 0x09, 0x0e, 0x09, 0x4d, 0x5e, 0x4d,
    0x57, 0x5d, 0x45, 0x45, 0x58, 0x58, 0x58, 0x58, 0x0e, 0x5d, 0x5d, 0x56,
    0x58, 0x58, 0x63, 0x70, 0x22, 0x0e, 0x5c, 0x5e, 0x62, 0x64, 0xc9, 0xca,
    0xce, 0x47, 0x3f, 0x38, 0x5b, 0x00, 0x00, 0x00, 0x00, 0x00, 0x00, 0x00,
    0x00, 0x00, 0x00, 0x00, 0x00, 0x00, 0x00, 0x00, 0x00, 0x00, 0x00, 0x00,
    0x00, 0x00, 0x00, 0x00, 0x00, 0x00, 0x00, 0x00, 0x00, 0x00, 0x00, 0x00,
    0x00, 0x00, 0x00, 0x00, 0x00, 0x00, 0x00, 0x00, 0x00, 0x00, 0x00, 0x00,
    0x00, 0x00, 0x00, 0x00, 0x00, 0x00, 0x00, 0x00, 0x00, 0x00, 0x00, 0x00,
    0x00, 0x00, 0x00, 0x00, 0x00, 0x00, 0x00, 0x00, 0x00, 0x00, 0x05, 0x1b,
    0x17, 0x17, 0x17, 0x17, 0x17, 0x1c, 0x23, 0x2b, 0x34, 0x2c, 0x16, 0x0b,
    0x41, 0x2c, 0x2b, 0x2b, 0x52, 0x4f, 0x35, 0x2c, 0x2c, 0x2b, 0x2c, 0x35,
    0x4f, 0x53, 0x53, 0x53, 0x34, 0x2c, 0x2c, 0x2c, 0x2c, 0x2c, 0x2c, 0x2c,
    0x2c, 0x2b, 0x2c, 0x2c, 0x2c, 0x2b, 0x2b, 0x40, 0x40, 0x40, 0x40, 0x40,
    0x6f, 0x37, 0x6f, 0x35, 0x2b, 0x35, 0x35, 0x27, 0x27, 0x27, 0x27, 0x46,
    0x46, 0x46, 0x46, 0x46, 0x35, 0x35, 0x35, 0x35, 0x27, 0x46, 0x46, 0x27,
    0x46, 0x35, 0x35, 0x27, 0x24, 0x1e, 0x13, 0x21, 0x1b, 0x2c, 0x6a, 0xb3,
    0xae, 0xae, 0xad, 0xad, 0xad, 0xad, 0xba, 0xba, 0xba, 0xba, 0xba, 0xad,
    0xba, 0xad, 0xad, 0xad, 0xad, 0xad, 0xac, 0xac, 0xa8, 0x42, 0x42, 0x42,
    0xa8, 0xac, 0xac, 0xac, 0xad, 0xad, 0xb1, 0xba, 0xb3, 0x2b, 0x54, 0x6a,
    0x6e, 0x6a, 0x52, 0x6e, 0x6e, 0x6e, 0x52, 0x52, 0xc7, 0x6c, 0xb3, 0x6c,
    0x6c, 0xb3, 0xb3, 0xc7, 0xc7, 0xc7, 0x52, 0x52, 0x52, 0x52, 0x52, 0x6e,
    0x6e, 0x6e, 0x6e, 0x52, 0x52, 0x51, 0x4c, 0x28, 0x27, 0x1e, 0x11, 0x09,
    0x0e, 0x4d, 0x4d, 0x4d, 0x4d, 0x4d, 0x4d, 0x4e, 0x57, 0x57, 0x57, 0x0e,
    0x0e, 0x0e, 0x09, 0x09, 0x09, 0x09, 0x09, 0x09, 0x09, 0x0e, 0x0e, 0xca,
    0x38, 0x48, 0x68, 0x63, 0x6d, 0x4d, 0x0e, 0x0e, 0x0e, 0x0e, 0x09, 0x09,
    0x09, 0x09, 0x09, 0x09, 0x09, 0x09, 0x09, 0x09, 0x09, 0x4e, 0x5e, 0x58,
    0x09, 0x5d, 0x58, 0x45, 0x58, 0x56, 0x5c, 0x58, 0x4e, 0x58, 0x5e, 0x58,
    0x58, 0x58, 0x62, 0x4e, 0x33, 0x09, 0x45, 0x5d, 0x62, 0x64, 0xc9, 0xcc,
    0xce, 0x47, 0x3f, 0x38, 0x3e, 0x00, 0x00, 0x00, 0x00, 0x00, 0x00, 0x00,
    0x00, 0x00, 0x00, 0x00, 0x00, 0x00, 0x00, 0x00, 0x00, 0x00, 0x00, 0x00,
    0x00, 0x00, 0x00, 0x00, 0x00, 0x00, 0x00, 0x00, 0x00, 0x00, 0x00, 0x00,
    0x00, 0x00, 0x00, 0x00, 0x00, 0x00, 0x00, 0x00, 0x00, 0x00, 0x00, 0x00,
    0x00, 0x00, 0x00, 0x00, 0x00, 0x00, 0x00, 0x00, 0x00, 0x00, 0x00, 0x00,
    0x00, 0x00, 0x00, 0x00, 0x00, 0x00, 0x00, 0x00, 0x00, 0x00, 0x08, 0x17,
    0x17, 0x17, 0x17, 0x17, 0x17, 0x1c, 0x24, 0x2c, 0x34, 0x27, 0x09, 0x17,
    0x40, 0x2c, 0x2b, 0x2d, 0x51, 0x2d, 0x40, 0x2c, 0x2b, 0x2b, 0x2b, 0x35,
    0x54, 0x53, 0x53, 0x53, 0x54, 0x2b, 0x2c, 0x2c, 0x2c, 0x2c, 0x2c, 0x2c,
    0x2b, 0x2b, 0x2b, 0x2c, 0x2c, 0x2b, 0x2b, 0x40, 0x40, 0x40, 0x40, 0x35,
    0x6f, 0x37, 0x41, 0x4c, 0x2b, 0x35, 0x27, 0x27, 0x27, 0x27, 0x27, 0x27,
    0x27, 0x46, 0x46, 0x46, 0x46, 0x46, 0x46, 0x46, 0x46, 0x46, 0x46, 0x27,
    0x46, 0x35, 0x35, 0x27, 0x33, 0x20, 0x13, 0x22, 0x1b, 0x2d, 0x6a, 0xb3,
    0xae, 0xba, 0xad, 0xad, 0xad, 0xad, 0xad, 0xba, 0xba, 0xba, 0xad, 0xad,
    0xad, 0xad, 0xad, 0xad, 0xad, 0xad, 0xac, 0xac, 0xa8, 0x42, 0x42, 0x42,
    0xa7, 0xac, 0xac, 0xad, 0xad, 0xb1, 0xae, 0xad, 0x53, 0x2b, 0x53, 0x6a,
    0x52, 0x6a, 0x52, 0x52, 0x6e, 0x6e, 0x6e, 0x52, 0x52, 0xb3, 0xb3, 0xb3,
    0x6c, 0xb3, 0xb3, 0xc7, 0xc7, 0xc7, 0xc7, 0x52, 0x52, 0x52, 0x52, 0x6e,
    0x6e, 0x6e, 0x52, 0x52, 0x52, 0x6c, 0x2d, 0x24, 0x2e, 0x3a, 0x11, 0x09,
    0x57, 0x4d, 0x4d, 0x4d, 0x4d, 0x4d, 0x4d, 0x4d, 0x57, 0x57, 0x0e, 0x0e,
    0x0e, 0x0e, 0x09, 0x09, 0x09, 0x09, 0x09, 0x09, 0x09, 0x0e, 0x0e, 0x5a,
    0x47, 0x31, 0x68, 0x65, 0x5a, 0x4d, 0x0e, 0x0e, 0x09, 0x09, 0x09, 0x09,
    0x09, 0x09, 0x09, 0x09, 0x09, 0x09, 0x09, 0x09, 0x09, 0x09, 0x5a, 0x5a,
    0x09, 0x5a, 0x5a, 0x45, 0x56, 0x56, 0x56, 0x56, 0x45, 0x45, 0x5e, 0x58,
    0x58, 0x58, 0x60, 0x5e, 0x33, 0x0a, 0x4d, 0x5a, 0x61, 0x64, 0xc9, 0xcb,
    0xce, 0x47, 0x3f, 0x38, 0xd1, 0x00, 0x00, 0x00, 0x00, 0x00, 0x00, 0x00,
    0x00, 0x00, 0x00, 0x00, 0x00, 0x00, 0x00, 0x00, 0x00, 0x00, 0x00, 0x00,
    0x00, 0x00, 0x00, 0x00, 0x00, 0x00, 0x00, 0x00, 0x00, 0x00, 0x00, 0x00,
    0x00, 0x00, 0x00, 0x00, 0x00, 0x00, 0x00, 0x00, 0x00, 0x00, 0x00, 0x00,
    0x00, 0x00, 0x00, 0x00, 0x00, 0x00, 0x00, 0x00, 0x00, 0x00, 0x00, 0x00,
    0x00, 0x00, 0x00, 0x00, 0x00, 0x00, 0x00, 0x00, 0x00, 0x00, 0x12, 0x11,
    0x17, 0x17, 0x17, 0x17, 0x1b, 0x1e, 0x24, 0x2c, 0x2d, 0x24, 0x39, 0x21,
    0x44, 0x2c, 0x35, 0x34, 0x50, 0x2b, 0x2b, 0x2b, 0x2b, 0x2b, 0x2b, 0x2b,
    0x54, 0x54, 0x54, 0x53, 0x34, 0x2b, 0x2c, 0x2c, 0x2c, 0x2c, 0x2b, 0x2b,
    0x2b, 0x2b, 0x2b, 0x2b, 0x2b, 0x2b, 0x2b, 0x2b, 0x40, 0x40, 0x40, 0x41,
    0x4b, 0x4b, 0x41, 0x2c, 0x35, 0x46, 0x27, 0x27, 0x27, 0x27, 0x27, 0x27,
    0x27, 0x46, 0x46, 0x46, 0x46, 0x46, 0x27, 0x27, 0x46, 0x27, 0x27, 0x27,
    0x27, 0x35, 0x35, 0x3d, 0x33, 0x20, 0x13, 0x22, 0x1c, 0x34, 0x6e, 0x6c,
    0xae, 0xad, 0xad, 0xad, 0xad, 0xad, 0xad, 0xad, 0xba, 0xba, 0xba, 0xba,
    0xba, 0xad, 0xad, 0xad, 0xad, 0xad, 0xac, 0xa7, 0xa8, 0x42, 0x42, 0xa8,
    0xa7, 0xac, 0xac, 0xad, 0xb1, 0xae, 0xae, 0xad, 0x4f, 0x34, 0x53, 0x6a,
    0xb3, 0x6e, 0xb3, 0x52, 0x6e, 0x6a, 0x6a, 0x6e, 0x6e, 0x52, 0xb3, 0xb3,
    0xb3, 0xb3, 0xb3, 0xb3, 0xb3, 0xc7, 0xb3, 0x52, 0x52, 0x52, 0x52, 0x52,
    0x52, 0x52, 0x52, 0x52, 0x6e, 0x6c, 0x34, 0x24, 0x2e, 0x22, 0x11, 0x09,
    0x57, 0x4d, 0x4d, 0x4d, 0x4d, 0x4d, 0x4d, 0x4d, 0x4e, 0x57, 0x57, 0x0e,
    0x0e, 0x0e, 0x09, 0x0e, 0x09, 0x09, 0x09, 0x0e, 0x09, 0x0e, 0x09, 0x39,
    0xc3, 0x30, 0xca, 0x68, 0xa2, 0x45, 0x57, 0x0e, 0x09, 0x09, 0x09, 0x09,
    0x09, 0x09, 0x09, 0x09, 0x09, 0x09, 0x09, 0x09, 0x09, 0x09, 0x6d, 0x5d,
    0x09, 0x5c, 0x5d, 0x45, 0x56, 0x56, 0x56, 0x56, 0x56, 0x45, 0x5d, 0x5e,
    0x58, 0x5a, 0x5a, 0x62, 0x1e, 0x16, 0x57, 0x58, 0x5e, 0x64, 0xc9, 0xcb,
    0x47, 0x3f, 0x3f, 0x5b, 0x12, 0x00, 0x00, 0x00, 0x00, 0x00, 0x00, 0x00,
    0x00, 0x00, 0x00, 0x00, 0x00, 0x00, 0x00, 0x00, 0x00, 0x00, 0x00, 0x00,
    0x00, 0x00, 0x00, 0x00, 0x00, 0x00, 0x00, 0x00, 0x00, 0x00, 0x00, 0x00,
    0x00, 0x00, 0x00, 0x00, 0x00, 0x00, 0x00, 0x00, 0x00, 0x00, 0x00, 0x00,
    0x00, 0x00, 0x00, 0x00, 0x00, 0x00, 0x00, 0x00, 0x00, 0x00, 0x00, 0x00,
    0x00, 0x00, 0x00, 0x00, 0x00, 0x00, 0x00, 0x00, 0x00, 0x00, 0x00, 0x05,
    0x17, 0x17, 0x17, 0x17, 0x1c, 0x1e, 0x28, 0x2d, 0x2c, 0x3a, 0x39, 0x24,
    0x44, 0x2c, 0x35, 0x4b, 0x4b, 0x2e, 0x2b, 0x2b, 0x2b, 0x2b, 0x35, 0x2d,
    0x4b, 0x54, 0x54, 0x54, 0x2d, 0x2b, 0x2c, 0x2c, 0x2b, 0x2b, 0x2b, 0x2b,
    0x2b, 0x2b, 0x2b, 0x2b, 0x2b, 0x2b, 0x2b, 0x2b, 0x35, 0x35, 0x40, 0x41,
    0x4b, 0x31, 0x41, 0x2b, 0x46, 0x46, 0x46, 0x35, 0x46, 0x27, 0x27, 0x27,
    0x27, 0x27, 0x46, 0x46, 0x46, 0x46, 0x27, 0x27, 0x46, 0x27, 0x27, 0x27,
    0x27, 0x46, 0x35, 0x3d, 0x23, 0x20, 0x16, 0x23, 0x1c, 0x4f, 0x6e, 0xb2,
    0xb1, 0xad, 0xad, 0xad, 0xad, 0xad, 0xad, 0xad, 0xad, 0xad, 0xba, 0xba,
    0xba, 0xad, 0xad, 0xad, 0xad, 0xac, 0xac, 0xa7, 0xa8, 0x42, 0x42, 0xa8,
    0xa7, 0xac, 0xad, 0xad, 0xa6, 0xb2, 0xb1, 0x52, 0x2d, 0x54, 0x55, 0x6a,
    0x52, 0x6e, 0xb3, 0x6c, 0x52, 0x6a, 0x6a, 0x6a, 0x6a, 0x6e, 0x52, 0x52,
    0xb3, 0xb3, 0xb3, 0xb3, 0xb3, 0xb3, 0xb3, 0x52, 0x52, 0x52, 0x52, 0x6e,
    0x52, 0x52, 0x52, 0x52, 0x6e, 0x6c, 0x54, 0x24, 0x2e, 0x23, 0x11, 0x09,
    0x57, 0x4d, 0x4d, 0x4d, 0x4d, 0x4d, 0x4d, 0x4d, 0x4e, 0x57, 0x0e, 0x0e,
    0x0e, 0x0e, 0x09, 0x0e, 0x09, 0x09, 0x09, 0x0e, 0x09, 0x0e, 0x0e, 0x0e,
    0xcc, 0x31, 0x47, 0x68, 0x62, 0x6d, 0x39, 0x0e, 0x09, 0x09, 0x09, 0x09,
    0x09, 0x09, 0x49, 0x09, 0x09, 0x09, 0x09, 0x0e, 0x0e, 0x09, 0x4d, 0x5d,
    0x39, 0x4d, 0x5e, 0x45, 0x45, 0x45, 0x45, 0x45, 0x45, 0x45, 0x5a, 0x5e,
    0x58, 0x5a, 0x58, 0x63, 0x0a, 0x1c, 0x09, 0x45, 0x5e, 0x63, 0xca, 0xce,
    0x47, 0x3f, 0x38, 0x36, 0x00, 0x00, 0x00, 0x00, 0x00, 0x00, 0x00, 0x00,
    0x00, 0x00, 0x00, 0x00, 0x00, 0x00, 0x00, 0x00, 0x00, 0x00, 0x00, 0x00,
    0x00, 0x00, 0x00, 0x00, 0x00, 0x00, 0x00, 0x00, 0x00, 0x00, 0x00, 0x00,
    0x00, 0x00, 0x00, 0x00, 0x00, 0x00, 0x00, 0x00, 0x00, 0x00, 0x00, 0x00,
    0x00, 0x00, 0x00, 0x00, 0x00, 0x00, 0x00, 0x00, 0x00, 0x00, 0x00, 0x00,
    0x00, 0x00, 0x00, 0x00, 0x00, 0x00, 0x00, 0x00, 0x00, 0x00, 0x00, 0x03,
    0x17, 0x17, 0x17, 0x17, 0x1c, 0x1e, 0x26, 0x2d, 0x2b, 0x17, 0x0e, 0x41,
    0x2c, 0x2b, 0x40, 0x4b, 0x4f, 0x27, 0x2b, 0x2b, 0x2b, 0x2b, 0x35, 0x34,
    0x54, 0x54, 0x54, 0x54, 0x2c, 0x2b, 0x2c, 0x2b, 0x2b, 0x2b, 0x2b, 0x2b,
    0x2b, 0x2b, 0x2b, 0x2b, 0x2b, 0x2b, 0x40, 0x35, 0x35, 0x35, 0x35, 0x6f,
    0x37, 0x6f, 0x35, 0x35, 0x46, 0x46, 0x27, 0x3a, 0x33, 0x26, 0x3d, 0x3d,
    0x27, 0x27, 0x27, 0x46, 0x46, 0x46, 0x27, 0x27, 0x27, 0x27, 0x27, 0x27,
    0x27, 0x46, 0x46, 0x26, 0x23, 0x20, 0x17, 0x23, 0x1e, 0x54, 0x52, 0xb2,
    0xb1, 0xad, 0xad, 0xad, 0xad, 0xad, 0xad, 0xad, 0xad, 0xad, 0xad, 0xad,
    0xad, 0xad, 0xad, 0xad, 0xad, 0xac, 0xac, 0xa7, 0x42, 0x42, 0x42, 0xa8,
    0xa7, 0xac, 0xad, 0xae, 0xa6, 0xb2, 0xad, 0x53, 0x2d, 0x53, 0x55, 0x6e,
    0x52, 0x52, 0xb3, 0xb2, 0x6c, 0x6e, 0x6a, 0x55, 0x55, 0x6a, 0x6e, 0x52,
    0xb3, 0xb3, 0xb3, 0xb3, 0xb3, 0xb3, 0xb3, 0x52, 0x52, 0x6e, 0x6e, 0x6e,
    0x6e, 0x6e, 0x6e, 0x52, 0x6e, 0x6c, 0x54, 0x24, 0x27, 0x33, 0x13, 0x09,
    0x57, 0x4d, 0x4d, 0x45, 0x45, 0x4d, 0x4d, 0x4d, 0x4e, 0x57, 0x57, 0x0e,
    0x0e, 0x0e, 0x09, 0x09, 0x09, 0x09, 0x09, 0x09, 0x0e, 0x0e, 0x0e, 0x0e,
    0xcc, 0x48, 0x38, 0x68, 0x64, 0x5a, 0x39, 0x0e, 0x09, 0x09, 0x09, 0x09,
    0x09, 0x09, 0x49, 0x09, 0x09, 0x09, 0x09, 0x0e, 0x0e, 0x0e, 0x57, 0x5d,
    0x5c, 0x0e, 0x5e, 0x58, 0x45, 0x45, 0x45, 0x45, 0x45, 0x45, 0x58, 0x60,
    0x5a, 0x58, 0x58, 0x62, 0x58, 0x1c, 0x49, 0x45, 0x5f, 0x62, 0xca, 0xce,
    0x47, 0x3f, 0x38, 0x3e, 0x00, 0x00, 0x00, 0x00, 0x00, 0x00, 0x00, 0x00,
    0x00, 0x00, 0x00, 0x00, 0x00, 0x00, 0x00, 0x00, 0x00, 0x00, 0x00, 0x00,
    0x00, 0x00, 0x00, 0x00, 0x00, 0x00, 0x00, 0x00, 0x00, 0x00, 0x00, 0x00,
    0x00, 0x00, 0x00, 0x00, 0x00, 0x00, 0x00, 0x00, 0x00, 0x00, 0x00, 0x00,
    0x00, 0x00, 0x00, 0x00, 0x00, 0x00, 0x00, 0x00, 0x00, 0x00, 0x00, 0x00,
    0x00, 0x00, 0x00, 0x00, 0x00, 0x00, 0x00, 0x00, 0x00, 0x00, 0x00, 0x10,
    0x16, 0x17, 0x17, 0x1b, 0x1c, 0x1f, 0x27, 0x2c, 0x26, 0x0a, 0x0a, 0x35,
    0x2b, 0x35, 0x35, 0x2d, 0x2c, 0x35, 0x2b, 0x2b, 0x2b, 0x2b, 0x35, 0x4f,
    0x4f, 0x4f, 0x54, 0x4f, 0x2b, 0x2b, 0x2b, 0x2b, 0x2b, 0x2b, 0x2b, 0x2b,
    0x2b, 0x2b, 0x2b, 0x2b, 0x2b, 0x2b, 0x40, 0x35, 0x35, 0x35, 0x41, 0x31,
    0x4b, 0x59, 0x4c, 0x35, 0x27, 0x46, 0x26, 0x70, 0x20, 0x1c, 0x24, 0x3d,
    0x27, 0x27, 0x27, 0x27, 0x27, 0x27, 0x27, 0x27, 0x27, 0x27, 0x27, 0x27,
    0x27, 0x27, 0x46, 0x26, 0x23, 0x20, 0x17, 0x22, 0x22, 0x54, 0x52, 0xb2,
    0xad, 0xad, 0xad, 0xad, 0xad, 0xad, 0xad, 0xad, 0xad, 0xad, 0xad, 0xad,
    0xad, 0xad, 0xad, 0xad, 0xad, 0xac, 0xa7, 0xa8, 0x42, 0x42, 0x42, 0xa8,
    0xac, 0xad, 0xae, 0xa6, 0xb2, 0xae, 0xae, 0x2d, 0x34, 0x53, 0x55, 0x6e,
    0x52, 0x52, 0x52, 0xae, 0xae, 0xb3, 0x6a, 0x55, 0x53, 0x55, 0x6a, 0x6e,
    0x52, 0xbb, 0xb3, 0x6c, 0xb3, 0xb3, 0xb3, 0x52, 0x52, 0x6e, 0x6e, 0x6e,
    0x6e, 0x52, 0x52, 0x6e, 0x6e, 0x6c, 0x53, 0x24, 0x27, 0x33, 0x16, 0x09,
    0x57, 0x4d, 0x4d, 0x45, 0x45, 0x4d, 0x4d, 0x4d, 0x4e, 0x57, 0x57, 0x0e,
    0x0e, 0x0e, 0x0e, 0x09, 0x09, 0x09, 0x09, 0x09, 0x09, 0x0e, 0x0e, 0x0e,
    0x6d, 0x32, 0x30, 0xc9, 0x68, 0x6b, 0x45, 0x0e, 0x09, 0x09, 0x09, 0x09,
    0x09, 0x09, 0x09, 0x09, 0x09, 0x09, 0x09, 0x0e, 0x0e, 0x0e, 0x57, 0x5a,
    0x5a, 0x09, 0x6b, 0x5a, 0x45, 0x56, 0x45, 0x45, 0x56, 0x45, 0x45, 0x5e,
    0x5d, 0x58, 0x58, 0x5e, 0x60, 0x17, 0x0a, 0x4d, 0x5a, 0x61, 0xca, 0xce,
    0x47, 0x3f, 0x38, 0xd1, 0x00, 0x00, 0x00, 0x00, 0x00, 0x00, 0x00, 0x00,
    0x00, 0x00, 0x00, 0x00, 0x00, 0x00, 0x00, 0x00, 0x00, 0x00, 0x00, 0x00,
    0x00, 0x00, 0x00, 0x00, 0x00, 0x00, 0x00, 0x00, 0x00, 0x00, 0x00, 0x00,
    0x00, 0x00, 0x00, 0x00, 0x00, 0x00, 0x00, 0x00, 0x00, 0x00, 0x00, 0x00,
    0x00, 0x00, 0x00, 0x00, 0x00, 0x00, 0x00, 0x00, 0x00, 0x00, 0x00, 0x00,
    0x00, 0x00, 0x00, 0x00, 0x00, 0x00, 0x00, 0x00, 0x00, 0x00, 0x00, 0x01,
    0x06, 0x1b, 0x17, 0x1b, 0x1c, 0x22, 0x27, 0x2b, 0x33, 0x0e, 0x17, 0x40,
    0x2b, 0x35, 0x26, 0x26, 0x35, 0x35, 0x35, 0x35, 0x2b, 0x2b, 0x2b, 0x34,
    0x4f, 0x4f, 0x4f, 0x2d, 0x35, 0x2b, 0x2b, 0x2b, 0x2b, 0x2b, 0x2b, 0x2b,
    0x2b, 0x2b, 0x2b, 0x35, 0x2b, 0x35, 0x35, 0x35, 0x35, 0x35, 0x41, 0x4b,
    0x31, 0x26, 0x4c, 0x46, 0x27, 0x27, 0x46, 0x35, 0x24, 0x20, 0x17, 0x1e,
    0x24, 0x27, 0x27, 0x27, 0x27, 0x27, 0x27, 0x27, 0x27, 0x27, 0x27, 0x27,
    0x27, 0x27, 0x27, 0x4a, 0x22, 0x17, 0x1b, 0x22, 0x23, 0x53, 0x52, 0xb2,
    0xad, 0xad, 0xad, 0xad, 0xad, 0xad, 0xad, 0xad, 0xad, 0xad, 0xad, 0xad,
    0xad, 0xad, 0xad, 0xad, 0xad, 0xac, 0xa7, 0xa8, 0x42, 0x42, 0x42, 0xa8,
    0xac, 0xad, 0xae, 0xa6, 0xb2, 0xad, 0x55, 0x46, 0x4f, 0x53, 0x6a, 0x6e,
    0x52, 0xb3, 0x52, 0xae, 0xae, 0xb2, 0x52, 0x55, 0x53, 0x53, 0x55, 0x6a,
    0x6e, 0x52, 0xb3, 0x6c, 0xb3, 0xb3, 0xb3, 0x52, 0x52, 0x6e, 0x6e, 0x6e,
    0x6e, 0x6e, 0x52, 0x6e, 0x6e, 0x52, 0x55, 0x24, 0x26, 0x33, 0x16, 0x09,
    0x0e, 0x4e, 0x4d, 0x4d, 0x4d, 0x4d, 0x4d, 0x4d, 0x4e, 0x57, 0x57, 0x57,
    0x0e, 0x0e, 0x0e, 0x09, 0x09, 0x09, 0x09, 0x0e, 0x0e, 0x09, 0x0e, 0x0e,
    0x39, 0xcb, 0x31, 0xc3, 0x68, 0x60, 0x45, 0x0e, 0x09, 0x09, 0x09, 0x09,
    0x09, 0x09, 0x09, 0x09, 0x09, 0x09, 0x0e, 0x0e, 0x0e, 0x0e, 0x09, 0x58,
    0x5d, 0x57, 0x5a, 0x5a, 0x45, 0x45, 0x45, 0x45, 0x56, 0x56, 0x45, 0x5d,
    0x5e, 0x58, 0x5a, 0x5f, 0x62, 0x11, 0x0a, 0x4d, 0x58, 0x61, 0xca, 0xce,
    0x3f, 0x38, 0x38, 0x2f, 0x00, 0x00, 0x00, 0x00, 0x00, 0x00, 0x00, 0x00,
    0x00, 0x00, 0x00, 0x00, 0x00, 0x00, 0x00, 0x00, 0x00, 0x00, 0x00, 0x00,
    0x00, 0x00, 0x00, 0x00, 0x00, 0x00, 0x00, 0x00, 0x00, 0x00, 0x00, 0x00,
    0x00, 0x00, 0x00, 0x00, 0x00, 0x00, 0x00, 0x00, 0x00, 0x00, 0x00, 0x00,
    0x00, 0x00, 0x00, 0x00, 0x00, 0x00, 0x00, 0x00, 0x00, 0x00, 0x00, 0x00,
    0x00, 0x00, 0x00, 0x00, 0x00, 0x00, 0x00, 0x00, 0x00, 0x00, 0x00, 0x00,
    0x05, 0x1b, 0x17, 0x17, 0x1c, 0x22, 0x26, 0x27, 0x21, 0x39, 0x1c, 0x35,
    0x35, 0x2e, 0x24, 0x24, 0x2e, 0x35, 0x46, 0x35, 0x35, 0x35, 0x4c, 0x2d,
    0x34, 0x2d, 0x34, 0x2c, 0x35, 0x2b, 0x35, 0x35, 0x35, 0x35, 0x35, 0x35,
    0x35, 0x35, 0x35, 0x35, 0x35, 0x35, 0x35, 0x35, 0x35, 0x35, 0x41, 0x4b,
    0x6f, 0x41, 0x35, 0x46, 0x27, 0x27, 0x27, 0x46, 0x2b, 0x46, 0x24, 0x20,
    0x17, 0x23, 0x26, 0x27, 0x27, 0x27, 0x27, 0x27, 0x27, 0x27, 0x27, 0x27,
    0x27, 0x27, 0x27, 0x28, 0x1f, 0x17, 0x1c, 0x21, 0x24, 0x53, 0xb3, 0xae,
    0xad, 0xad, 0xad, 0xad, 0xad, 0xad, 0xad, 0xad, 0xad, 0xad, 0xad, 0xad,
    0xad, 0xad, 0xad, 0xac, 0xac, 0xac, 0xa7, 0xa8, 0x42, 0x42, 0xa8, 0xa7,
    0xac, 0xad, 0xb2, 0xb2, 0xb2, 0xad, 0x34, 0x3d, 0x4f, 0x53, 0x55, 0x6e,
    0x52, 0x6c, 0x52, 0xb2, 0xad, 0xae, 0x6c, 0x6e, 0x53, 0x53, 0x53, 0x55,
    0x6a, 0x6e, 0x52, 0xb3, 0x6c, 0x6c, 0xb3, 0xb3, 0x52, 0x6e, 0x6e, 0x6e,
    0x6e, 0x6e, 0x6e, 0x6e, 0x6e, 0x52, 0x6a, 0x28, 0x4a, 0x24, 0x17, 0x0b,
    0x0e, 0x4e, 0x4d, 0x4d, 0x4d, 0x4d, 0x4d, 0x4d, 0x4e, 0x57, 0x57, 0x57,
    0x0e, 0x0e, 0x0e, 0x0e, 0x0e, 0x0e, 0x0e, 0x0e, 0x0e, 0x0e, 0x0e, 0x0e,
    0x0e, 0xca, 0x38, 0x48, 0x68, 0x63, 0x5c, 0x0e, 0x09, 0x49, 0x49, 0x09,
    0x09, 0x09, 0x09, 0x09, 0x09, 0x09, 0x0e, 0x0e, 0x0e, 0x0e, 0x09, 0x45,
    0x5e, 0x4d, 0x5c, 0x5d, 0x45, 0x45, 0x45, 0x45, 0x45, 0x56, 0x45, 0x5a,
    0x61, 0x5a, 0x5a, 0x5a, 0x63, 0x0e, 0x0a, 0x4e, 0x58, 0x5e, 0xca, 0xce,
    0x3f, 0x38, 0x5b, 0x00, 0x00, 0x00, 0x00, 0x00, 0x00, 0x00, 0x00, 0x00,
    0x00, 0x00, 0x00, 0x00, 0x00, 0x00, 0x00, 0x00, 0x00, 0x00, 0x00, 0x00,
    0x00, 0x00, 0x00, 0x00, 0x00, 0x00, 0x00, 0x00, 0x00, 0x00, 0x00, 0x00,
    0x00, 0x00, 0x00, 0x00, 0x00, 0x00, 0x00, 0x00, 0x00, 0x00, 0x00, 0x00,
    0x00, 0x00, 0x00, 0x00, 0x00, 0x00, 0x00, 0x00, 0x00, 0x00, 0x00, 0x00,
    0x00, 0x00, 0x00, 0x00, 0x00, 0x00, 0x00, 0x00, 0x00, 0x00, 0x00, 0x00,
    0x03, 0x1b, 0x17, 0x17, 0x1c, 0x23, 0x26, 0x26, 0x1c, 0x09, 0x22, 0x27,
    0x27, 0x26, 0x23, 0x25, 0x46, 0x46, 0x27, 0x46, 0x46, 0x35, 0x35, 0x4c,
    0x2d, 0x2d, 0x2d, 0x2b, 0x35, 0x35, 0x35, 0x46, 0x46, 0x46, 0x46, 0x2e,
    0x27, 0x27, 0x2e, 0x46, 0x35, 0x35, 0x35, 0x35, 0x35, 0x35, 0x6f, 0x4b,
    0x3c, 0x35, 0x2e, 0x27, 0x27, 0x27, 0x46, 0x46, 0x27, 0x46, 0x2b, 0x27,
    0x33, 0x20, 0x1e, 0x24, 0x27, 0x27, 0x27, 0x27, 0x27, 0x27, 0x27, 0x27,
    0x27, 0x27, 0x27, 0x28, 0x3a, 0x17, 0x1c, 0x21, 0x26, 0x55, 0xb3, 0xae,
    0xad, 0xad, 0xad, 0xad, 0xad, 0xad, 0xad, 0xad, 0xad, 0xad, 0xad, 0xad,
    0xad, 0xad, 0xac, 0xac, 0xac, 0xa7, 0xa8, 0x42, 0x42, 0x42, 0xa8, 0xac,
    0xad, 0xae, 0xa6, 0xb2, 0xae, 0xb3, 0x27, 0x2b, 0x4f, 0x53, 0x55, 0x6e,
    0xb3, 0xbe, 0x52, 0xbb, 0xad, 0xba, 0xae, 0xb3, 0x6a, 0x53, 0x53, 0x53,
    0x6a, 0x6e, 0x52, 0x52, 0x6c, 0x6c, 0xb3, 0x52, 0x52, 0x6e, 0x52, 0x6e,
    0x6e, 0x6e, 0x6e, 0x50, 0x50, 0x6e, 0x6e, 0x3d, 0x28, 0x24, 0x17, 0x0a,
    0x0e, 0x4e, 0x4d, 0x4d, 0x4d, 0x4d, 0x4d, 0x4d, 0x4e, 0x57, 0x57, 0x57,
    0x0e, 0x0e, 0x0e, 0x0e, 0x0e, 0x0e, 0x0e, 0x0e, 0x0e, 0x0e, 0x0e, 0x0e,
    0x09, 0x5a, 0x47, 0x31, 0x68, 0x65, 0x5a, 0x39, 0x09, 0x09, 0x49, 0x09,
    0x09, 0x09, 0x09, 0x09, 0x09, 0x09, 0x0e, 0x0e, 0x4e, 0x0e, 0x0e, 0x4d,
    0x5d, 0x5c, 0x4d, 0x5e, 0x58, 0x45, 0x45, 0x45, 0x45, 0x56, 0x45, 0x58,
    0x61, 0x5d, 0x5a, 0x5a, 0x62, 0x45, 0x0a, 0x4e, 0x56, 0x5d, 0xca, 0x32,
    0x3f, 0x38, 0xcf, 0x00, 0x00, 0x00, 0x00, 0x00, 0x00, 0x00, 0x00, 0x00,
    0x00, 0x00, 0x00, 0x00, 0x00, 0x00, 0x00, 0x00, 0x00, 0x00, 0x00, 0x00,
    0x00, 0x00, 0x00, 0x00, 0x00, 0x00, 0x00, 0x00, 0x00, 0x00, 0x00, 0x00,
    0x00, 0x00, 0x00, 0x00, 0x00, 0x00, 0x00, 0x00, 0x00, 0x00, 0x00, 0x00,
    0x00, 0x00, 0x00, 0x00, 0x00, 0x00, 0x00, 0x00, 0x00, 0x00, 0x00, 0x00,
    0x00, 0x00, 0x00, 0x00, 0x00, 0x00, 0x00, 0x00, 0x00, 0x00, 0x00, 0x00,
    0x02, 0x17, 0x17, 0x1b, 0x1c, 0x22, 0x25, 0x24, 0x17, 0x0b, 0x24, 0x26,
    0x26, 0x25, 0x22, 0x28, 0x2e, 0x27, 0x27, 0x27, 0x27, 0x2e, 0x24, 0x24,
    0x26, 0x2e, 0x2e, 0x2e, 0x46, 0x46, 0x2e, 0x27, 0x27, 0x27, 0x27, 0x27,
    0x3d, 0x27, 0x27, 0x27, 0x27, 0x35, 0x35, 0x35, 0x35, 0x26, 0x34, 0x4b,
    0x59, 0x40, 0x2e, 0x27, 0x27, 0x27, 0x27, 0x27, 0x27, 0x27, 0x27, 0x35,
    0x40, 0x28, 0x1e, 0x17, 0x24, 0x46, 0x3d, 0x3d, 0x3d, 0x3d, 0x27, 0x3d,
    0x3d, 0x27, 0x27, 0x25, 0x3a, 0x17, 0x1c, 0x21, 0x2e, 0x6a, 0xb3, 0xae,
    0xad, 0xad, 0xad, 0xad, 0xad, 0xad, 0xad, 0xad, 0xad, 0xad, 0xad, 0xad,
    0xac, 0xac, 0xac, 0xac, 0xac, 0xa7, 0xa8, 0x42, 0x42, 0x42, 0xa8, 0xad,
    0xad, 0xa6, 0xb2, 0xb2, 0xad, 0x54, 0x4a, 0x2c, 0x34, 0x54, 0x55, 0x6a,
    0x52, 0xb3, 0xb3, 0x6e, 0xb1, 0xae, 0xba, 0xb2, 0x52, 0x53, 0x53, 0x53,
    0x55, 0x6a, 0x6e, 0x52, 0x52, 0xb3, 0xb3, 0xb3, 0x52, 0x52, 0x6e, 0x6e,
    0x6e, 0x50, 0x50, 0x50, 0x50, 0x50, 0x6e, 0x35, 0x25, 0x24, 0x17, 0x0f,
    0x0e, 0x4e, 0x4d, 0x4d, 0x4d, 0x4d, 0x4d, 0x4d, 0x4e, 0x57, 0x57, 0x57,
    0x0e, 0x0e, 0x0e, 0x0e, 0x0e, 0x0e, 0x0e, 0x0e, 0x0e, 0x0e, 0x0e, 0x0e,
    0x0e, 0x45, 0x32, 0x30, 0xca, 0x68, 0x5a, 0x39, 0x09, 0x49, 0x09, 0x09,
    0x09, 0x09, 0x09, 0x09, 0x09, 0x09, 0x0e, 0x4e, 0x4e, 0x4e, 0x4e, 0x4e,
    0x5a, 0x5a, 0x39, 0x5d, 0x5a, 0x45, 0x45, 0x45, 0x45, 0x56, 0x45, 0x56,
    0x60, 0x5e, 0x5a, 0x5a, 0x60, 0x5a, 0x0a, 0x4e, 0x45, 0x5d, 0xcd, 0x47,
    0x38, 0x38, 0x3e, 0x00, 0x00, 0x00, 0x00, 0x00, 0x00, 0x00, 0x00, 0x00,
    0x00, 0x00, 0x00, 0x00, 0x00, 0x00, 0x00, 0x00, 0x00, 0x00, 0x00, 0x00,
    0x00, 0x00, 0x00, 0x00, 0x00, 0x00, 0x00, 0x00, 0x00, 0x00, 0x00, 0x00,
    0x00, 0x00, 0x00, 0x00, 0x00, 0x00, 0x00, 0x00, 0x00, 0x00, 0x00, 0x00,
    0x00, 0x00, 0x00, 0x00, 0x00, 0x00, 0x00, 0x00, 0x00, 0x00, 0x00, 0x00,
    0x00, 0x00, 0x00, 0x00, 0x00, 0x00, 0x00, 0x00, 0x00, 0x00, 0x00, 0x00,
    0x01, 0x1d, 0x1b, 0x17, 0x1c, 0x22, 0x24, 0x24, 0x15, 0x0a, 0x24, 0x25,
    0x25, 0x23, 0x21, 0x26, 0x3d, 0x26, 0x26, 0x3d, 0x3d, 0x26, 0x21, 0x1e,
    0x22, 0x22, 0x24, 0x27, 0x27, 0x27, 0x27, 0x27, 0x27, 0x27, 0x3d, 0x3d,
    0x26, 0x3d, 0x27, 0x27, 0x27, 0x27, 0x27, 0x2e, 0x2e, 0x25, 0x4b, 0x31,
    0x59, 0x35, 0x27, 0x3d, 0x3d, 0x27, 0x27, 0x27, 0x27, 0x27, 0x27, 0x27,
    0x27, 0x35, 0x27, 0x23, 0x4a, 0x27, 0x3d, 0x3d, 0x3d, 0x3d, 0x3d, 0x3d,
    0x3d, 0x27, 0x3d, 0x24, 0x3a, 0x17, 0x21, 0x21, 0x2b, 0x6a, 0x6c, 0xae,
    0xad, 0xad, 0xad, 0xad, 0xad, 0xad, 0xad, 0xad, 0xad, 0xad, 0xad, 0xac,
    0xad, 0xac, 0xac, 0xac, 0xac, 0xa7, 0xa8, 0x42, 0x37, 0x42, 0xa7, 0xad,
    0xa6, 0xb2, 0xb2, 0xae, 0xbe, 0x90, 0x3d, 0x2c, 0x34, 0x4f, 0x53, 0x6a,
    0x52, 0xb3, 0xb3, 0x6a, 0xb2, 0xad, 0xba, 0xb1, 0x6c, 0x6a, 0x53, 0x54,
    0x53, 0x55, 0x50, 0x6e, 0x52, 0x52, 0xb3, 0xb3, 0x52, 0x52, 0x6e, 0x6e,
    0x50, 0x50, 0x50, 0x50, 0x50, 0x6a, 0x52, 0x2c, 0x24, 0x24, 0x17, 0x0a,
    0x09, 0x4e, 0x4d, 0x4d, 0x4d, 0x4d, 0x4d, 0x4d, 0x4d, 0x4e, 0x4e, 0x4e,
    0x57, 0x0e, 0x0e, 0x0e, 0x0e, 0x0e, 0x0e, 0x0e, 0x0e, 0x0e, 0x0e, 0x0e,
    0x4e, 0x0e, 0xcc, 0x31, 0x32, 0x66, 0x6d, 0x0e, 0x09, 0x09, 0x09, 0x09,
    0x09, 0x09, 0x09, 0x09, 0x09, 0x09, 0x0e, 0x4e, 0x4e, 0x4e, 0x4e, 0x0e,
    0x58, 0x5d, 0x4d, 0x5a, 0x5f, 0x45, 0x45, 0x45, 0x45, 0x45, 0x56, 0x45,
    0x5e, 0x5e, 0x5a, 0x5a, 0x5e, 0x60, 0x09, 0x4e, 0x45, 0x5a, 0xcc, 0x47,
    0x38, 0x38, 0xd1, 0x00, 0x00, 0x00, 0x00, 0x00, 0x00, 0x00, 0x00, 0x00,
    0x00, 0x00, 0x00, 0x00, 0x00, 0x00, 0x00, 0x00, 0x00, 0x00, 0x00, 0x00,
    0x00, 0x00, 0x00, 0x00, 0x00, 0x00, 0x00, 0x00, 0x00, 0x00, 0x00, 0x00,
    0x00, 0x00, 0x00, 0x00, 0x00, 0x00, 0x00, 0x00, 0x00, 0x00, 0x00, 0x00,
    0x00, 0x00, 0x00, 0x00, 0x00, 0x00, 0x00, 0x00, 0x00, 0x00, 0x00, 0x00,
    0x00, 0x00, 0x00, 0x00, 0x00, 0x00, 0x00, 0x00, 0x00, 0x00, 0x00, 0x00,
    0x00, 0x05, 0x1c, 0x1b, 0x1c, 0x22, 0x24, 0x23, 0x0a, 0x0a, 0x23, 0x24,
    0x24, 0x1e, 0x1e, 0x26, 0x26, 0x4a, 0x4a, 0x4a, 0x26, 0x25, 0x1b, 0x1c,
    0x1c, 0x1c, 0x23, 0x27, 0x3d, 0x3d, 0x26, 0x26, 0x26, 0x26, 0x26, 0x26,
    0x26, 0x26, 0x3d, 0x3d, 0x3d, 0x3d, 0x41, 0x41, 0x27, 0x26, 0x4b, 0x6f,
    0x26, 0x27, 0x3d, 0x3d, 0x3d, 0x27, 0x27, 0x27, 0x27, 0x27, 0x27, 0x27,
    0x27, 0x3d, 0x27, 0x46, 0x27, 0x3d, 0x26, 0x26, 0x3d, 0x3d, 0x26, 0x3d,
    0x3d, 0x3d, 0x26, 0x24, 0x1e, 0x17, 0x22, 0x1c, 0x44, 0x50, 0x6c, 0xae,
    0xad, 0xad, 0xad, 0xad, 0xac, 0xac, 0xad, 0xad, 0xad, 0xad, 0xad, 0xad,
    0xad, 0xac, 0xac, 0xac, 0xa7, 0xa7, 0x42, 0x42, 0x42, 0x42, 0xad, 0xa6,
    0xb2, 0xae, 0xb2, 0xac, 0x54, 0xa4, 0x4a, 0x2d, 0x2d, 0x4f, 0x54, 0x53,
    0x6e, 0x52, 0xb3, 0x6a, 0x52, 0xae, 0xba, 0xb1, 0xae, 0x52, 0x53, 0x54,
    0x53, 0x53, 0x6a, 0x6e, 0x52, 0x52, 0x52, 0x52, 0x52, 0x52, 0x50, 0x6a,
    0x6a, 0x6a, 0x6a, 0x6a, 0x6a, 0x6a, 0x6e, 0x2d, 0x23, 0x24, 0x20, 0x0a,
    0x09, 0x4e, 0x4d, 0x4d, 0x4d, 0x4d, 0x4d, 0x4d, 0x4d, 0x4e, 0x4e, 0x4e,
    0x4e, 0x57, 0x0e, 0x0e, 0x0e, 0x0e, 0x09, 0x0e, 0x0e, 0x0e, 0x0e, 0x0e,
    0x4e, 0x0e, 0xcc, 0x48, 0x29, 0x62, 0x39, 0x09, 0x09, 0x09, 0x09, 0x09,
    0x09, 0x09, 0x09, 0x09, 0x09, 0x0e, 0x4e, 0x4e, 0x4e, 0x4e, 0x4e, 0x4e,
    0x5c, 0x5e, 0x45, 0x58, 0x5e, 0x45, 0x45, 0x45, 0x45, 0x56, 0x56, 0x45,
    0x5a, 0x60, 0x5a, 0x5a, 0x5d, 0x62, 0x09, 0x4e, 0x45, 0x5a, 0xcb, 0x47,
    0x38, 0x5b, 0x0c, 0x00, 0x00, 0x00, 0x00, 0x00, 0x00, 0x00, 0x00, 0x00,
    0x00, 0x00, 0x00, 0x00, 0x00, 0x00, 0x00, 0x00, 0x00, 0x00, 0x00, 0x00,
    0x00, 0x00, 0x00, 0x00, 0x00, 0x00, 0x00, 0x00, 0x00, 0x00, 0x00, 0x00,
    0x00, 0x00, 0x00, 0x00, 0x00, 0x00, 0x00, 0x00, 0x00, 0x00, 0x00, 0x00,
    0x00, 0x00, 0x00, 0x00, 0x00, 0x00, 0x00, 0x00, 0x00, 0x00, 0x00, 0x00,
    0x00, 0x00, 0x00, 0x00, 0x00, 0x00, 0x00, 0x00, 0x00, 0x00, 0x00, 0x00,
    0x00, 0x08, 0x1b, 0x17, 0x1c, 0x22, 0x23, 0x22, 0x0b, 0x16, 0x23, 0x23,
    0x23, 0x1b, 0x1e, 0x28, 0x28, 0x25, 0x28, 0x28, 0x4a, 0x33, 0x17, 0x1b,
    0x1b, 0x1b, 0x23, 0x26, 0x4a, 0x26, 0x26, 0x26, 0x26, 0x26, 0x26, 0x4a,
    0x4a, 0x4a, 0x26, 0x26, 0x26, 0x3d, 0x3d, 0x41, 0x27, 0x25, 0x31, 0x6f,
    0x24, 0x46, 0x26, 0x3d, 0x27, 0x27, 0x27, 0x27, 0x27, 0x27, 0x27, 0x27,
    0x27, 0x3d, 0x26, 0x26, 0x26, 0x26, 0x26, 0x26, 0x26, 0x26, 0x26, 0x26,
    0x3d, 0x3d, 0x26, 0x24, 0x1e, 0x17, 0x2a, 0x1c, 0x2d, 0x6e, 0x6c, 0xae,
    0xad, 0xac, 0xad, 0xac, 0xb1, 0x6c, 0xad, 0xad, 0xad, 0xad, 0xad, 0xac,
    0xad, 0xac, 0xac, 0xac, 0xa7, 0xa7, 0x42, 0x42, 0x42, 0xa7, 0xad, 0xa6,
    0xb2, 0xae, 0xb2, 0xb7, 0x95, 0xa4, 0x90, 0x2d, 0x2d, 0x34, 0x4f, 0x54,
    0x55, 0x52, 0xb3, 0x6a, 0x6a, 0xb2, 0xae, 0xb1, 0xb1, 0xbe, 0x6a, 0x53,
    0x54, 0x53, 0x55, 0x6a, 0x6e, 0x52, 0x52, 0x52, 0x52, 0x6e, 0x54, 0x4f,
    0x53, 0x55, 0x55, 0x55, 0x55, 0x6a, 0x6e, 0x2d, 0x22, 0x24, 0x1b, 0x0a,
    0x09, 0x4e, 0x4d, 0x4d, 0x4d, 0x4d, 0x4d, 0x4d, 0x4d, 0x4d, 0x4e, 0x57,
    0x4e, 0x4e, 0x4e, 0x4e, 0x4e, 0x0e, 0x0e, 0x4e, 0x0e, 0x0e, 0x0e, 0x09,
    0x0e, 0x39, 0xcb, 0x31, 0x29, 0x6d, 0x0e, 0x09, 0x09, 0x09, 0x09, 0x09,
    0x09, 0x09, 0x09, 0x09, 0x09, 0x0e, 0x0e, 0x4e, 0x4e, 0x4e, 0x4e, 0x57,
    0x4d, 0x5e, 0x58, 0x58, 0x60, 0x5c, 0x45, 0x56, 0x45, 0x56, 0x56, 0x56,
    0x58, 0x60, 0x5d, 0x5a, 0x5a, 0x62, 0x4e, 0x57, 0x4d, 0x5c, 0xc3, 0x47,
    0x31, 0xcf, 0x00, 0x00, 0x00, 0x00, 0x00, 0x00, 0x00, 0x00, 0x00, 0x00,
    0x00, 0x00, 0x00, 0x00, 0x00, 0x00, 0x00, 0x00, 0x00, 0x00, 0x00, 0x00,
    0x00, 0x00, 0x00, 0x00, 0x00, 0x00, 0x00, 0x00, 0x00, 0x00, 0x00, 0x00,
    0x00, 0x00, 0x00, 0x00, 0x00, 0x00, 0x00, 0x00, 0x00, 0x00, 0x00, 0x00,
    0x00, 0x00, 0x00, 0x00, 0x00, 0x00, 0x00, 0x00, 0x00, 0x00, 0x00, 0x00,
    0x00, 0x00, 0x00, 0x00, 0x00, 0x00, 0x00, 0x00, 0x00, 0x00, 0x00, 0x00,
    0x00, 0x12, 0x1d, 0x17, 0x1c, 0x21, 0x22, 0x1e, 0x09, 0x17, 0x22, 0x22,
    0x22, 0x17, 0x21, 0x25, 0x24, 0x24, 0x24, 0x24, 0x25, 0x22, 0x16, 0x17,
    0x17, 0x17, 0x24, 0x4a, 0x4a, 0x4a, 0x4a, 0x4a, 0x4a, 0x4a, 0x26, 0x4a,
    0x28, 0x4a, 0x4a, 0x4a, 0x26, 0x4a, 0x4a, 0x26, 0x26, 0x28, 0x6f, 0x4b,
    0x6f, 0x24, 0x26, 0x27, 0x3d, 0x3d, 0x3d, 0x3d, 0x3d, 0x3d, 0x3d, 0x27,
    0x3d, 0x3d, 0x3d, 0x26, 0x26, 0x26, 0x26, 0x26, 0x26, 0x26, 0x26, 0x26,
    0x3d, 0x3d, 0x26, 0x33, 0x1e, 0x1b, 0x2a, 0x21, 0x34, 0x6e, 0xb2, 0xb1,
    0xad, 0xac, 0xac, 0xad, 0x4b, 0x34, 0x55, 0x6c, 0xb1, 0xad, 0xad, 0xad,
    0xad, 0xac, 0xac, 0xac, 0xa7, 0xa8, 0x42, 0x42, 0x42, 0xad, 0xa6, 0xb2,
    0xae, 0xae, 0xba, 0xbb, 0x8f, 0xc4, 0x94, 0x2d, 0x2d, 0x34, 0x34, 0x4f,
    0x54, 0x6a, 0x52, 0x6e, 0x53, 0x52, 0xbc, 0xae, 0xba, 0xae, 0x52, 0x55,
    0x4b, 0x54, 0x53, 0x6a, 0x50, 0x52, 0x52, 0x52, 0x52, 0x6a, 0x34, 0x46,
    0x34, 0x53, 0x53, 0x53, 0x55, 0x55, 0x50, 0x34, 0x22, 0x24, 0x17, 0x0a,
    0x09, 0x4e, 0x4d, 0x4d, 0x4d, 0x4d, 0x4d, 0x4d, 0x4d, 0x4d, 0x4d, 0x4e,
    0x4e, 0x4e, 0x4e, 0x4e, 0x4e, 0x0e, 0x0e, 0x4e, 0x0e, 0x0e, 0x0e, 0x09,
    0x6d, 0x32, 0x31, 0x6f, 0x4d, 0x0e, 0x09, 0x09, 0x09, 0x09, 0x09, 0x09,
    0x09, 0x09, 0x09, 0x0e, 0x0e, 0x0e, 0x4e, 0x4e, 0x4e, 0x4e, 0x4e, 0x4e,
    0x4d, 0x6b, 0x5a, 0x5c, 0x5e, 0x5a, 0x45, 0x45, 0x45, 0x45, 0x56, 0x45,
    0x56, 0xa2, 0xcd, 0x5c, 0x5c, 0x60, 0x4d, 0x09, 0x4d, 0x4d, 0x32, 0x48,
    0x31, 0xd1, 0x00, 0x00, 0x00, 0x00, 0x00, 0x00, 0x00, 0x00, 0x00, 0x00,
    0x00, 0x00, 0x00, 0x00, 0x00, 0x00, 0x00, 0x00, 0x00, 0x00, 0x00, 0x00,
    0x00, 0x00, 0x00, 0x00, 0x00, 0x00, 0x00, 0x00, 0x00, 0x00, 0x00, 0x00,
    0x00, 0x00, 0x00, 0x00, 0x00, 0x00, 0x00, 0x00, 0x00, 0x00, 0x00, 0x00,
    0x00, 0x00, 0x00, 0x00, 0x00, 0x00, 0x00, 0x00, 0x00, 0x00, 0x00, 0x00,
    0x00, 0x00, 0x00, 0x00, 0x00, 0x00, 0x00, 0x00, 0x00, 0x00, 0x00, 0x00,
    0x00, 0x00, 0x05, 0x1b, 0x1c, 0x21, 0x22, 0x1b, 0x09, 0x1b, 0x22, 0x22,
    0x21, 0x13, 0x22, 0x24, 0x33, 0x24, 0x24, 0x24, 0x25, 0x1c, 0x13, 0x17,
    0x17, 0x17, 0x24, 0x25, 0x25, 0x25, 0x25, 0x25, 0x28, 0x4a, 0x33, 0x28,
    0x4a, 0x4a, 0x4a, 0x4a, 0x4a, 0x4a, 0x4a, 0x26, 0x26, 0x28, 0x24, 0x6f,
    0x31, 0x6f, 0x59, 0x28, 0x3d, 0x26, 0x26, 0x26, 0x26, 0x26, 0x3d, 0x3d,
    0x3d, 0x3d, 0x26, 0x26, 0x26, 0x26, 0x26, 0x26, 0x26, 0x26, 0x26, 0x26,
    0x26, 0x26, 0x4a, 0x33, 0x1c, 0x1b, 0x2a, 0x22, 0x4f, 0x6e, 0xb2, 0xad,
    0xad, 0xac, 0xac, 0xb2, 0x4b, 0x6f, 0x6f, 0x4b, 0x50, 0x6c, 0xb2, 0xa6,
    0xad, 0xad, 0xad, 0xac, 0xa7, 0xa7, 0x42, 0x42, 0x42, 0xad, 0xa6, 0xae,
    0xae, 0xae, 0xa7, 0x53, 0xc4, 0xc4, 0xc4, 0x2d, 0x2d, 0x2d, 0x34, 0x34,
    0x4f, 0x53, 0x6a, 0x6e, 0x53, 0x6a, 0xbb, 0xb2, 0xae, 0xae, 0x6c, 0x6e,
    0x53, 0x4b, 0x53, 0x55, 0x50, 0x6e, 0x52, 0x52, 0x52, 0x4f, 0x2d, 0x26,
    0x26, 0x54, 0x53, 0x53, 0x53, 0x55, 0x6a, 0x34, 0x21, 0x24, 0x17, 0x0a,
    0x09, 0x4e, 0x4d, 0x4d, 0x4d, 0x4d, 0x4d, 0x4d, 0x4d, 0x4d, 0x4e, 0x4e,
    0x4e, 0x4e, 0x57, 0x57, 0x4e, 0x4e, 0x4e, 0x0e, 0x0e, 0x0e, 0x4d, 0x45,
    0x59, 0x31, 0x59, 0x45, 0x0e, 0x0e, 0x09, 0x09, 0x09, 0x09, 0x09, 0x09,
    0x09, 0x09, 0x09, 0x0e, 0x0e, 0x4e, 0x4e, 0x4e, 0x4e, 0x4e, 0x4e, 0x4e,
    0x57, 0x5a, 0x5e, 0x45, 0x5e, 0x5d, 0x45, 0x45, 0x45, 0x56, 0x56, 0x45,
    0x45, 0xcb, 0x32, 0xcb, 0x4d, 0xa2, 0x4d, 0x09, 0x4d, 0xc3, 0x47, 0x38,
    0x5b, 0x00, 0x00, 0x00, 0x00, 0x00, 0x00, 0x00, 0x00, 0x00, 0x00, 0x00,
    0x00, 0x00, 0x00, 0x00, 0x00, 0x00, 0x00, 0x00, 0x00, 0x00, 0x00, 0x00,
    0x00, 0x00, 0x00, 0x00, 0x00, 0x00, 0x00, 0x00, 0x00, 0x00, 0x00, 0x00,
    0x00, 0x00, 0x00, 0x00, 0x00, 0x00, 0x00, 0x00, 0x00, 0x00, 0x00, 0x00,
    0x00, 0x00, 0x00, 0x00, 0x00, 0x00, 0x00, 0x00, 0x00, 0x00, 0x00, 0x00,
    0x00, 0x00, 0x00, 0x00, 0x00, 0x00, 0x00, 0x00, 0x00, 0x00, 0x00, 0x00,
    0x00, 0x00, 0x10, 0x1c, 0x1c, 0x1e, 0x21, 0x17, 0x09, 0x1c, 0x22, 0x21,
    0x1c, 0x15, 0x21, 0x24, 0x23, 0x33, 0x33, 0x24, 0x24, 0x17, 0x13, 0x16,
    0x16, 0x1b, 0x24, 0x24, 0x24, 0x24, 0x24, 0x24, 0x25, 0x28, 0x1c, 0x23,
    0x4a, 0x25, 0x25, 0x25, 0x25, 0x25, 0x25, 0x25, 0x25, 0x25, 0x25, 0x24,
    0x59, 0x31, 0x31, 0x6f, 0x24, 0x28, 0x3d, 0x26, 0x26, 0x26, 0x26, 0x3d,
    0x3d, 0x3d, 0x26, 0x26, 0x26, 0x26, 0x4a, 0x26, 0x4a, 0x4a, 0x26, 0x26,
    0x26, 0x26, 0x4a, 0x33, 0x1e, 0x1c, 0x2a, 0x23, 0x54, 0x52, 0xb2, 0xad,
    0xad, 0xac, 0xad, 0xb7, 0x52, 0x34, 0x3c, 0x6f, 0x34, 0x55, 0x50, 0xc7,
    0x6c, 0xa6, 0xa6, 0xad, 0xac, 0x42, 0x42, 0x42, 0xa7, 0xad, 0xad, 0xba,
    0xba, 0xba, 0xa7, 0x2d, 0xa4, 0xb8, 0xc4, 0x95, 0x4f, 0x2d, 0x2d, 0x2d,
    0x34, 0x54, 0x53, 0x6a, 0x53, 0x53, 0x6a, 0x52, 0xb2, 0xae, 0xae, 0x52,
    0x6a, 0x53, 0x4b, 0x55, 0x6a, 0x50, 0x52, 0x51, 0x6a, 0x2d, 0x40, 0x41,
    0x1c, 0x44, 0x54, 0x4b, 0x53, 0x53, 0x55, 0x4f, 0x21, 0x23, 0x1b, 0x0a,
    0x09, 0x57, 0x4d, 0x4d, 0x4d, 0x4d, 0x4d, 0x4d, 0x4d, 0x4d, 0x4d, 0x4e,
    0x4d, 0x57, 0x39, 0x57, 0x4e, 0x4e, 0x0e, 0x0e, 0x0e, 0x6d, 0x29, 0x6f,
    0x3c, 0x0f, 0x45, 0x09, 0x09, 0x09, 0x09, 0x09, 0x09, 0x09, 0x09, 0x09,
    0x09, 0x0e, 0x0e, 0x0e, 0x0e, 0x0e, 0x0e, 0x57, 0x4d, 0x4e, 0x4e, 0x4d,
    0x57, 0x58, 0x5e, 0x56, 0x5e, 0x5e, 0x45, 0x45, 0x45, 0x45, 0x45, 0x4d,
    0x4d, 0x32, 0x3f, 0xc3, 0xc3, 0xcc, 0xcb, 0x0f, 0x57, 0x32, 0x47, 0x31,
    0xd0, 0x00, 0x00, 0x00, 0x00, 0x00, 0x00, 0x00, 0x00, 0x00, 0x00, 0x00,
    0x00, 0x00, 0x00, 0x00, 0x00, 0x00, 0x00, 0x00, 0x00, 0x00, 0x00, 0x00,
    0x00, 0x00, 0x00, 0x00, 0x00, 0x00, 0x00, 0x00, 0x00, 0x00, 0x00, 0x00,
    0x00, 0x00, 0x00, 0x00, 0x00, 0x00, 0x00, 0x00, 0x00, 0x00, 0x00, 0x00,
    0x00, 0x00, 0x00, 0x00, 0x00, 0x00, 0x00, 0x00, 0x00, 0x00, 0x00, 0x00,
    0x00, 0x00, 0x00, 0x00, 0x00, 0x00, 0x00, 0x00, 0x00, 0x00, 0x00, 0x00,
    0x00, 0x00, 0x0c, 0x06, 0x1c, 0x1e, 0x1e, 0x29, 0x32, 0x2a, 0x2a, 0x2a,
    0x1c, 0x11, 0x22, 0x23, 0x23, 0x23, 0x23, 0x23, 0x23, 0x19, 0x11, 0x13,
    0x13, 0x1b, 0x24, 0x24, 0x24, 0x24, 0x24, 0x24, 0x25, 0x24, 0x1c, 0x24,
    0x25, 0x25, 0x25, 0x25, 0x24, 0x24, 0x24, 0x24, 0x24, 0x24, 0x24, 0x25,
    0x25, 0x24, 0x41, 0x31, 0x31, 0x59, 0x24, 0x28, 0x4a, 0x4a, 0x26, 0x3d,
    0x3d, 0x3d, 0x26, 0x26, 0x26, 0x26, 0x4a, 0x4a, 0x28, 0x4a, 0x4a, 0x4a,
    0x26, 0x26, 0x4a, 0x33, 0x1e, 0x1c, 0x2a, 0x59, 0x54, 0x52, 0xa6, 0xad,
    0xac, 0xac, 0xad, 0xad, 0xae, 0x4b, 0x6f, 0x3c, 0x3c, 0x34, 0x4b, 0x55,
    0x50, 0xc7, 0xb2, 0xad, 0xad, 0x42, 0x42, 0x42, 0xad, 0xad, 0xba, 0xad,
    0xad, 0xad, 0xa8, 0x95, 0xa4, 0xc4, 0xc4, 0x94, 0x53, 0x2d, 0x2d, 0x2d,
    0x2d, 0x34, 0x4f, 0x53, 0x53, 0x54, 0x53, 0x6a, 0xb3, 0xb2, 0xae, 0xb3,
    0x6e, 0x55, 0x4b, 0x53, 0x55, 0x50, 0x50, 0x52, 0x54, 0x44, 0x2c, 0x26,
    0x1c, 0x24, 0x54, 0x54, 0x4b, 0x4b, 0x55, 0x4f, 0x1c, 0x23, 0x1b, 0x0a,
    0x09, 0x57, 0x4d, 0x4d, 0x4d, 0x4d, 0x4d, 0x4d, 0x4d, 0x4d, 0x4d, 0x4d,
    0x4d, 0x39, 0x39, 0x57, 0x57, 0x57, 0x0e, 0x6d, 0xc3, 0x48, 0x6f, 0x29,
    0x6d, 0x0e, 0x09, 0x0e, 0x0e, 0x09, 0x0e, 0x0e, 0x0e, 0x0e, 0x0e, 0x0e,
    0x0e, 0x0e, 0x0e, 0x0e, 0x0e, 0x0e, 0x57, 0x4d, 0x45, 0x4d, 0x57, 0x4e,
    0x4e, 0x58, 0x60, 0x58, 0x5a, 0x60, 0x45, 0x4d, 0x45, 0x4d, 0x4d, 0x57,
    0x32, 0x47, 0x48, 0x47, 0x47, 0x47, 0x32, 0x32, 0x09, 0x32, 0x3c, 0xcf,
    0x00, 0x00, 0x00, 0x00, 0x00, 0x00, 0x00, 0x00, 0x00, 0x00, 0x00, 0x00,
    0x00, 0x00, 0x00, 0x00, 0x00, 0x00, 0x00, 0x00, 0x00, 0x00, 0x00, 0x00,
    0x00, 0x00, 0x00, 0x00, 0x00, 0x00, 0x00, 0x00, 0x00, 0x00, 0x00, 0x00,
    0x00, 0x00, 0x00, 0x00, 0x00, 0x00, 0x00, 0x00, 0x00, 0x00, 0x00, 0x00,
    0x00, 0x00, 0x00, 0x00, 0x00, 0x00, 0x00, 0x00, 0x00, 0x00, 0x00, 0x00,
    0x00, 0x00, 0x00, 0x00, 0x00, 0x00, 0x00, 0x00, 0x00, 0x00, 0x00, 0x00,
    0x00, 0x00, 0x00, 0x07, 0x17, 0x1e, 0x1c, 0x2a, 0x31, 0x38, 0x3c, 0x3c,
    0x2a, 0x11, 0x22, 0x22, 0x22, 0x22, 0x22, 0x23, 0x22, 0x11, 0x15, 0x15,
    0x15, 0x1c, 0x24, 0x24, 0x24, 0x24, 0x24, 0x24, 0x25, 0x22, 0x1c, 0x25,
    0x24, 0x24, 0x24, 0x24, 0x24, 0x24, 0x24, 0x24, 0x24, 0x24, 0x24, 0x24,
    0x24, 0x25, 0x25, 0x59, 0x6f, 0x31, 0x6f, 0x23, 0x33, 0x4a, 0x26, 0x26,
    0x26, 0x26, 0x26, 0x26, 0x26, 0x26, 0x4a, 0x4a, 0x28, 0x4a, 0x4a, 0x4a,
    0x26, 0x26, 0x28, 0x33, 0x1c, 0x1c, 0x2a, 0x59, 0x4b, 0x52, 0xb1, 0xad,
    0xac, 0xad, 0xad, 0xad, 0xb7, 0x50, 0x31, 0x3c, 0x43, 0x43, 0x34, 0x4b,
    0x55, 0x50, 0xb2, 0xa6, 0xad, 0x42, 0x42, 0x42, 0xad, 0xad, 0xad, 0xac,
    0xac, 0xb7, 0xa8, 0x95, 0xa4, 0xb8, 0xaa, 0xb5, 0x4f, 0x4f, 0x2d, 0x2d,
    0x2d, 0x2d, 0x34, 0x4f, 0x4b, 0x54, 0x53, 0x53, 0x6a, 0xb3, 0xb2, 0xbe,
    0x52, 0x6a, 0x53, 0x4b, 0x55, 0x55, 0x50, 0x55, 0x2d, 0x34, 0x2d, 0x26,
    0x59, 0x1b, 0x44, 0x54, 0x54, 0x4b, 0x53, 0x54, 0x1c, 0x22, 0x1b, 0x0a,
    0x09, 0x57, 0x4d, 0x4d, 0x4d, 0x4d, 0x4d, 0x4d, 0x4d, 0x4d, 0x4d, 0x4d,
    0x4d, 0x39, 0x39, 0x57, 0x0e, 0x45, 0x5a, 0x29, 0x6f, 0x2a, 0xc3, 0x39,
    0x09, 0x09, 0x0e, 0x0e, 0x0e, 0x0e, 0x0e, 0x0e, 0x0e, 0x0e, 0x0e, 0x0e,
    0x57, 0x0e, 0x57, 0x57, 0x57, 0x57, 0x4e, 0x39, 0x4d, 0x4d, 0x4e, 0x4d,
    0x57, 0x45, 0x5e, 0x58, 0x58, 0x5e, 0x4d, 0x4d, 0x4d, 0x57, 0x57, 0x32,
    0x32, 0x3f, 0x38, 0x3f, 0x38, 0x30, 0x30, 0x32, 0x32, 0x2a, 0x5b, 0x12,
    0x00, 0x00, 0x00, 0x00, 0x00, 0x00, 0x00, 0x00, 0x00, 0x00, 0x00, 0x00,
    0x00, 0x00, 0x00, 0x00, 0x00, 0x00, 0x00, 0x00, 0x00, 0x00, 0x00, 0x00,
    0x00, 0x00, 0x00, 0x00, 0x00, 0x00, 0x00, 0x00, 0x00, 0x00, 0x00, 0x00,
    0x00, 0x00, 0x00, 0x00, 0x00, 0x00, 0x00, 0x00, 0x00, 0x00, 0x00, 0x00,
    0x00, 0x00, 0x00, 0x00, 0x00, 0x00, 0x00, 0x00, 0x00, 0x00, 0x00, 0x00,
    0x00, 0x00, 0x00, 0x00, 0x00, 0x00, 0x00, 0x00, 0x00, 0x00, 0x00, 0x00,
    0x00, 0x00, 0x00, 0x00, 0x10, 0x16, 0x1e, 0x29, 0x30, 0x37, 0x38, 0x31,
    0x43, 0x48, 0x2a, 0x22, 0x22, 0x22, 0x22, 0x23, 0x1e, 0x0a, 0x15, 0x15,
    0x11, 0x1e, 0x23, 0x23, 0x23, 0x24, 0x24, 0x24, 0x24, 0x1c, 0x1e, 0x24,
    0x24, 0x24, 0x24, 0x24, 0x24, 0x24, 0x24, 0x24, 0x24, 0x24, 0x24, 0x24,
    0x24, 0x24, 0x24, 0x25, 0x24, 0x59, 0x6f, 0x31, 0x59, 0x22, 0x28, 0x26,
    0x26, 0x26, 0x26, 0x26, 0x4a, 0x4a, 0x28, 0x28, 0x28, 0x28, 0x4a, 0x4a,
    0x4a, 0x26, 0x28, 0x23, 0x1e, 0x1c, 0x2a, 0x41, 0x4b, 0x52, 0xb1, 0xb7,
    0xb7, 0xba, 0xa7, 0xa7, 0xa7, 0xad, 0x4b, 0x3c, 0x43, 0x43, 0x3c, 0x34,
    0x4b, 0x55, 0x52, 0xa6, 0x42, 0x42, 0x42, 0xa7, 0xac, 0xac, 0xac, 0xac,
    0xac, 0xac, 0xa8, 0x95, 0xc4, 0xaa, 0xb5, 0xb5, 0x9e, 0x53, 0x2d, 0x2d,
    0x2d, 0x2d, 0x2d, 0x34, 0x54, 0x54, 0x54, 0x54, 0x55, 0x50, 0x52, 0xb3,
    0xc7, 0x6e, 0x55, 0x53, 0x53, 0x55, 0x50, 0x54, 0x34, 0x6f, 0x59, 0x26,
    0x24, 0x1c, 0x59, 0x54, 0x54, 0x54, 0x4b, 0x54, 0x1c, 0x1c, 0x1b, 0x0a,
    0x09, 0x57, 0x4d, 0x4d, 0x4d, 0x4d, 0x4d, 0x4d, 0x4d, 0x4d, 0x4d, 0x4d,
    0x4d, 0x4d, 0x4e, 0x4e, 0x6d, 0x32, 0x3c, 0x48, 0x32, 0x45, 0x09, 0x0e,
    0x57, 0x57, 0x57, 0x0e, 0x0e, 0x0e, 0x0e, 0x0e, 0x0e, 0x0e, 0x0e, 0x4e,
    0x4e, 0x57, 0x4e, 0x4d, 0x57, 0x4d, 0x4e, 0x57, 0x4d, 0x4d, 0x4d, 0x4d,
    0x4e, 0x4d, 0x5d, 0xcd, 0x4d, 0xcd, 0x57, 0x57, 0x57, 0x0f, 0x32, 0x47,
    0x47, 0x3f, 0x38, 0x38, 0x38, 0x37, 0x30, 0x32, 0x32, 0x05, 0x12, 0x00,
    0x00, 0x00, 0x00, 0x00, 0x00, 0x00, 0x00, 0x00, 0x00, 0x00, 0x00, 0x00,
    0x00, 0x00, 0x00, 0x00, 0x00, 0x00, 0x00, 0x00, 0x00, 0x00, 0x00, 0x00,
    0x00, 0x00, 0x00, 0x00, 0x00, 0x00, 0x00, 0x00, 0x00, 0x00, 0x00, 0x00,
    0x00, 0x00, 0x00, 0x00, 0x00, 0x00, 0x00, 0x00, 0x00, 0x00, 0x00, 0x00,
    0x00, 0x00, 0x00, 0x00, 0x00, 0x00, 0x00, 0x00, 0x00, 0x00, 0x00, 0x00,
    0x00, 0x00, 0x00, 0x00, 0x00, 0x00, 0x00, 0x00, 0x00, 0x00, 0x00, 0x00,
    0x00, 0x00, 0x00, 0x00, 0x00, 0x07, 0x04, 0x06, 0x2a, 0x37, 0x3b, 0x3f,
    0x38, 0x43, 0x3c, 0x2a, 0x2a, 0x21, 0x21, 0x22, 0x1c, 0x0f, 0x11, 0x11,
    0x11, 0x21, 0x23, 0x22, 0x23, 0x23, 0x23, 0x24, 0x24, 0x17, 0x1e, 0x24,
    0x23, 0x23, 0x23, 0x23, 0x23, 0x23, 0x23, 0x24, 0x24, 0x24, 0x24, 0x24,
    0x24, 0x24, 0x24, 0x24, 0x24, 0x24, 0x22, 0x59, 0x6f, 0x6f, 0x59, 0x24,
    0x26, 0x4a, 0x4a, 0x4a, 0x4a, 0x28, 0x28, 0x28, 0x28, 0x28, 0x4a, 0x4a,
    0x4a, 0x26, 0x28, 0x23, 0x1e, 0x1c, 0x2a, 0x41, 0x4b, 0x52, 0xb1, 0xad,
    0xba, 0xa7, 0x52, 0x31, 0x4b, 0xa8, 0x50, 0x43, 0x3c, 0x43, 0x3c, 0x3c,
    0x34, 0x4b, 0x50, 0xa6, 0x42, 0x42, 0x42, 0xa7, 0xac, 0xac, 0xac, 0xac,
    0xac, 0xac, 0xa8, 0x9e, 0xc4, 0xaa, 0xb5, 0x74, 0xa5, 0x53, 0x34, 0x2d,
    0x2c, 0x2c, 0x2c, 0x2d, 0x34, 0x4f, 0x54, 0x54, 0x54, 0x53, 0x6a, 0x6e,
    0x52, 0x52, 0x6a, 0x53, 0x4b, 0x53, 0x55, 0x34, 0x31, 0x38, 0x3f, 0x2a,
    0x59, 0x22, 0x29, 0x44, 0x54, 0x54, 0x54, 0x54, 0x1c, 0x1c, 0x1b, 0x0a,
    0x09, 0x4e, 0x4d, 0x4d, 0x4d, 0x45, 0x45, 0x45, 0x45, 0x4d, 0x4d, 0x45,
    0x45, 0x4d, 0x45, 0x45, 0x2a, 0x3c, 0x29, 0xcc, 0x39, 0x0e, 0x57, 0x57,
    0x57, 0x57, 0x0e, 0x0e, 0x0e, 0x0e, 0x0e, 0x0e, 0x57, 0x57, 0x57, 0x57,
    0x57, 0x57, 0x57, 0x57, 0x57, 0x4d, 0x4d, 0x57, 0x4d, 0x4d, 0x4d, 0x4d,
    0x4e, 0x57, 0xcd, 0x5c, 0xc3, 0xcc, 0x32, 0x32, 0x32, 0x32, 0x47, 0x47,
    0x48, 0x38, 0x3f, 0x38, 0x37, 0x3b, 0x36, 0x03, 0x10, 0x00, 0x00, 0x00,
    0x00, 0x00, 0x00, 0x00, 0x00, 0x00, 0x00, 0x00, 0x00, 0x00, 0x00, 0x00,
    0x00, 0x00, 0x00, 0x00, 0x00, 0x00, 0x00, 0x00, 0x00, 0x00, 0x00, 0x00,
    0x00, 0x00, 0x00, 0x00, 0x00, 0x00, 0x00, 0x00, 0x00, 0x00, 0x00, 0x00,
    0x00, 0x00, 0x00, 0x00, 0x00, 0x00, 0x00, 0x00, 0x00, 0x00, 0x00, 0x00,
    0x00, 0x00, 0x00, 0x00, 0x00, 0x00, 0x00, 0x00, 0x00, 0x00, 0x00, 0x00,
    0x00, 0x00, 0x00, 0x00, 0x00, 0x00, 0x00, 0x00, 0x00, 0x00, 0x00, 0x00,
    0x00, 0x00, 0x00, 0x00, 0x00, 0x00, 0x00, 0x00, 0x2f, 0x36, 0x37, 0x37,
    0x3f, 0x47, 0x3c, 0x3c, 0x48, 0x2a, 0x2a, 0x2a, 0x17, 0x0b, 0x11, 0x11,
    0x11, 0x21, 0x22, 0x22, 0x22, 0x23, 0x23, 0x23, 0x23, 0x11, 0x21, 0x23,
    0x23, 0x23, 0x23, 0x23, 0x23, 0x23, 0x23, 0x23, 0x24, 0x24, 0x24, 0x24,
    0x23, 0x23, 0x24, 0x24, 0x24, 0x24, 0x24, 0x24, 0x59, 0x6f, 0x31, 0x59,
    0x22, 0x24, 0x28, 0x28, 0x28, 0x28, 0x28, 0x28, 0x28, 0x28, 0x28, 0x28,
    0x4a, 0x26, 0x28, 0x23, 0x1c, 0x2a, 0x2a, 0x6f, 0x4b, 0x52, 0xad, 0xad,
    0xb7, 0xad, 0x30, 0x30, 0x30, 0x37, 0xac, 0x34, 0x3c, 0x3c, 0x3c, 0x3c,
    0x43, 0x4b, 0x50, 0xa6, 0x42, 0x37, 0x42, 0xa7, 0xa7, 0xac, 0xac, 0xac,
    0xa7, 0xac, 0xa8, 0x54, 0xc4, 0xb5, 0xbf, 0xa0, 0xa0, 0x81, 0x54, 0x2d,
    0x2d, 0x2d, 0x2c, 0x2c, 0x2d, 0x34, 0x4f, 0x54, 0x54, 0x54, 0x53, 0x55,
    0x50, 0x6e, 0x6a, 0x55, 0x4b, 0x55, 0x54, 0x31, 0x3b, 0x38, 0x30, 0x38,
    0x2a, 0x59, 0x29, 0x1c, 0x34, 0x34, 0x54, 0x54, 0x1c, 0x29, 0x17, 0x0a,
    0x09, 0x4e, 0x4d, 0x4d, 0x45, 0x45, 0x45, 0x45, 0x45, 0x45, 0x45, 0x45,
    0x45, 0x5a, 0x32, 0x48, 0x29, 0xc9, 0xcc, 0x09, 0x39, 0x39, 0x39, 0x39,
    0x57, 0x39, 0x39, 0x57, 0x57, 0x57, 0x57, 0x57, 0x57, 0x57, 0x57, 0x57,
    0x57, 0x57, 0x57, 0x57, 0x57, 0x57, 0x57, 0x57, 0x4d, 0x4d, 0x57, 0x57,
    0x57, 0x09, 0xcb, 0xc3, 0xce, 0x32, 0x47, 0x32, 0x47, 0x47, 0x3f, 0x48,
    0x3f, 0x47, 0x38, 0x37, 0x3b, 0x3e, 0x00, 0x00, 0x00, 0x00, 0x00, 0x00,
    0x00, 0x00, 0x00, 0x00, 0x00, 0x00, 0x00, 0x00, 0x00, 0x00, 0x00, 0x00,
    0x00, 0x00, 0x00, 0x00, 0x00, 0x00, 0x00, 0x00, 0x00, 0x00, 0x00, 0x00,
    0x00, 0x00, 0x00, 0x00, 0x00, 0x00, 0x00, 0x00, 0x00, 0x00, 0x00, 0x00,
    0x00, 0x00, 0x00, 0x00, 0x00, 0x00, 0x00, 0x00, 0x00, 0x00, 0x00, 0x00,
    0x00, 0x00, 0x00, 0x00, 0x00, 0x00, 0x00, 0x00, 0x00, 0x00, 0x00, 0x00,
    0x00, 0x00, 0x00, 0x00, 0x00, 0x00, 0x00, 0x00, 0x00, 0x00, 0x00, 0x00,
    0x00, 0x00, 0x00, 0x00, 0x00, 0x00, 0x00, 0x00, 0x00, 0x12, 0x36, 0x37,
    0x42, 0x38, 0x47, 0x48, 0x43, 0x3c, 0x48, 0x59, 0x2a, 0x29, 0x0f, 0x0f,
    0x11, 0x21, 0x23, 0x22, 0x22, 0x22, 0x22, 0x23, 0x21, 0x15, 0x22, 0x22,
    0x22, 0x22, 0x22, 0x23, 0x23, 0x23, 0x23, 0x23, 0x23, 0x23, 0x23, 0x23,
    0x23, 0x23, 0x23, 0x24, 0x24, 0x23, 0x24, 0x24, 0x26, 0x22, 0x29, 0x38,
    0x31, 0x2a, 0x24, 0x24, 0x24, 0x28, 0x28, 0x28, 0x28, 0x28, 0x28, 0x28,
    0x4a, 0x26, 0x28, 0x23, 0x1c, 0x2a, 0x2a, 0x6f, 0x4b, 0x52, 0xad, 0xb1,
    0xa8, 0x4b, 0x3b, 0x42, 0x30, 0x3b, 0xa8, 0x55, 0x3c, 0x3c, 0x38, 0x38,
    0x43, 0x4b, 0x50, 0xa6, 0x37, 0x42, 0xa8, 0xa7, 0xa7, 0xac, 0xac, 0xac,
    0xac, 0xac, 0xa7, 0x6a, 0xaa, 0xb5, 0xbf, 0xa0, 0xc2, 0x96, 0x53, 0x4f,
    0x4f, 0x34, 0x2d, 0x2d, 0x2c, 0x2d, 0x34, 0x54, 0x4f, 0x54, 0x54, 0x4b,
    0x55, 0x6a, 0x6a, 0x55, 0x53, 0x55, 0x43, 0x30, 0x30, 0x38, 0x38, 0x30,
    0x48, 0x2a, 0x2a, 0x15, 0x59, 0x34, 0x34, 0x54, 0x2a, 0x29, 0x17, 0x0a,
    0x0e, 0x4e, 0x4d, 0x4d, 0x45, 0x45, 0x45, 0x45, 0x45, 0x45, 0x45, 0x45,
    0x6d, 0x47, 0x30, 0x47, 0xc9, 0x68, 0xc9, 0xca, 0xcb, 0x39, 0x39, 0x39,
    0x57, 0x57, 0x39, 0x39, 0x4d, 0x4d, 0x4e, 0x4d, 0x4d, 0x4d, 0x4d, 0x4d,
    0x4d, 0x4d, 0x4d, 0x4d, 0x4d, 0x57, 0x57, 0x57, 0x57, 0x57, 0x57, 0x09,
    0x0f, 0x32, 0xce, 0x3f, 0x38, 0x38, 0x3f, 0x47, 0x48, 0x48, 0x3f, 0x47,
    0x3f, 0x3b, 0x37, 0x30, 0x3e, 0x00, 0x00, 0x00, 0x00, 0x00, 0x00, 0x00,
    0x00, 0x00, 0x00, 0x00, 0x00, 0x00, 0x00, 0x00, 0x00, 0x00, 0x00, 0x00,
    0x00, 0x00, 0x00, 0x00, 0x00, 0x00, 0x00, 0x00, 0x00, 0x00, 0x00, 0x00,
    0x00, 0x00, 0x00, 0x00, 0x00, 0x00, 0x00, 0x00, 0x00, 0x00, 0x00, 0x00,
    0x00, 0x00, 0x00, 0x00, 0x00, 0x00, 0x00, 0x00, 0x00, 0x00, 0x00, 0x00,
    0x00, 0x00, 0x00, 0x00, 0x00, 0x00, 0x00, 0x00, 0x00, 0x00, 0x00, 0x00,
    0x00, 0x00, 0x00, 0x00, 0x00, 0x00, 0x00, 0x00, 0x00, 0x00, 0x00, 0x00,
    0x00, 0x00, 0x00, 0x00, 0x00, 0x00, 0x00, 0x00, 0x00, 0x00, 0x01, 0x3e,
    0x30, 0x42, 0x37, 0x38, 0x47, 0x48, 0x3c, 0x3c, 0x3c, 0x31, 0x3c, 0x2a,
    0x32, 0x2a, 0x22, 0x22, 0x22, 0x22, 0x22, 0x22, 0x1c, 0x15, 0x22, 0x22,
    0x22, 0x22, 0x22, 0x22, 0x22, 0x23, 0x22, 0x22, 0x23, 0x23, 0x23, 0x23,
    0x23, 0x23, 0x23, 0x23, 0x24, 0x24, 0x24, 0x2a, 0x29, 0x48, 0x31, 0x3b,
    0x30, 0x29, 0x21, 0x24, 0x24, 0x24, 0x25, 0x28, 0x28, 0x28, 0x28, 0x28,
    0x4a, 0x4a, 0x4a, 0x23, 0x1c, 0x2a, 0x2a, 0x6f, 0x4b, 0x51, 0xb1, 0xa7,
    0xa6, 0x30, 0x37, 0xa8, 0x37, 0x30, 0x37, 0xac, 0x34, 0x48, 0x38, 0x38,
    0x43, 0x31, 0x50, 0x52, 0x37, 0x37, 0xa8, 0xa7, 0xac, 0xac, 0xac, 0xac,
    0xac, 0xac, 0xa7, 0x6e, 0xb5, 0xbf, 0x74, 0xc2, 0x75, 0xa5, 0x53, 0x54,
    0x54, 0x54, 0x4f, 0x34, 0x2d, 0x2c, 0x2d, 0x4f, 0x4f, 0x4f, 0x4f, 0x54,
    0x4b, 0x53, 0x55, 0x55, 0x6a, 0x4b, 0x38, 0x3b, 0x38, 0x30, 0x30, 0x38,
    0x30, 0x47, 0x59, 0x29, 0x32, 0x44, 0x34, 0x34, 0x2a, 0x29, 0x17, 0x0f,
    0x0e, 0x4e, 0x4d, 0x4d, 0x45, 0x45, 0x45, 0x45, 0x45, 0x45, 0x45, 0x5c,
    0x5a, 0xce, 0x38, 0x30, 0x38, 0x47, 0xca, 0xc9, 0xc9, 0xca, 0x5a, 0x45,
    0x39, 0x57, 0x39, 0x39, 0x39, 0x4d, 0x4d, 0x4d, 0x4d, 0x4d, 0x4d, 0x4d,
    0x4d, 0x4d, 0x4d, 0x4d, 0x57, 0x57, 0x57, 0x57, 0x09, 0x09, 0x0f, 0x0f,
    0x32, 0x47, 0x38, 0x38, 0x3f, 0x3f, 0x48, 0x48, 0x47, 0x47, 0x3f, 0x3b,
    0x37, 0x3b, 0x5b, 0xd1, 0x00, 0x00, 0x00, 0x00, 0x00, 0x00, 0x00, 0x00,
    0x00, 0x00, 0x00, 0x00, 0x00, 0x00, 0x00, 0x00, 0x00, 0x00, 0x00, 0x00,
    0x00, 0x00, 0x00, 0x00, 0x00, 0x00, 0x00, 0x00, 0x00, 0x00, 0x00, 0x00,
    0x00, 0x00, 0x00, 0x00, 0x00, 0x00, 0x00, 0x00, 0x00, 0x00, 0x00, 0x00,
    0x00, 0x00, 0x00, 0x00, 0x00, 0x00, 0x00, 0x00, 0x00, 0x00, 0x00, 0x00,
    0x00, 0x00, 0x00, 0x00, 0x00, 0x00, 0x00, 0x00, 0x00, 0x00, 0x00, 0x00,
    0x00, 0x00, 0x00, 0x00, 0x00, 0x00, 0x00, 0x00, 0x00, 0x00, 0x00, 0x00,
    0x00, 0x00, 0x00, 0x00, 0x00, 0x00, 0x00, 0x00, 0x00, 0x00, 0x00, 0x00,
    0x10, 0x36, 0x30, 0x42, 0x37, 0x43, 0x47, 0x47, 0x48, 0x38, 0x31, 0x31,
    0x43, 0x59, 0x2a, 0x22, 0x22, 0x22, 0x22, 0x22, 0x1b, 0x15, 0x22, 0x22,
    0x22, 0x22, 0x22, 0x22, 0x22, 0x22, 0x22, 0x22, 0x22, 0x22, 0x22, 0x22,
    0x22, 0x22, 0x23, 0x24, 0x23, 0x29, 0x29, 0x48, 0x30, 0x3b, 0x30, 0x3c,
    0x59, 0x41, 0x25, 0x1e, 0x33, 0x24, 0x24, 0x24, 0x24, 0x28, 0x28, 0x28,
    0x4a, 0x26, 0x25, 0x23, 0x21, 0x2a, 0x59, 0x41, 0x4b, 0x52, 0xae, 0xa8,
    0x4b, 0x3b, 0x42, 0xa8, 0x42, 0x30, 0x3b, 0xa8, 0x55, 0x3c, 0x38, 0x38,
    0x43, 0x31, 0x55, 0x37, 0x37, 0x37, 0xa8, 0xa7, 0xac, 0xac, 0xad, 0xad,
    0xad, 0xb2, 0xb2, 0x4f, 0xb5, 0x74, 0x74, 0xc2, 0x75, 0xa5, 0x4f, 0x4f,
    0x4f, 0x4f, 0x34, 0x34, 0x2d, 0x2d, 0x2d, 0x2d, 0x34, 0x34, 0x34, 0x4f,
    0x54, 0x54, 0x4b, 0x55, 0x55, 0x31, 0x30, 0x3b, 0x38, 0x30, 0x30, 0x38,
    0x38, 0x38, 0x29, 0x29, 0xc3, 0x29, 0x34, 0x34, 0x2a, 0x29, 0x17, 0x0b,
    0x0e, 0x4e, 0x4d, 0x45, 0x45, 0x5c, 0x45, 0x5c, 0x5c, 0x56, 0x58, 0x45,
    0x45, 0xa2, 0xca, 0x32, 0x38, 0x30, 0x30, 0x3f, 0xcb, 0x68, 0x68, 0xc9,
    0xca, 0x45, 0x57, 0x39, 0x4d, 0x4d, 0x4d, 0x4d, 0x4d, 0x4d, 0x4d, 0x4d,
    0x4d, 0x4d, 0x4d, 0x57, 0x57, 0x57, 0x57, 0x09, 0x0f, 0x0f, 0x32, 0x32,
    0x47, 0x3f, 0x48, 0x3f, 0x48, 0x3f, 0x47, 0x47, 0x38, 0x3b, 0x37, 0x3b,
    0x5b, 0xd0, 0x01, 0x00, 0x00, 0x00, 0x00, 0x00, 0x00, 0x00, 0x00, 0x00,
    0x00, 0x00, 0x00, 0x00, 0x00, 0x00, 0x00, 0x00, 0x00, 0x00, 0x00, 0x00,
    0x00, 0x00, 0x00, 0x00, 0x00, 0x00, 0x00, 0x00, 0x00, 0x00, 0x00, 0x00,
    0x00, 0x00, 0x00, 0x00, 0x00, 0x00, 0x00, 0x00, 0x00, 0x00, 0x00, 0x00,
    0x00, 0x00, 0x00, 0x00, 0x00, 0x00, 0x00, 0x00, 0x00, 0x00, 0x00, 0x00,
    0x00, 0x00, 0x00, 0x00, 0x00, 0x00, 0x00, 0x00, 0x00, 0x00, 0x00, 0x00,
    0x00, 0x00, 0x00, 0x00, 0x00, 0x00, 0x00, 0x00, 0x00, 0x00, 0x00, 0x00,
    0x00, 0x00, 0x00, 0x00, 0x00, 0x00, 0x00, 0x00, 0x00, 0x00, 0x00, 0x00,
    0x00, 0x00, 0x08, 0x36, 0x30, 0x37, 0x37, 0x30, 0x48, 0x3f, 0x3f, 0x38,
    0x31, 0x43, 0x48, 0x59, 0x2a, 0x22, 0x22, 0x22, 0x17, 0x15, 0x22, 0x21,
    0x21, 0x21, 0x21, 0x22, 0x22, 0x22, 0x22, 0x22, 0x22, 0x22, 0x22, 0x22,
    0x22, 0x22, 0x22, 0x29, 0x2a, 0x38, 0x30, 0x30, 0x31, 0x3c, 0x59, 0x26,
    0x28, 0x24, 0x26, 0x25, 0x3a, 0x23, 0x24, 0x24, 0x24, 0x24, 0x25, 0x28,
    0x28, 0x26, 0x25, 0x23, 0x21, 0x2a, 0x59, 0x59, 0x4b, 0x52, 0xac, 0x42,
    0x30, 0x37, 0x42, 0x37, 0x42, 0x3b, 0x30, 0x42, 0xad, 0x43, 0x48, 0x38,
    0x43, 0x31, 0x4b, 0x30, 0x37, 0x37, 0x42, 0xa7, 0xad, 0xb1, 0xb2, 0x52,
    0x6a, 0x55, 0x55, 0x95, 0xbf, 0x74, 0xc2, 0xc2, 0x75, 0xa5, 0x9e, 0x46,
    0x3d, 0x27, 0x35, 0x2b, 0x2c, 0x2c, 0x2c, 0x2c, 0x44, 0x2d, 0x2d, 0x34,
    0x34, 0x4f, 0x54, 0x55, 0x4b, 0x38, 0x3b, 0x38, 0x30, 0x3b, 0x3b, 0x31,
    0x38, 0x30, 0x47, 0x29, 0x32, 0xc3, 0x41, 0x34, 0x59, 0x29, 0x17, 0x0b,
    0x0e, 0x4e, 0x4d, 0x45, 0x45, 0x5c, 0x5c, 0x58, 0x5a, 0x5a, 0x4d, 0x4d,
    0x58, 0x58, 0x5a, 0xa2, 0xca, 0xc3, 0x3f, 0x30, 0x30, 0x38, 0x32, 0xc9,
    0x68, 0xc9, 0x5a, 0x4d, 0x4d, 0x4d, 0x4d, 0x4d, 0x4d, 0x4d, 0x4d, 0x4d,
    0x4d, 0x4d, 0x57, 0x57, 0x57, 0x09, 0x0f, 0x32, 0x32, 0x32, 0x47, 0x47,
    0x48, 0x48, 0x3f, 0x3f, 0x47, 0x3f, 0x30, 0x37, 0x37, 0x3b, 0x5b, 0x03,
    0x14, 0x00, 0x00, 0x00, 0x00, 0x00, 0x00, 0x00, 0x00, 0x00, 0x00, 0x00,
    0x00, 0x00, 0x00, 0x00, 0x00, 0x00, 0x00, 0x00, 0x00, 0x00, 0x00, 0x00,
    0x00, 0x00, 0x00, 0x00, 0x00, 0x00, 0x00, 0x00, 0x00, 0x00, 0x00, 0x00,
    0x00, 0x00, 0x00, 0x00, 0x00, 0x00, 0x00, 0x00, 0x00, 0x00, 0x00, 0x00,
    0x00, 0x00, 0x00, 0x00, 0x00, 0x00, 0x00, 0x00, 0x00, 0x00, 0x00, 0x00,
    0x00, 0x00, 0x00, 0x00, 0x00, 0x00, 0x00, 0x00, 0x00, 0x00, 0x00, 0x00,
    0x00, 0x00, 0x00, 0x00, 0x00, 0x00, 0x00, 0x00, 0x00, 0x00, 0x00, 0x00,
    0x00, 0x00, 0x00, 0x00, 0x00, 0x00, 0x00, 0x00, 0x00, 0x00, 0x00, 0x00,
    0x00, 0x00, 0x00, 0x00, 0x10, 0x05, 0x43, 0x37, 0x42, 0x37, 0x31, 0x3f,
    0x3f, 0x48, 0x43, 0x43, 0x3c, 0x59, 0x2a, 0x23, 0x1c, 0x17, 0x22, 0x21,
    0x21, 0x21, 0x21, 0x21, 0x21, 0x21, 0x21, 0x22, 0x22, 0x22, 0x22, 0x22,
    0x22, 0x22, 0x59, 0x31, 0x30, 0x30, 0x6f, 0x59, 0x24, 0x25, 0x25, 0x24,
    0x23, 0x23, 0x23, 0x24, 0x25, 0x22, 0x22, 0x24, 0x24, 0x24, 0x24, 0x25,
    0x28, 0x28, 0x24, 0x23, 0x21, 0x2a, 0x2a, 0x59, 0x54, 0x52, 0xa8, 0x37,
    0x3b, 0x42, 0x42, 0x3b, 0x37, 0x42, 0x30, 0x3b, 0xa8, 0x4b, 0x3c, 0x43,
    0x31, 0x31, 0x31, 0x30, 0x37, 0x37, 0xa6, 0xb2, 0x52, 0x50, 0x50, 0x50,
    0x52, 0xb2, 0x6e, 0xa0, 0xbf, 0xa0, 0xc2, 0x75, 0x7e, 0x75, 0xc0, 0x34,
    0x2c, 0x2c, 0x4c, 0x2b, 0x35, 0x35, 0x2e, 0x35, 0x35, 0x4c, 0x44, 0x2d,
    0x2d, 0x34, 0x34, 0x55, 0x34, 0x30, 0x3b, 0x38, 0x3b, 0x37, 0x30, 0x38,
    0x38, 0x38, 0x38, 0x29, 0x29, 0xcb, 0x29, 0x34, 0x59, 0x32, 0x15, 0x0b,
    0x57, 0x4d, 0x4d, 0x45, 0x5c, 0x5c, 0x58, 0x5a, 0x5a, 0x39, 0x4d, 0x58,
    0x58, 0x6d, 0x6d, 0x6d, 0x6d, 0x5a, 0xca, 0xca, 0x32, 0x38, 0x30, 0x30,
    0x47, 0xc9, 0xa2, 0x45, 0x4d, 0x4d, 0x4d, 0x4d, 0x4d, 0x4d, 0x4d, 0x39,
    0x39, 0x57, 0x57, 0x09, 0x0f, 0x32, 0x32, 0x32, 0x47, 0x3f, 0x3f, 0x48,
    0x3f, 0x47, 0x47, 0x38, 0x3b, 0x37, 0x37, 0x30, 0x36, 0x08, 0x01, 0x00,
    0x00, 0x00, 0x00, 0x00, 0x00, 0x00, 0x00, 0x00, 0x00, 0x00, 0x00, 0x00,
    0x00, 0x00, 0x00, 0x00, 0x00, 0x00, 0x00, 0x00, 0x00, 0x00, 0x00, 0x00,
    0x00, 0x00, 0x00, 0x00, 0x00, 0x00, 0x00, 0x00, 0x00, 0x00, 0x00, 0x00,
    0x00, 0x00, 0x00, 0x00, 0x00, 0x00, 0x00, 0x00, 0x00, 0x00, 0x00, 0x00,
    0x00, 0x00, 0x00, 0x00, 0x00, 0x00, 0x00, 0x00, 0x00, 0x00, 0x00, 0x00,
    0x00, 0x00, 0x00, 0x00, 0x00, 0x00, 0x00, 0x00, 0x00, 0x00, 0x00, 0x00,
    0x00, 0x00, 0x00, 0x00, 0x00, 0x00, 0x00, 0x00, 0x00, 0x00, 0x00, 0x00,
    0x00, 0x00, 0x00, 0x00, 0x00, 0x00, 0x00, 0x00, 0x00, 0x00, 0x00, 0x00,
    0x00, 0x00, 0x00, 0x00, 0x00, 0x00, 0x02, 0x04, 0x5b, 0x30, 0x37, 0x42,
    0x3b, 0x38, 0x3f, 0x3f, 0x3c, 0x43, 0x3c, 0x48, 0x59, 0x2a, 0x2a, 0x22,
    0x21, 0x21, 0x21, 0x21, 0x21, 0x21, 0x1e, 0x21, 0x21, 0x21, 0x21, 0x21,
    0x22, 0x1c, 0x31, 0x31, 0x3c, 0x59, 0x24, 0x24, 0x33, 0x23, 0x23, 0x23,
    0x23, 0x23, 0x23, 0x23, 0x23, 0x25, 0x23, 0x3a, 0x33, 0x24, 0x24, 0x25,
    0x28, 0x4a, 0x24, 0x23, 0x22, 0x59, 0x2a, 0x2a, 0x4f, 0xae, 0xa7, 0x30,
    0x37, 0xa8, 0xa8, 0x37, 0x37, 0x42, 0x3b, 0x3b, 0x42, 0xb2, 0x43, 0x43,
    0x31, 0x31, 0x31, 0x30, 0x37, 0x3b, 0x50, 0x52, 0x52, 0x6c, 0xb2, 0xb2,
    0x6c, 0xb1, 0x53, 0x94, 0x74, 0xc2, 0x75, 0x75, 0x7e, 0x75, 0xc0, 0x54,
    0x2d, 0x34, 0x2d, 0x2d, 0x2c, 0x40, 0x35, 0x41, 0x41, 0x35, 0x2c, 0x44,
    0x2d, 0x44, 0x4f, 0x4b, 0x43, 0x3b, 0x30, 0x30, 0x3b, 0x3b, 0x38, 0x3c,
    0x31, 0x38, 0x38, 0x3f, 0x29, 0x32, 0xc3, 0x6f, 0x59, 0x32, 0x15, 0x09,
    0x4e, 0x4d, 0x45, 0x5c, 0x5c, 0x58, 0x5a, 0x58, 0x4d, 0x5c, 0x5c, 0x5c,
    0x5c, 0x5c, 0x5c, 0x5c, 0x5c, 0x5c, 0x45, 0x6d, 0x5a, 0xca, 0xcb, 0x3f,
    0x3b, 0xc3, 0x5a, 0x45, 0x45, 0x45, 0x4d, 0x4d, 0x45, 0x4d, 0x4d, 0x57,
    0x57, 0x09, 0x0f, 0x32, 0x32, 0x47, 0x47, 0x48, 0x38, 0x3f, 0x47, 0x47,
    0x3f, 0x30, 0x37, 0x37, 0x3b, 0x5b, 0x05, 0x02, 0x00, 0x00, 0x00, 0x00,
    0x00, 0x00, 0x00, 0x00, 0x00, 0x00, 0x00, 0x00, 0x00, 0x00, 0x00, 0x00,
    0x00, 0x00, 0x00, 0x00, 0x00, 0x00, 0x00, 0x00, 0x00, 0x00, 0x00, 0x00,
    0x00, 0x00, 0x00, 0x00, 0x00, 0x00, 0x00, 0x00, 0x00, 0x00, 0x00, 0x00,
    0x00, 0x00, 0x00, 0x00, 0x00, 0x00, 0x00, 0x00, 0x00, 0x00, 0x00, 0x00,
    0x00, 0x00, 0x00, 0x00, 0x00, 0x00, 0x00, 0x00, 0x00, 0x00, 0x00, 0x00,
    0x00, 0x00, 0x00, 0x00, 0x00, 0x00, 0x00, 0x00, 0x00, 0x00, 0x00, 0x00,
    0x00, 0x00, 0x00, 0x00, 0x00, 0x00, 0x00, 0x00, 0x00, 0x00, 0x00, 0x00,
    0x00, 0x00, 0x00, 0x00, 0x00, 0x00, 0x00, 0x00, 0x00, 0x00, 0x00, 0x00,
    0x00, 0x00, 0x00, 0x00, 0x00, 0x00, 0x00, 0x00, 0x01, 0x08, 0x36, 0x43,
    0x37, 0x42, 0x37, 0x30, 0x48, 0x3f, 0x48, 0x3c, 0x3c, 0x3c, 0x59, 0x2a,
    0x2a, 0x22, 0x22, 0x21, 0x21, 0x1e, 0x1e, 0x1e, 0x21, 0x21, 0x1e, 0x21,
    0x21, 0x1c, 0x6f, 0x3c, 0x22, 0x24, 0x33, 0x22, 0x23, 0x23, 0x22, 0x23,
    0x22, 0x23, 0x23, 0x23, 0x22, 0x22, 0x24, 0x24, 0x3a, 0x33, 0x24, 0x24,
    0x4a, 0x4a, 0x24, 0x23, 0x22, 0x59, 0x2a, 0x17, 0x4f, 0xa8, 0x37, 0x3b,
    0x42, 0xa8, 0xa7, 0x42, 0x37, 0x42, 0x42, 0x30, 0x37, 0xa8, 0x4b, 0x43,
    0x31, 0x43, 0x43, 0x31, 0x30, 0x4b, 0x52, 0x52, 0xb2, 0xb2, 0xb2, 0x6c,
    0x6c, 0xb2, 0x2d, 0xbf, 0xc2, 0xc2, 0x75, 0x7e, 0x91, 0x75, 0x99, 0x53,
    0x2d, 0x34, 0x2d, 0x2d, 0x2d, 0x2c, 0x2e, 0x35, 0x35, 0x2c, 0x44, 0x44,
    0x44, 0x44, 0x53, 0x34, 0x30, 0x3b, 0x38, 0x3b, 0x37, 0x30, 0x48, 0x3c,
    0x3c, 0x31, 0x38, 0x38, 0x47, 0x29, 0xcb, 0x29, 0x59, 0x32, 0x0f, 0x09,
    0x4d, 0x45, 0x5c, 0x5c, 0x58, 0x5a, 0x5c, 0x4d, 0x58, 0x5a, 0x5c, 0x5c,
    0x5c, 0x5c, 0x5c, 0x5c, 0x5c, 0x5c, 0x5c, 0x5c, 0x5c, 0x45, 0xa2, 0x47,
    0x38, 0xcc, 0x45, 0x5c, 0x5c, 0x5c, 0x5c, 0x5c, 0x4d, 0x4d, 0x57, 0x09,
    0x0f, 0x32, 0x32, 0x47, 0x3f, 0x48, 0x38, 0x3f, 0x47, 0x3f, 0x38, 0x37,
    0x37, 0x37, 0x38, 0x36, 0x03, 0x12, 0x00, 0x00, 0x00, 0x00, 0x00, 0x00,
    0x00, 0x00, 0x00, 0x00, 0x00, 0x00, 0x00, 0x00, 0x00, 0x00, 0x00, 0x00,
    0x00, 0x00, 0x00, 0x00, 0x00, 0x00, 0x00, 0x00, 0x00, 0x00, 0x00, 0x00,
    0x00, 0x00, 0x00, 0x00, 0x00, 0x00, 0x00, 0x00, 0x00, 0x00, 0x00, 0x00,
    0x00, 0x00, 0x00, 0x00, 0x00, 0x00, 0x00, 0x00, 0x00, 0x00, 0x00, 0x00,
    0x00, 0x00, 0x00, 0x00, 0x00, 0x00, 0x00, 0x00, 0x00, 0x00, 0x00, 0x00,
    0x00, 0x00, 0x00, 0x00, 0x00, 0x00, 0x00, 0x00, 0x00, 0x00, 0x00, 0x00,
    0x00, 0x00, 0x00, 0x00, 0x00, 0x00, 0x00, 0x00, 0x00, 0x00, 0x00, 0x00,
    0x00, 0x00, 0x00, 0x00, 0x00, 0x00, 0x00, 0x00, 0x00, 0x00, 0x00, 0x00,
    0x00, 0x00, 0x00, 0x00, 0x00, 0x00, 0x00, 0x00, 0x00, 0x00, 0x00, 0x02,
    0x3e, 0x36, 0x31, 0x37, 0x42, 0x37, 0x30, 0x3f, 0x3f, 0x48, 0x43, 0x3c,
    0x48, 0x59, 0x2a, 0x22, 0x21, 0x21, 0x1e, 0x21, 0x21, 0x21, 0x21, 0x21,
    0x21, 0x1e, 0x2a, 0x6f, 0x2a, 0x21, 0x22, 0x22, 0x22, 0x22, 0x22, 0x22,
    0x22, 0x22, 0x22, 0x22, 0x22, 0x22, 0x22, 0x23, 0x24, 0x1e, 0x1f, 0x24,
    0x25, 0x28, 0x24, 0x23, 0x22, 0x59, 0x2a, 0x57, 0x54, 0xa8, 0x30, 0x37,
    0xa8, 0xa7, 0xac, 0xa7, 0x37, 0x37, 0xa8, 0x3b, 0x30, 0x42, 0x52, 0x43,
    0x43, 0x43, 0x31, 0x31, 0x34, 0x4b, 0x50, 0x52, 0x6c, 0xb3, 0x6c, 0x6c,
    0x6c, 0x6e, 0x95, 0x74, 0xc2, 0x75, 0x75, 0x7e, 0x91, 0x91, 0x9d, 0x53,
    0x2d, 0x2d, 0x34, 0x34, 0x2c, 0x2d, 0x2d, 0x27, 0x40, 0x44, 0x44, 0x44,
    0x2c, 0x34, 0x4b, 0x43, 0x3b, 0x30, 0x30, 0x3b, 0x3b, 0x38, 0x48, 0x3c,
    0x3c, 0x38, 0x38, 0x38, 0x3f, 0x29, 0xc3, 0xc3, 0x29, 0x32, 0x0f, 0x57,
    0x4d, 0x5c, 0x5c, 0x5a, 0x5d, 0x45, 0x45, 0x5a, 0xcd, 0xcd, 0xcd, 0xcd,
    0xcd, 0x5c, 0xcd, 0xcd, 0x58, 0x5a, 0x5c, 0x5c, 0x6d, 0x5a, 0xc3, 0x38,
    0xc3, 0x5a, 0x4d, 0x5c, 0x5c, 0x5c, 0x5c, 0x4d, 0x4d, 0x57, 0x09, 0x32,
    0x32, 0x47, 0x48, 0x48, 0x3f, 0x47, 0x47, 0x38, 0x3b, 0x37, 0x37, 0x30,
    0x5b, 0x04, 0x10, 0x00, 0x00, 0x00, 0x00, 0x00, 0x00, 0x00, 0x00, 0x00,
    0x00, 0x00, 0x00, 0x00, 0x00, 0x00, 0x00, 0x00, 0x00, 0x00, 0x00, 0x00,
    0x00, 0x00, 0x00, 0x00, 0x00, 0x00, 0x00, 0x00, 0x00, 0x00, 0x00, 0x00,
    0x00, 0x00, 0x00, 0x00, 0x00, 0x00, 0x00, 0x00, 0x00, 0x00, 0x00, 0x00,
    0x00, 0x00, 0x00, 0x00, 0x00, 0x00, 0x00, 0x00, 0x00, 0x00, 0x00, 0x00,
    0x00, 0x00, 0x00, 0x00, 0x00, 0x00, 0x00, 0x00, 0x00, 0x00, 0x00, 0x00,
    0x00, 0x00, 0x00, 0x00, 0x00, 0x00, 0x00, 0x00, 0x00, 0x00, 0x00, 0x00,
    0x00, 0x00, 0x00, 0x00, 0x00, 0x00, 0x00, 0x00, 0x00, 0x00, 0x00, 0x00,
    0x00, 0x00, 0x00, 0x00, 0x00, 0x00, 0x00, 0x00, 0x00, 0x00, 0x00, 0x00,
    0x00, 0x00, 0x00, 0x00, 0x00, 0x00, 0x00, 0x00, 0x00, 0x00, 0x00, 0x00,
    0x00, 0x0c, 0x10, 0x05, 0x5b, 0x30, 0x42, 0x42, 0x37, 0x38, 0x3f, 0x3f,
    0x3c, 0x43, 0x3c, 0x59, 0x2a, 0x2a, 0x21, 0x21, 0x1e, 0x1e, 0x1e, 0x1e,
    0x21, 0x21, 0x1c, 0x59, 0x6f, 0x1c, 0x21, 0x21, 0x1f, 0x22, 0x22, 0x22,
    0x22, 0x22, 0x22, 0x22, 0x21, 0x21, 0x22, 0x22, 0x23, 0x25, 0x1f, 0x1e,
    0x24, 0x24, 0x24, 0x23, 0x22, 0x59, 0x29, 0xa2, 0x50, 0x42, 0x30, 0x37,
    0xa8, 0xac, 0xad, 0xa7, 0x37, 0x37, 0x42, 0x37, 0x30, 0x37, 0xa7, 0x54,
    0x43, 0x31, 0x31, 0x43, 0x34, 0x4b, 0x55, 0x52, 0x6c, 0xb2, 0x6c, 0x52,
    0x6c, 0x54, 0xa0, 0xc2, 0x75, 0x75, 0x7e, 0x91, 0x91, 0x76, 0x91, 0xb9,
    0x34, 0x2d, 0x4f, 0x4f, 0x26, 0x2c, 0x44, 0x40, 0x40, 0x44, 0x44, 0x44,
    0x2c, 0x4b, 0x34, 0x31, 0x3b, 0x38, 0x30, 0x3b, 0x3b, 0x48, 0x59, 0x41,
    0x41, 0x48, 0x31, 0x38, 0x38, 0x47, 0x32, 0xca, 0x32, 0x32, 0x0f, 0x57,
    0x4d, 0x5c, 0x5a, 0x5a, 0x45, 0x58, 0x5d, 0xcd, 0xcd, 0xcd, 0xcd, 0xcd,
    0xcd, 0x5c, 0xcd, 0xcd, 0x5a, 0x5a, 0x5a, 0x5a, 0x5a, 0xca, 0x48, 0x3f,
    0xa2, 0x4d, 0x5c, 0x5c, 0x5c, 0x5c, 0x4d, 0xc3, 0xc3, 0x32, 0x32, 0x47,
    0x48, 0x48, 0x3f, 0x47, 0x3f, 0x30, 0x37, 0x37, 0x3b, 0x38, 0x05, 0x08,
    0x01, 0x00, 0x00, 0x00, 0x00, 0x00, 0x00, 0x00, 0x00, 0x00, 0x00, 0x00,
    0x00, 0x00, 0x00, 0x00, 0x00, 0x00, 0x00, 0x00, 0x00, 0x00, 0x00, 0x00,
    0x00, 0x00, 0x00, 0x00, 0x00, 0x00, 0x00, 0x00, 0x00, 0x00, 0x00, 0x00,
    0x00, 0x00, 0x00, 0x00, 0x00, 0x00, 0x00, 0x00, 0x00, 0x00, 0x00, 0x00,
    0x00, 0x00, 0x00, 0x00, 0x00, 0x00, 0x00, 0x00, 0x00, 0x00, 0x00, 0x00,
    0x00, 0x00, 0x00, 0x00, 0x00, 0x00, 0x00, 0x00, 0x00, 0x00, 0x00, 0x00,
    0x00, 0x00, 0x00, 0x00, 0x00, 0x00, 0x00, 0x00, 0x00, 0x00, 0x00, 0x00,
    0x00, 0x00, 0x00, 0x00, 0x00, 0x00, 0x00, 0x00, 0x00, 0x00, 0x00, 0x00,
    0x00, 0x00, 0x00, 0x00, 0x00, 0x00, 0x00, 0x00, 0x00, 0x00, 0x00, 0x00,
    0x00, 0x00, 0x00, 0x00, 0x00, 0x00, 0x00, 0x00, 0x00, 0x00, 0x00, 0x00,
    0x00, 0x00, 0x00, 0x00, 0x12, 0x08, 0x05, 0x43, 0x37, 0x42, 0x42, 0x3b,
    0x38, 0x3f, 0x48, 0x3c, 0x3c, 0x48, 0x59, 0x2a, 0x21, 0x21, 0x1e, 0x1e,
    0x1e, 0x1e, 0x21, 0x1c, 0x6f, 0x59, 0x1c, 0x21, 0x1e, 0x21, 0x21, 0x22,
    0x22, 0x22, 0x22, 0x22, 0x21, 0x21, 0x21, 0x22, 0x22, 0x23, 0x28, 0x24,
    0x1c, 0x33, 0x24, 0x23, 0x22, 0x59, 0x29, 0x5a, 0xa6, 0x3b, 0x3b, 0x42,
    0xa7, 0xac, 0xad, 0xac, 0x42, 0x37, 0x42, 0xa8, 0x3b, 0x3b, 0x42, 0x50,
    0x43, 0x31, 0x31, 0x31, 0x34, 0x54, 0x55, 0x52, 0x51, 0x6e, 0x6c, 0xb3,
    0xb2, 0x9e, 0x74, 0x7e, 0x7e, 0x91, 0x91, 0x91, 0x76, 0x76, 0x91, 0x81,
    0x54, 0x2c, 0x4f, 0x6a, 0x2d, 0x2b, 0x2c, 0x2c, 0x44, 0x44, 0x44, 0x44,
    0x34, 0x4b, 0x43, 0x3b, 0x30, 0x38, 0x30, 0x3b, 0x3b, 0x3f, 0x59, 0x59,
    0x41, 0x59, 0x3c, 0x38, 0x38, 0x3f, 0x29, 0xca, 0xcc, 0x32, 0x0f, 0x57,
    0x5c, 0x5d, 0x5a, 0x4d, 0x5a, 0x5d, 0x5a, 0xcd, 0xcd, 0xcd, 0xcd, 0xcd,
    0xcd, 0xcd, 0xcd, 0xcd, 0x5a, 0xcd, 0xcd, 0x58, 0xa2, 0x47, 0x38, 0xca,
    0x5c, 0x5c, 0x5c, 0x5c, 0x4d, 0xc3, 0xc3, 0x32, 0x32, 0x3f, 0x48, 0x3f,
    0x47, 0x3f, 0x38, 0x37, 0x37, 0x37, 0x31, 0x36, 0x03, 0x02, 0x00, 0x00,
    0x00, 0x00, 0x00, 0x00, 0x00, 0x00, 0x00, 0x00, 0x00, 0x00, 0x00, 0x00,
    0x00, 0x00, 0x00, 0x00, 0x00, 0x00, 0x00, 0x00, 0x00, 0x00, 0x00, 0x00,
    0x00, 0x00, 0x00, 0x00, 0x00, 0x00, 0x00, 0x00, 0x00, 0x00, 0x00, 0x00,
    0x00, 0x00, 0x00, 0x00, 0x00, 0x00, 0x00, 0x00, 0x00, 0x00, 0x00, 0x00,
    0x00, 0x00, 0x00, 0x00, 0x00, 0x00, 0x00, 0x00, 0x00, 0x00, 0x00, 0x00,
    0x00, 0x00, 0x00, 0x00, 0x00, 0x00, 0x00, 0x00, 0x00, 0x00, 0x00, 0x00,
    0x00, 0x00, 0x00, 0x00, 0x00, 0x00, 0x00, 0x00, 0x00, 0x00, 0x00, 0x00,
    0x00, 0x00, 0x00, 0x00, 0x00, 0x00, 0x00, 0x00, 0x00, 0x00, 0x00, 0x00,
    0x00, 0x00, 0x00, 0x00, 0x00, 0x00, 0x00, 0x00, 0x00, 0x00, 0x00, 0x00,
    0x00, 0x00, 0x00, 0x00, 0x00, 0x00, 0x00, 0x00, 0x00, 0x00, 0x00, 0x00,
    0x00, 0x00, 0x00, 0x00, 0x00, 0x00, 0x00, 0x02, 0x04, 0x1d, 0x31, 0x37,
    0x42, 0x37, 0x30, 0x3f, 0x3f, 0x48, 0x3c, 0x3c, 0x59, 0x2a, 0x2a, 0x21,
    0x1e, 0x1e, 0x1e, 0x1e, 0x21, 0x6f, 0x2a, 0x1c, 0x1e, 0x1e, 0x21, 0x21,
    0x22, 0x22, 0x22, 0x21, 0x21, 0x21, 0x21, 0x21, 0x21, 0x22, 0x22, 0x27,
    0x41, 0x1e, 0x22, 0x24, 0x23, 0x3c, 0x32, 0x17, 0x42, 0x30, 0x37, 0xa8,
    0xad, 0xad, 0xad, 0xac, 0x42, 0x42, 0x42, 0xa8, 0x37, 0x30, 0x37, 0xa7,
    0x54, 0x43, 0x31, 0x31, 0x34, 0x54, 0x53, 0x55, 0x55, 0x52, 0xbe, 0xb3,
    0x52, 0x95, 0x75, 0x7e, 0x7e, 0x91, 0x91, 0x76, 0x76, 0x76, 0x76, 0x96,
    0x53, 0x2c, 0x2d, 0x54, 0x53, 0x2d, 0x2c, 0x44, 0x44, 0x44, 0x44, 0x44,
    0x54, 0x54, 0x38, 0x3b, 0x38, 0x38, 0x30, 0x3b, 0x3b, 0x3f, 0x59, 0x59,
    0x59, 0x59, 0x48, 0x31, 0x38, 0x38, 0x47, 0xcb, 0xca, 0x32, 0x0f, 0x5c,
    0x5a, 0x45, 0x45, 0x5a, 0x5d, 0x5d, 0xcd, 0xcd, 0xcd, 0xcd, 0xcd, 0xcd,
    0xcd, 0xcd, 0xcd, 0x5a, 0x5a, 0xcd, 0x5a, 0x5d, 0xcb, 0x38, 0xce, 0xcd,
    0x5c, 0x5c, 0xc3, 0xc3, 0xc3, 0x32, 0x47, 0x3f, 0x3f, 0x3f, 0x3f, 0x38,
    0x3b, 0x37, 0x37, 0x30, 0x48, 0x05, 0x08, 0x01, 0x00, 0x00, 0x00, 0x00,
    0x00, 0x00, 0x00, 0x00, 0x00, 0x00, 0x00, 0x00, 0x00, 0x00, 0x00, 0x00,
    0x00, 0x00, 0x00, 0x00, 0x00, 0x00, 0x00, 0x00, 0x00, 0x00, 0x00, 0x00,
    0x00, 0x00, 0x00, 0x00, 0x00, 0x00, 0x00, 0x00, 0x00, 0x00, 0x00, 0x00,
    0x00, 0x00, 0x00, 0x00, 0x00, 0x00, 0x00, 0x00, 0x00, 0x00, 0x00, 0x00,
    0x00, 0x00, 0x00, 0x00, 0x00, 0x00, 0x00, 0x00, 0x00, 0x00, 0x00, 0x00,
    0x00, 0x00, 0x00, 0x00, 0x00, 0x00, 0x00, 0x00, 0x00, 0x00, 0x00, 0x00,
    0x00, 0x00, 0x00, 0x00, 0x00, 0x00, 0x00, 0x00, 0x00, 0x00, 0x00, 0x00,
    0x00, 0x00, 0x00, 0x00, 0x00, 0x00, 0x00, 0x00, 0x00, 0x00, 0x00, 0x00,
    0x00, 0x00, 0x00, 0x00, 0x00, 0x00, 0x00, 0x00, 0x00, 0x00, 0x00, 0x00,
    0x00, 0x00, 0x00, 0x00, 0x00, 0x00, 0x00, 0x00, 0x00, 0x00, 0x00, 0x00,
    0x00, 0x00, 0x00, 0x00, 0x00, 0x00, 0x00, 0x00, 0x00, 0x01, 0x08, 0x05,
    0x48, 0x30, 0x42, 0x42, 0x37, 0x38, 0x3f, 0x48, 0x3c, 0x3c, 0x48, 0x2a,
    0x2a, 0x21, 0x21, 0x21, 0x1e, 0x59, 0x6f, 0x1c, 0x1f, 0x21, 0x21, 0x21,
    0x21, 0x21, 0x21, 0x21, 0x21, 0x21, 0x21, 0x21, 0x21, 0x21, 0x22, 0x23,
    0x26, 0x41, 0x22, 0x1c, 0x22, 0x3c, 0x32, 0x59, 0x37, 0x3b, 0x42, 0xa7,
    0xad, 0xad, 0xad, 0xac, 0x42, 0x42, 0x42, 0xa8, 0x42, 0x30, 0x30, 0x42,
    0x50, 0x43, 0x31, 0x31, 0x43, 0x34, 0x53, 0x6a, 0xc7, 0xb3, 0x6e, 0xb2,
    0xc0, 0x75, 0x91, 0x7e, 0x91, 0x76, 0x76, 0x76, 0x76, 0x76, 0x76, 0x91,
    0x99, 0x54, 0x27, 0x2c, 0x2c, 0x2d, 0x2b, 0x4c, 0x44, 0x44, 0x44, 0x2d,
    0x53, 0x43, 0x30, 0x30, 0x38, 0x43, 0x30, 0x3b, 0x3b, 0x3f, 0x48, 0x59,
    0x59, 0x59, 0x59, 0x3c, 0x38, 0x38, 0x3f, 0xc3, 0xca, 0x32, 0xc3, 0x57,
    0x09, 0x45, 0x5d, 0x5d, 0x5d, 0xa2, 0xcd, 0xcd, 0xcd, 0xcd, 0xcd, 0xcd,
    0xcd, 0xcd, 0x5a, 0x5a, 0x5a, 0x5a, 0xcd, 0xca, 0x48, 0x47, 0xca, 0x4d,
    0xcb, 0xc3, 0xce, 0x32, 0x47, 0x3f, 0x3f, 0x3f, 0x3f, 0x30, 0x37, 0x37,
    0x3b, 0x38, 0x1d, 0x03, 0x07, 0x00, 0x00, 0x00, 0x00, 0x00, 0x00, 0x00,
    0x00, 0x00, 0x00, 0x00, 0x00, 0x00, 0x00, 0x00, 0x00, 0x00, 0x00, 0x00,
    0x00, 0x00, 0x00, 0x00, 0x00, 0x00, 0x00, 0x00, 0x00, 0x00, 0x00, 0x00,
    0x00, 0x00, 0x00, 0x00, 0x00, 0x00, 0x00, 0x00, 0x00, 0x00, 0x00, 0x00,
    0x00, 0x00, 0x00, 0x00, 0x00, 0x00, 0x00, 0x00, 0x00, 0x00, 0x00, 0x00,
    0x00, 0x00, 0x00, 0x00, 0x00, 0x00, 0x00, 0x00, 0x00, 0x00, 0x00, 0x00,
    0x00, 0x00, 0x00, 0x00, 0x00, 0x00, 0x00, 0x00, 0x00, 0x00, 0x00, 0x00,
    0x00, 0x00, 0x00, 0x00, 0x00, 0x00, 0x00, 0x00, 0x00, 0x00, 0x00, 0x00,
    0x00, 0x00, 0x00, 0x00, 0x00, 0x00, 0x00, 0x00, 0x00, 0x00, 0x00, 0x00,
    0x00, 0x00, 0x00, 0x00, 0x00, 0x00, 0x00, 0x00, 0x00, 0x00, 0x00, 0x00,
    0x00, 0x00, 0x00, 0x00, 0x00, 0x00, 0x00, 0x00, 0x00, 0x00, 0x00, 0x00,
    0x00, 0x00, 0x00, 0x00, 0x00, 0x00, 0x00, 0x00, 0x00, 0x00, 0x00, 0x00,
    0x02, 0x04, 0x1d, 0x43, 0x37, 0x42, 0x42, 0x30, 0x38, 0x3f, 0x48, 0x43,
    0x3c, 0x59, 0x2a, 0x21, 0x21, 0x1c, 0x3c, 0x3c, 0x1b, 0x1e, 0x1e, 0x1e,
    0x21, 0x21, 0x21, 0x21, 0x1e, 0x21, 0x21, 0x21, 0x21, 0x21, 0x22, 0x22,
    0x24, 0x4a, 0x3d, 0x22, 0x1c, 0x59, 0x32, 0x59, 0x3b, 0x3b, 0xa8, 0xad,
    0xad, 0xad, 0xad, 0xa7, 0x42, 0x42, 0x42, 0xa8, 0xa8, 0x37, 0x30, 0x37,
    0xa8, 0x54, 0x43, 0x31, 0x43, 0x34, 0x53, 0x6a, 0x6e, 0x6a, 0xb3, 0x6a,
    0x95, 0x91, 0x76, 0x76, 0x76, 0x76, 0x76, 0x76, 0x76, 0x76, 0x91, 0x91,
    0xa5, 0xb9, 0x4f, 0x4a, 0x27, 0x3d, 0x35, 0x2b, 0x2c, 0x2c, 0x40, 0x54,
    0x54, 0x38, 0x3b, 0x38, 0x3c, 0x43, 0x30, 0x3b, 0x3b, 0x38, 0x48, 0x59,
    0x59, 0x59, 0x59, 0x59, 0x38, 0x38, 0x38, 0xce, 0xca, 0xc3, 0x09, 0x09,
    0x5c, 0x5d, 0x5d, 0x5e, 0x5e, 0xa2, 0xcd, 0xcd, 0xcd, 0xcd, 0xcd, 0xcd,
    0xcd, 0xcd, 0xcd, 0x5d, 0x5d, 0xcd, 0xa2, 0x47, 0x48, 0xcc, 0xc3, 0xc3,
    0xce, 0x47, 0x3f, 0x3f, 0x3f, 0x3f, 0x38, 0x3b, 0x37, 0x37, 0x30, 0x3f,
    0x05, 0x10, 0x0c, 0x00, 0x00, 0x00, 0x00, 0x00, 0x00, 0x00, 0x00, 0x00,
    0x00, 0x00, 0x00, 0x00, 0x00, 0x00, 0x00, 0x00, 0x00, 0x00, 0x00, 0x00,
    0x00, 0x00, 0x00, 0x00, 0x00, 0x00, 0x00, 0x00, 0x00, 0x00, 0x00, 0x00,
    0x00, 0x00, 0x00, 0x00, 0x00, 0x00, 0x00, 0x00, 0x00, 0x00, 0x00, 0x00,
    0x00, 0x00, 0x00, 0x00, 0x00, 0x00, 0x00, 0x00, 0x00, 0x00, 0x00, 0x00,
    0x00, 0x00, 0x00, 0x00, 0x00, 0x00, 0x00, 0x00, 0x00, 0x00, 0x00, 0x00,
    0x00, 0x00, 0x00, 0x00, 0x00, 0x00, 0x00, 0x00, 0x00, 0x00, 0x00, 0x00,
    0x00, 0x00, 0x00, 0x00, 0x00, 0x00, 0x00, 0x00, 0x00, 0x00, 0x00, 0x00,
    0x00, 0x00, 0x00, 0x00, 0x00, 0x00, 0x00, 0x00, 0x00, 0x00, 0x00, 0x00,
    0x00, 0x00, 0x00, 0x00, 0x00, 0x00, 0x00, 0x00, 0x00, 0x00, 0x00, 0x00,
    0x00, 0x00, 0x00, 0x00, 0x00, 0x00, 0x00, 0x00, 0x00, 0x00, 0x00, 0x00,
    0x00, 0x00, 0x00, 0x00, 0x00, 0x00, 0x00, 0x00, 0x00, 0x00, 0x00, 0x00,
    0x00, 0x00, 0x01, 0x08, 0x05, 0x48, 0x30, 0x37, 0x42, 0x37, 0x38, 0x3f,
    0x48, 0x3c, 0x3c, 0x48, 0x2a, 0x2a, 0x1c, 0x6f, 0x59, 0x1c, 0x21, 0x21,
    0x21, 0x1e, 0x1e, 0x1e, 0x1e, 0x21, 0x1e, 0x1e, 0x1e, 0x21, 0x1f, 0x22,
    0x33, 0x28, 0x28, 0x24, 0x59, 0x6f, 0x29, 0x48, 0x3b, 0x37, 0xa7, 0xad,
    0xad, 0xad, 0xac, 0xa8, 0x42, 0x42, 0x42, 0xa7, 0xac, 0x42, 0x3b, 0x3b,
    0xa8, 0xc7, 0x34, 0x31, 0x34, 0x34, 0x4b, 0x6a, 0x6a, 0x6c, 0x52, 0x96,
    0x91, 0x96, 0x76, 0x76, 0x76, 0x76, 0x76, 0x76, 0x76, 0x76, 0x91, 0x91,
    0x7e, 0xa5, 0xc0, 0x4f, 0x46, 0x4a, 0x27, 0x35, 0x40, 0x40, 0x44, 0x55,
    0x43, 0x30, 0x3b, 0x48, 0x6f, 0x43, 0x38, 0x3b, 0x3b, 0x30, 0x3f, 0x48,
    0x59, 0x59, 0x59, 0x59, 0x48, 0x38, 0x38, 0x3f, 0xca, 0x32, 0xc3, 0x4d,
    0xcd, 0xa2, 0x5e, 0x5e, 0x5e, 0xa2, 0xcd, 0xcc, 0xcd, 0xcd, 0xcd, 0xcd,
    0xcd, 0xa2, 0x5d, 0x5d, 0x5d, 0xa2, 0xc3, 0x38, 0xce, 0xc3, 0x32, 0x47,
    0x3f, 0x3f, 0x3f, 0x3f, 0x30, 0x37, 0x37, 0x3b, 0x38, 0x1d, 0x03, 0x02,
    0x00, 0x00, 0x00, 0x00, 0x00, 0x00, 0x00, 0x00, 0x00, 0x00, 0x00, 0x00,
    0x00, 0x00, 0x00, 0x00, 0x00, 0x00, 0x00, 0x00, 0x00, 0x00, 0x00, 0x00,
    0x00, 0x00, 0x00, 0x00, 0x00, 0x00, 0x00, 0x00, 0x00, 0x00, 0x00, 0x00,
    0x00, 0x00, 0x00, 0x00, 0x00, 0x00, 0x00, 0x00, 0x00, 0x00, 0x00, 0x00,
    0x00, 0x00, 0x00, 0x00, 0x00, 0x00, 0x00, 0x00, 0x00, 0x00, 0x00, 0x00,
    0x00, 0x00, 0x00, 0x00, 0x00, 0x00, 0x00, 0x00, 0x00, 0x00, 0x00, 0x00,
    0x00, 0x00, 0x00, 0x00, 0x00, 0x00, 0x00, 0x00, 0x00, 0x00, 0x00, 0x00,
    0x00, 0x00, 0x00, 0x00, 0x00, 0x00, 0x00, 0x00, 0x00, 0x00, 0x00, 0x00,
    0x00, 0x00, 0x00, 0x00, 0x00, 0x00, 0x00, 0x00, 0x00, 0x00, 0x00, 0x00,
    0x00, 0x00, 0x00, 0x00, 0x00, 0x00, 0x00, 0x00, 0x00, 0x00, 0x00, 0x00,
    0x00, 0x00, 0x00, 0x00, 0x00, 0x00, 0x00, 0x00, 0x00, 0x00, 0x00, 0x00,
    0x00, 0x00, 0x00, 0x00, 0x00, 0x00, 0x00, 0x00, 0x00, 0x00, 0x00, 0x00,
    0x00, 0x00, 0x00, 0x00, 0x00, 0x02, 0x04, 0x29, 0x3c, 0x4b, 0x42, 0x37,
    0x30, 0x38, 0x3f, 0x48, 0x3c, 0x3c, 0x59, 0x59, 0x6f, 0x1c, 0x1e, 0x1e,
    0x1e, 0x1e, 0x1e, 0x1e, 0x1e, 0x1e, 0x1e, 0x1e, 0x1e, 0x21, 0x1e, 0x22,
    0x23, 0x25, 0x4a, 0x24, 0x23, 0x6f, 0x29, 0x48, 0x3b, 0x42, 0xa7, 0xad,
    0xad, 0xac, 0xa7, 0x42, 0x42, 0x42, 0xa8, 0xa7, 0xad, 0xa7, 0x3b, 0x30,
    0x37, 0xa8, 0x4b, 0x43, 0x31, 0x34, 0x53, 0x50, 0xae, 0xbd, 0x96, 0x91,
    0x77, 0x9d, 0x9d, 0x9d, 0x9d, 0x96, 0x76, 0x76, 0x76, 0x91, 0x91, 0x7e,
    0x7e, 0x75, 0x75, 0x9e, 0xc0, 0x4f, 0xc6, 0x27, 0x35, 0x26, 0x54, 0x53,
    0x31, 0x3b, 0x38, 0x3c, 0x6f, 0x6f, 0x43, 0x30, 0x3b, 0x3b, 0x38, 0x48,
    0x48, 0x59, 0x59, 0x2a, 0x2a, 0x48, 0x38, 0x38, 0xce, 0x32, 0xc3, 0x4d,
    0xcd, 0x5e, 0x60, 0x60, 0x5e, 0xcd, 0xcc, 0xcc, 0xcc, 0xcd, 0xcd, 0xcd,
    0xa2, 0x5d, 0x5d, 0x5d, 0x5d, 0xca, 0x48, 0x3f, 0x47, 0x3f, 0x3f, 0x3f,
    0x3f, 0x38, 0x3b, 0x37, 0x37, 0x30, 0x47, 0x05, 0x08, 0x01, 0x00, 0x00,
    0x00, 0x00, 0x00, 0x00, 0x00, 0x00, 0x00, 0x00, 0x00, 0x00, 0x00, 0x00,
    0x00, 0x00, 0x00, 0x00, 0x00, 0x00, 0x00, 0x00, 0x00, 0x00, 0x00, 0x00,
    0x00, 0x00, 0x00, 0x00, 0x00, 0x00, 0x00, 0x00, 0x00, 0x00, 0x00, 0x00,
    0x00, 0x00, 0x00, 0x00, 0x00, 0x00, 0x00, 0x00, 0x00, 0x00, 0x00, 0x00,
    0x00, 0x00, 0x00, 0x00, 0x00, 0x00, 0x00, 0x00, 0x00, 0x00, 0x00, 0x00,
    0x00, 0x00, 0x00, 0x00, 0x00, 0x00, 0x00, 0x00, 0x00, 0x00, 0x00, 0x00,
    0x00, 0x00, 0x00, 0x00, 0x00, 0x00, 0x00, 0x00, 0x00, 0x00, 0x00, 0x00,
    0x00, 0x00, 0x00, 0x00, 0x00, 0x00, 0x00, 0x00, 0x00, 0x00, 0x00, 0x00,
    0x00, 0x00, 0x00, 0x00, 0x00, 0x00, 0x00, 0x00, 0x00, 0x00, 0x00, 0x00,
    0x00, 0x00, 0x00, 0x00, 0x00, 0x00, 0x00, 0x00, 0x00, 0x00, 0x00, 0x00,
    0x00, 0x00, 0x00, 0x00, 0x00, 0x00, 0x00, 0x00, 0x00, 0x00, 0x00, 0x00,
    0x00, 0x00, 0x00, 0x00, 0x00, 0x00, 0x00, 0x00, 0x00, 0x00, 0x00, 0x00,
    0x00, 0x00, 0x00, 0x00, 0x00, 0x00, 0x00, 0x2f, 0x03, 0x1d, 0x2a, 0x31,
    0x37, 0x42, 0x37, 0x30, 0x48, 0x48, 0x3c, 0x3c, 0x43, 0x6f, 0x1b, 0x1f,
    0x1e, 0x1e, 0x1e, 0x1e, 0x1e, 0x1e, 0x1e, 0x1e, 0x1e, 0x21, 0x21, 0x21,
    0x23, 0x24, 0x4a, 0x25, 0x59, 0x3c, 0x29, 0x38, 0x37, 0x42, 0xad, 0xad,
    0xad, 0xac, 0xa8, 0x37, 0x37, 0x42, 0xa8, 0xac, 0xad, 0xac, 0x42, 0x3b,
    0x3b, 0x42, 0xa7, 0x54, 0x6f, 0x34, 0x52, 0xae, 0xc0, 0x91, 0x96, 0x9d,
    0x9d, 0x97, 0x97, 0x97, 0x9d, 0x9d, 0x9d, 0x9d, 0x76, 0x91, 0x91, 0x7e,
    0x7e, 0x7e, 0x7e, 0x75, 0xa5, 0xc0, 0x53, 0x2d, 0x3d, 0x4f, 0x6e, 0x4b,
    0x30, 0x30, 0x48, 0x6f, 0x6f, 0x6f, 0x43, 0x30, 0x3b, 0x3b, 0x3b, 0x38,
    0x48, 0x59, 0x59, 0x2a, 0x2a, 0x2a, 0x3f, 0x38, 0x47, 0xce, 0xc3, 0xcb,
    0xcd, 0x5e, 0x61, 0x61, 0xa2, 0xcc, 0xcc, 0xcb, 0xcc, 0xcd, 0xcd, 0xcd,
    0xa2, 0xa2, 0xa2, 0x5d, 0xca, 0x47, 0x38, 0x3f, 0x3f, 0x3f, 0x38, 0x30,
    0x37, 0x37, 0x3b, 0x38, 0x1d, 0x04, 0x10, 0x00, 0x00, 0x00, 0x00, 0x00,
    0x00, 0x00, 0x00, 0x00, 0x00, 0x00, 0x00, 0x00, 0x00, 0x00, 0x00, 0x00,
    0x00, 0x00, 0x00, 0x00, 0x00, 0x00, 0x00, 0x00, 0x00, 0x00, 0x00, 0x00,
    0x00, 0x00, 0x00, 0x00, 0x00, 0x00, 0x00, 0x00, 0x00, 0x00, 0x00, 0x00,
    0x00, 0x00, 0x00, 0x00, 0x00, 0x00, 0x00, 0x00, 0x00, 0x00, 0x00, 0x00,
    0x00, 0x00, 0x00, 0x00, 0x00, 0x00, 0x00, 0x00, 0x00, 0x00, 0x00, 0x00,
    0x00, 0x00, 0x00, 0x00, 0x00, 0x00, 0x00, 0x00, 0x00, 0x00, 0x00, 0x00,
    0x00, 0x00, 0x00, 0x00, 0x00, 0x00, 0x00, 0x00, 0x00, 0x00, 0x00, 0x00,
    0x00, 0x00, 0x00, 0x00, 0x00, 0x00, 0x00, 0x00, 0x00, 0x00, 0x00, 0x00,
    0x00, 0x00, 0x00, 0x00, 0x00, 0x00, 0x00, 0x00, 0x00, 0x00, 0x00, 0x00,
    0x00, 0x00, 0x00, 0x00, 0x00, 0x00, 0x00, 0x00, 0x00, 0x00, 0x00, 0x00,
    0x00, 0x00, 0x00, 0x00, 0x00, 0x00, 0x00, 0x00, 0x00, 0x00, 0x00, 0x00,
    0x00, 0x00, 0x00, 0x00, 0x00, 0x00, 0x00, 0x00, 0x00, 0x00, 0x00, 0x00,
    0x00, 0x00, 0x00, 0x00, 0x00, 0x00, 0x00, 0x00, 0x00, 0x01, 0x08, 0x05,
    0x29, 0x3c, 0x30, 0x42, 0x42, 0x3b, 0x38, 0x48, 0x48, 0x31, 0x59, 0x1c,
    0x1e, 0x1e, 0x1e, 0x1e, 0x1e, 0x1e, 0x1e, 0x1c, 0x1c, 0x1e, 0x1e, 0x21,
    0x22, 0x24, 0x28, 0x25, 0x23, 0x3c, 0x3f, 0x30, 0x37, 0xa7, 0xad, 0xad,
    0xad, 0xa8, 0x37, 0x37, 0x42, 0xa8, 0xa7, 0xac, 0xad, 0xad, 0xa8, 0x37,
    0x3b, 0x3b, 0xa8, 0xac, 0x54, 0x34, 0x6a, 0x9e, 0x91, 0x9d, 0x97, 0x97,
    0x97, 0x97, 0x97, 0x97, 0x9d, 0x9d, 0x9d, 0x96, 0x76, 0x76, 0x91, 0x7e,
    0x75, 0x75, 0x75, 0x75, 0x75, 0xc2, 0x95, 0x53, 0x6e, 0xbe, 0x52, 0x30,
    0x3b, 0x38, 0x3c, 0x2c, 0x40, 0x6f, 0x6f, 0x38, 0x30, 0x3b, 0x3b, 0x3b,
    0x3f, 0x48, 0x2a, 0x2a, 0x2a, 0x29, 0x3f, 0x38, 0x3f, 0xce, 0xc3, 0xcb,
    0xa2, 0x60, 0x61, 0x61, 0xcc, 0xcb, 0xcb, 0xcb, 0xcc, 0xcc, 0xcd, 0xa2,
    0xa2, 0xa2, 0x5d, 0xa2, 0xce, 0x38, 0x3f, 0x3f, 0x30, 0x3b, 0x37, 0x37,
    0x30, 0x47, 0x06, 0x03, 0x12, 0x00, 0x00, 0x00, 0x00, 0x00, 0x00, 0x00,
    0x00, 0x00, 0x00, 0x00, 0x00, 0x00, 0x00, 0x00, 0x00, 0x00, 0x00, 0x00,
    0x00, 0x00, 0x00, 0x00, 0x00, 0x00, 0x00, 0x00, 0x00, 0x00, 0x00, 0x00,
    0x00, 0x00, 0x00, 0x00, 0x00, 0x00, 0x00, 0x00, 0x00, 0x00, 0x00, 0x00,
    0x00, 0x00, 0x00, 0x00, 0x00, 0x00, 0x00, 0x00, 0x00, 0x00, 0x00, 0x00,
    0x00, 0x00, 0x00, 0x00, 0x00, 0x00, 0x00, 0x00, 0x00, 0x00, 0x00, 0x00,
    0x00, 0x00, 0x00, 0x00, 0x00, 0x00, 0x00, 0x00, 0x00, 0x00, 0x00, 0x00,
    0x00, 0x00, 0x00, 0x00, 0x00, 0x00, 0x00, 0x00, 0x00, 0x00, 0x00, 0x00,
    0x00, 0x00, 0x00, 0x00, 0x00, 0x00, 0x00, 0x00, 0x00, 0x00, 0x00, 0x00,
    0x00, 0x00, 0x00, 0x00, 0x00, 0x00, 0x00, 0x00, 0x00, 0x00, 0x00, 0x00,
    0x00, 0x00, 0x00, 0x00, 0x00, 0x00, 0x00, 0x00, 0x00, 0x00, 0x00, 0x00,
    0x00, 0x00, 0x00, 0x00, 0x00, 0x00, 0x00, 0x00, 0x00, 0x00, 0x00, 0x00,
    0x00, 0x00, 0x00, 0x00, 0x00, 0x00, 0x00, 0x00, 0x00, 0x00, 0x00, 0x00,
    0x00, 0x00, 0x00, 0x00, 0x00, 0x00, 0x00, 0x00, 0x00, 0x00, 0x00, 0x00,
    0x02, 0x04, 0x1d, 0x2a, 0x43, 0x37, 0x42, 0x37, 0x30, 0x38, 0x38, 0x2a,
    0x1c, 0x1e, 0x1e, 0x1e, 0x1e, 0x1e, 0x1e, 0x1c, 0x1c, 0x1e, 0x1e, 0x21,
    0x22, 0x23, 0x25, 0x25, 0x23, 0x59, 0x48, 0x3b, 0x37, 0xa7, 0xad, 0xad,
    0xa7, 0x42, 0x37, 0x37, 0x42, 0xa8, 0xad, 0xad, 0xad, 0xba, 0xac, 0x42,
    0x37, 0x3b, 0x37, 0x42, 0xac, 0x53, 0x95, 0x76, 0x9d, 0x97, 0x97, 0x78,
    0x78, 0x78, 0x78, 0x78, 0x97, 0x9d, 0x9d, 0x9d, 0x9d, 0x76, 0x91, 0x7e,
    0x75, 0xc2, 0xc2, 0xc2, 0xc2, 0x75, 0xc2, 0xc2, 0x53, 0x52, 0x30, 0x3b,
    0x30, 0x43, 0x44, 0x40, 0x6f, 0x6f, 0x6f, 0x43, 0x38, 0x30, 0x3b, 0x3b,
    0x30, 0x3f, 0x48, 0x2a, 0x2a, 0x29, 0x29, 0x38, 0x38, 0xce, 0xc3, 0xcc,
    0x5e, 0x61, 0x63, 0xca, 0xcc, 0xc3, 0xc3, 0xcb, 0xcc, 0xcc, 0xcd, 0xa2,
    0xa2, 0xa2, 0xa2, 0xca, 0x38, 0x30, 0x3b, 0x37, 0x37, 0x3b, 0x48, 0x32,
    0x05, 0x08, 0x01, 0x00, 0x00, 0x00, 0x00, 0x00, 0x00, 0x00, 0x00, 0x00,
    0x00, 0x00, 0x00, 0x00, 0x00, 0x00, 0x00, 0x00, 0x00, 0x00, 0x00, 0x00,
    0x00, 0x00, 0x00, 0x00, 0x00, 0x00, 0x00, 0x00, 0x00, 0x00, 0x00, 0x00,
    0x00, 0x00, 0x00, 0x00, 0x00, 0x00, 0x00, 0x00, 0x00, 0x00, 0x00, 0x00,
    0x00, 0x00, 0x00, 0x00, 0x00, 0x00, 0x00, 0x00, 0x00, 0x00, 0x00, 0x00,
    0x00, 0x00, 0x00, 0x00, 0x00, 0x00, 0x00, 0x00, 0x00, 0x00, 0x00, 0x00,
    0x00, 0x00, 0x00, 0x00, 0x00, 0x00, 0x00, 0x00, 0x00, 0x00, 0x00, 0x00,
    0x00, 0x00, 0x00, 0x00, 0x00, 0x00, 0x00, 0x00, 0x00, 0x00, 0x00, 0x00,
    0x00, 0x00, 0x00, 0x00, 0x00, 0x00, 0x00, 0x00, 0x00, 0x00, 0x00, 0x00,
    0x00, 0x00, 0x00, 0x00, 0x00, 0x00, 0x00, 0x00, 0x00, 0x00, 0x00, 0x00,
    0x00, 0x00, 0x00, 0x00, 0x00, 0x00, 0x00, 0x00, 0x00, 0x00, 0x00, 0x00,
    0x00, 0x00, 0x00, 0x00, 0x00, 0x00, 0x00, 0x00, 0x00, 0x00, 0x00, 0x00,
    0x00, 0x00, 0x00, 0x00, 0x00, 0x00, 0x00, 0x00, 0x00, 0x00, 0x00, 0x00,
    0x00, 0x00, 0x00, 0x00, 0x00, 0x00, 0x00, 0x00, 0x00, 0x00, 0x00, 0x00,
    0x00, 0x00, 0x01, 0x08, 0x06, 0x29, 0x48, 0x31, 0x37, 0x42, 0x37, 0x30,
    0x29, 0x1e, 0x1e, 0x1c, 0x1c, 0x1c, 0x1c, 0x1c, 0x1c, 0x1c, 0x1c, 0x1c,
    0x21, 0x23, 0x25, 0x25, 0x23, 0x59, 0x38, 0x3b, 0x42, 0xa7, 0xad, 0xac,
    0xa8, 0x37, 0x37, 0x42, 0xa8, 0xa7, 0xac, 0xad, 0xad, 0xad, 0xad, 0xa7,
    0x42, 0x37, 0x30, 0x38, 0x52, 0x9e, 0x76, 0x9d, 0x97, 0x78, 0x78, 0x78,
    0x82, 0x78, 0x78, 0x97, 0x97, 0x9d, 0x9d, 0x96, 0x96, 0x76, 0x91, 0x91,
    0x75, 0xc2, 0xc2, 0xc2, 0xc2, 0xc2, 0xc2, 0x74, 0xa0, 0x54, 0x30, 0x30,
    0x30, 0x54, 0x2d, 0x2c, 0x40, 0x40, 0x6f, 0x6f, 0x43, 0x30, 0x3b, 0x3b,
    0x3b, 0x38, 0x3f, 0x59, 0x2a, 0x29, 0x29, 0x3f, 0x38, 0xce, 0xc3, 0xcc,
    0x61, 0x63, 0x63, 0xcc, 0xcb, 0xc3, 0xc3, 0xcb, 0xcc, 0xcc, 0xcc, 0xcd,
    0xa2, 0xcd, 0xca, 0x47, 0x37, 0x37, 0x3b, 0x38, 0x47, 0x1d, 0x04, 0x02,
    0x00, 0x00, 0x00, 0x00, 0x00, 0x00, 0x00, 0x00, 0x00, 0x00, 0x00, 0x00,
    0x00, 0x00, 0x00, 0x00, 0x00, 0x00, 0x00, 0x00, 0x00, 0x00, 0x00, 0x00,
    0x00, 0x00, 0x00, 0x00, 0x00, 0x00, 0x00, 0x00, 0x00, 0x00, 0x00, 0x00,
    0x00, 0x00, 0x00, 0x00, 0x00, 0x00, 0x00, 0x00, 0x00, 0x00, 0x00, 0x00,
    0x00, 0x00, 0x00, 0x00, 0x00, 0x00, 0x00, 0x00, 0x00, 0x00, 0x00, 0x00,
    0x00, 0x00, 0x00, 0x00, 0x00, 0x00, 0x00, 0x00, 0x00, 0x00, 0x00, 0x00,
    0x00, 0x00, 0x00, 0x00, 0x00, 0x00, 0x00, 0x00, 0x00, 0x00, 0x00, 0x00,
    0x00, 0x00, 0x00, 0x00, 0x00, 0x00, 0x00, 0x00, 0x00, 0x00, 0x00, 0x00,
    0x00, 0x00, 0x00, 0x00, 0x00, 0x00, 0x00, 0x00, 0x00, 0x00, 0x00, 0x00,
    0x00, 0x00, 0x00, 0x00, 0x00, 0x00, 0x00, 0x00, 0x00, 0x00, 0x00, 0x00,
    0x00, 0x00, 0x00, 0x00, 0x00, 0x00, 0x00, 0x00, 0x00, 0x00, 0x00, 0x00,
    0x00, 0x00, 0x00, 0x00, 0x00, 0x00, 0x00, 0x00, 0x00, 0x00, 0x00, 0x00,
    0x00, 0x00, 0x00, 0x00, 0x00, 0x00, 0x00, 0x00, 0x00, 0x00, 0x00, 0x00,
    0x00, 0x00, 0x00, 0x00, 0x00, 0x00, 0x00, 0x00, 0x00, 0x00, 0x00, 0x00,
    0x00, 0x00, 0x00, 0x00, 0x00, 0x10, 0x04, 0x11, 0x2a, 0x3c, 0x30, 0x37,
    0x6f, 0x17, 0x1e, 0x1c, 0x1c, 0x1c, 0x1c, 0x1c, 0x1c, 0x1c, 0x1c, 0x1c,
    0x1c, 0x22, 0x24, 0x25, 0x24, 0x59, 0x38, 0x3b, 0x42, 0xa7, 0xad, 0xa8,
    0x37, 0x37, 0x37, 0x42, 0xa7, 0xac, 0xad, 0xad, 0xad, 0xad, 0xac, 0xac,
    0xa8, 0x42, 0x4b, 0x55, 0x9e, 0x76, 0x97, 0x78, 0x78, 0x78, 0x78, 0x82,
    0x82, 0x82, 0x78, 0x97, 0x9d, 0x9d, 0x96, 0x76, 0x76, 0x76, 0x91, 0xa5,
    0xa5, 0x75, 0xc2, 0xa0, 0xa0, 0xc2, 0xc2, 0xc2, 0x74, 0xa0, 0x4b, 0x52,
    0x55, 0x54, 0x4f, 0x2d, 0x2c, 0x35, 0x6f, 0x6f, 0x43, 0x43, 0x30, 0x3b,
    0x3b, 0x3b, 0x38, 0x3f, 0x2a, 0x2a, 0x29, 0x47, 0x38, 0xce, 0xcb, 0xca,
    0x61, 0x64, 0xc9, 0xcc, 0xc3, 0xce, 0xc3, 0xcb, 0xcc, 0xcc, 0xcc, 0xa2,
    0xcd, 0xca, 0xce, 0x38, 0x38, 0x47, 0xce, 0x05, 0x08, 0x12, 0x00, 0x00,
    0x00, 0x00, 0x00, 0x00, 0x00, 0x00, 0x00, 0x00, 0x00, 0x00, 0x00, 0x00,
    0x00, 0x00, 0x00, 0x00, 0x00, 0x00, 0x00, 0x00, 0x00, 0x00, 0x00, 0x00,
    0x00, 0x00, 0x00, 0x00, 0x00, 0x00, 0x00, 0x00, 0x00, 0x00, 0x00, 0x00,
    0x00, 0x00, 0x00, 0x00, 0x00, 0x00, 0x00, 0x00, 0x00, 0x00, 0x00, 0x00,
    0x00, 0x00, 0x00, 0x00, 0x00, 0x00, 0x00, 0x00, 0x00, 0x00, 0x00, 0x00,
    0x00, 0x00, 0x00, 0x00, 0x00, 0x00, 0x00, 0x00, 0x00, 0x00, 0x00, 0x00,
    0x00, 0x00, 0x00, 0x00, 0x00, 0x00, 0x00, 0x00, 0x00, 0x00, 0x00, 0x00,
    0x00, 0x00, 0x00, 0x00, 0x00, 0x00, 0x00, 0x00, 0x00, 0x00, 0x00, 0x00,
    0x00, 0x00, 0x00, 0x00, 0x00, 0x00, 0x00, 0x00, 0x00, 0x00, 0x00, 0x00,
    0x00, 0x00, 0x00, 0x00, 0x00, 0x00, 0x00, 0x00, 0x00, 0x00, 0x00, 0x00,
    0x00, 0x00, 0x00, 0x00, 0x00, 0x00, 0x00, 0x00, 0x00, 0x00, 0x00, 0x00,
    0x00, 0x00, 0x00, 0x00, 0x00, 0x00, 0x00, 0x00, 0x00, 0x00, 0x00, 0x00,
    0x00, 0x00, 0x00, 0x00, 0x00, 0x00, 0x00, 0x00, 0x00, 0x00, 0x00, 0x00,
    0x00, 0x00, 0x00, 0x00, 0x00, 0x00, 0x00, 0x00, 0x00, 0x00, 0x00, 0x00,
    0x00, 0x00, 0x00, 0x00, 0x00, 0x00, 0x00, 0x12, 0x03, 0x06, 0x13, 0x29,
    0x48, 0x59, 0x1b, 0x1c, 0x1c, 0x1c, 0x1c, 0x1c, 0x1c, 0x1c, 0x1c, 0x1c,
    0x1c, 0x21, 0x24, 0x25, 0x24, 0x59, 0x38, 0x3b, 0x42, 0xac, 0xa7, 0x42,
    0x37, 0x37, 0x42, 0xa8, 0xac, 0xad, 0xba, 0xba, 0xad, 0xb7, 0xac, 0xac,
    0xb7, 0xb7, 0xb3, 0x9e, 0x76, 0x78, 0x78, 0x98, 0x82, 0x82, 0x9a, 0x98,
    0x82, 0x78, 0x97, 0x97, 0x9d, 0x96, 0x76, 0x76, 0x76, 0x76, 0x91, 0xa5,
    0x75, 0x75, 0xc2, 0x74, 0x74, 0x74, 0xa0, 0xc2, 0xa0, 0x74, 0x74, 0x4f,
    0x6a, 0x53, 0x54, 0x34, 0x2c, 0x35, 0x35, 0x6f, 0x6f, 0x43, 0x38, 0x30,
    0x3b, 0x3b, 0x3b, 0x38, 0x48, 0x2a, 0x29, 0x47, 0x3f, 0xce, 0xc3, 0xca,
    0x63, 0x64, 0xca, 0xc3, 0xce, 0xce, 0xce, 0xcb, 0xcc, 0xcc, 0xcc, 0xcc,
    0xca, 0xce, 0x3f, 0xce, 0xcc, 0x0d, 0x10, 0x00, 0x00, 0x00, 0x00, 0x00,
    0x00, 0x00, 0x00, 0x00, 0x00, 0x00, 0x00, 0x00, 0x00, 0x00, 0x00, 0x00,
    0x00, 0x00, 0x00, 0x00, 0x00, 0x00, 0x00, 0x00, 0x00, 0x00, 0x00, 0x00,
    0x00, 0x00, 0x00, 0x00, 0x00, 0x00, 0x00, 0x00, 0x00, 0x00, 0x00, 0x00,
    0x00, 0x00, 0x00, 0x00, 0x00, 0x00, 0x00, 0x00, 0x00, 0x00, 0x00, 0x00,
    0x00, 0x00, 0x00, 0x00, 0x00, 0x00, 0x00, 0x00, 0x00, 0x00, 0x00, 0x00,
    0x00, 0x00, 0x00, 0x00, 0x00, 0x00, 0x00, 0x00, 0x00, 0x00, 0x00, 0x00,
    0x00, 0x00, 0x00, 0x00, 0x00, 0x00, 0x00, 0x00, 0x00, 0x00, 0x00, 0x00,
    0x00, 0x00, 0x00, 0x00, 0x00, 0x00, 0x00, 0x00, 0x00, 0x00, 0x00, 0x00,
    0x00, 0x00, 0x00, 0x00, 0x00, 0x00, 0x00, 0x00, 0x00, 0x00, 0x00, 0x00,
    0x00, 0x00, 0x00, 0x00, 0x00, 0x00, 0x00, 0x00, 0x00, 0x00, 0x00, 0x00,
    0x00, 0x00, 0x00, 0x00, 0x00, 0x00, 0x00, 0x00, 0x00, 0x00, 0x00, 0x00,
    0x00, 0x00, 0x00, 0x00, 0x00, 0x00, 0x00, 0x00, 0x00, 0x00, 0x00, 0x00,
    0x00, 0x00, 0x00, 0x00, 0x00, 0x00, 0x00, 0x00, 0x00, 0x00, 0x00, 0x00,
    0x00, 0x00, 0x00, 0x00, 0x00, 0x00, 0x00, 0x00, 0x00, 0x00, 0x00, 0x00,
    0x00, 0x00, 0x00, 0x00, 0x00, 0x00, 0x00, 0x00, 0x00, 0x0c, 0x08, 0x05,
    0x15, 0x59, 0x59, 0x1c, 0x1c, 0x1c, 0x1c, 0x1c, 0x1c, 0x1c, 0x1c, 0x1c,
    0x1c, 0x21, 0x23, 0x24, 0x24, 0x59, 0x38, 0x30, 0xa8, 0xad, 0xa8, 0x37,
    0x37, 0x42, 0xa8, 0xac, 0xac, 0xad, 0xba, 0xad, 0xad, 0xb7, 0xac, 0xac,
    0xb7, 0xbd, 0x9d, 0x76, 0x78, 0x98, 0x9a, 0x9a, 0x9a, 0x9a, 0x9a, 0x82,
    0x78, 0x78, 0x97, 0x9d, 0x9d, 0x96, 0x76, 0x91, 0x91, 0xa5, 0xa5, 0x75,
    0x75, 0xc2, 0xa0, 0x74, 0x74, 0x74, 0x74, 0x74, 0x74, 0x74, 0x74, 0xbf,
    0x9e, 0x55, 0x54, 0x4f, 0x2d, 0x40, 0x35, 0x35, 0x3c, 0x3c, 0x43, 0x38,
    0x30, 0x3b, 0x3b, 0x3b, 0x48, 0x59, 0x29, 0x32, 0x47, 0xce, 0xce, 0xca,
    0xc9, 0x64, 0xcc, 0xce, 0xce, 0xce, 0xce, 0xcb, 0xcc, 0xcc, 0xcc, 0xcc,
    0xce, 0x3f, 0x1d, 0x03, 0x02, 0x00, 0x00, 0x00, 0x00, 0x00, 0x00, 0x00,
    0x00, 0x00, 0x00, 0x00, 0x00, 0x00, 0x00, 0x00, 0x00, 0x00, 0x00, 0x00,
    0x00, 0x00, 0x00, 0x00, 0x00, 0x00, 0x00, 0x00, 0x00, 0x00, 0x00, 0x00,
    0x00, 0x00, 0x00, 0x00, 0x00, 0x00, 0x00, 0x00, 0x00, 0x00, 0x00, 0x00,
    0x00, 0x00, 0x00, 0x00, 0x00, 0x00, 0x00, 0x00, 0x00, 0x00, 0x00, 0x00,
    0x00, 0x00, 0x00, 0x00, 0x00, 0x00, 0x00, 0x00, 0x00, 0x00, 0x00, 0x00,
    0x00, 0x00, 0x00, 0x00, 0x00, 0x00, 0x00, 0x00, 0x00, 0x00, 0x00, 0x00,
    0x00, 0x00, 0x00, 0x00, 0x00, 0x00, 0x00, 0x00, 0x00, 0x00, 0x00, 0x00,
    0x00, 0x00, 0x00, 0x00, 0x00, 0x00, 0x00, 0x00, 0x00, 0x00, 0x00, 0x00,
    0x00, 0x00, 0x00, 0x00, 0x00, 0x00, 0x00, 0x00, 0x00, 0x00, 0x00, 0x00,
    0x00, 0x00, 0x00, 0x00, 0x00, 0x00, 0x00, 0x00, 0x00, 0x00, 0x00, 0x00,
    0x00, 0x00, 0x00, 0x00, 0x00, 0x00, 0x00, 0x00, 0x00, 0x00, 0x00, 0x00,
    0x00, 0x00, 0x00, 0x00, 0x00, 0x00, 0x00, 0x00, 0x00, 0x00, 0x00, 0x00,
    0x00, 0x00, 0x00, 0x00, 0x00, 0x00, 0x00, 0x00, 0x00, 0x00, 0x00, 0x00,
    0x00, 0x00, 0x00, 0x00, 0x00, 0x00, 0x00, 0x00, 0x00, 0x00, 0x00, 0x00,
    0x00, 0x00, 0x00, 0x00, 0x00, 0x00, 0x00, 0x00, 0x00, 0x00, 0x00, 0x00,
    0x02, 0x04, 0x1d, 0x2a, 0x1c, 0x1c, 0x1c, 0x1c, 0x1c, 0x1c, 0x1c, 0x1c,
    0x1c, 0x1c, 0x22, 0x24, 0x24, 0x59, 0x3c, 0x31, 0xa8, 0xac, 0x42, 0x37,
    0x42, 0xa8, 0xa7, 0xac, 0xad, 0xad, 0xad, 0xad, 0xad, 0xac, 0xb7, 0xb7,
    0xbd, 0x96, 0x9d, 0x98, 0x9a, 0x9a, 0x9a, 0x99, 0x9a, 0x9a, 0x82, 0x82,
    0x78, 0x78, 0x97, 0x9d, 0x96, 0x76, 0x76, 0x91, 0xa5, 0xa5, 0x75, 0xc2,
    0xc2, 0x74, 0x74, 0x74, 0x74, 0xbf, 0xbf, 0xbf, 0xbf, 0x74, 0x74, 0xbf,
    0xb5, 0x95, 0x53, 0x54, 0x34, 0x2c, 0x35, 0x35, 0x35, 0x3c, 0x3c, 0x43,
    0x38, 0x30, 0x3b, 0x37, 0x30, 0x48, 0x2a, 0xc3, 0xcc, 0xcc, 0xce, 0xca,
    0x64, 0xc9, 0xcb, 0xce, 0x32, 0xce, 0xce, 0xcb, 0xcc, 0xcc, 0xcc, 0xc3,
    0x05, 0x08, 0x01, 0x00, 0x00, 0x00, 0x00, 0x00, 0x00, 0x00, 0x00, 0x00,
    0x00, 0x00, 0x00, 0x00, 0x00, 0x00, 0x00, 0x00, 0x00, 0x00, 0x00, 0x00,
    0x00, 0x00, 0x00, 0x00, 0x00, 0x00, 0x00, 0x00, 0x00, 0x00, 0x00, 0x00,
    0x00, 0x00, 0x00, 0x00, 0x00, 0x00, 0x00, 0x00, 0x00, 0x00, 0x00, 0x00,
    0x00, 0x00, 0x00, 0x00, 0x00, 0x00, 0x00, 0x00, 0x00, 0x00, 0x00, 0x00,
    0x00, 0x00, 0x00, 0x00, 0x00, 0x00, 0x00, 0x00, 0x00, 0x00, 0x00, 0x00,
    0x00, 0x00, 0x00, 0x00, 0x00, 0x00, 0x00, 0x00, 0x00, 0x00, 0x00, 0x00,
    0x00, 0x00, 0x00, 0x00, 0x00, 0x00, 0x00, 0x00, 0x00, 0x00, 0x00, 0x00,
    0x00, 0x00, 0x00, 0x00, 0x00, 0x00, 0x00, 0x00, 0x00, 0x00, 0x00, 0x00,
    0x00, 0x00, 0x00, 0x00, 0x00, 0x00, 0x00, 0x00, 0x00, 0x00, 0x00, 0x00,
    0x00, 0x00, 0x00, 0x00, 0x00, 0x00, 0x00, 0x00, 0x00, 0x00, 0x00, 0x00,
    0x00, 0x00, 0x00, 0x00, 0x00, 0x00, 0x00, 0x00, 0x00, 0x00, 0x00, 0x00,
    0x00, 0x00, 0x00, 0x00, 0x00, 0x00, 0x00, 0x00, 0x00, 0x00, 0x00, 0x00,
    0x00, 0x00, 0x00, 0x00, 0x00, 0x00, 0x00, 0x00, 0x00, 0x00, 0x00, 0x00,
    0x00, 0x00, 0x00, 0x00, 0x00, 0x00, 0x00, 0x00, 0x00, 0x00, 0x00, 0x00,
    0x00, 0x00, 0x00, 0x00, 0x00, 0x00, 0x00, 0x00, 0x00, 0x00, 0x00, 0x00,
    0x00, 0x00, 0x0c, 0x08, 0x1d, 0x1c, 0x1b, 0x1c, 0x1c, 0x1b, 0x1c, 0x1c,
    0x1c, 0x1c, 0x22, 0x24, 0x24, 0x59, 0x59, 0x6f, 0xa8, 0xa7, 0x37, 0x37,
    0x42, 0xa8, 0xac, 0xac, 0xad, 0xad, 0xad, 0xad, 0xb7, 0xb7, 0xb7, 0x52,
    0x96, 0x96, 0x98, 0x9a, 0x99, 0x99, 0x99, 0x99, 0x9a, 0x98, 0x82, 0x78,
    0x78, 0x97, 0x9d, 0x96, 0x76, 0x76, 0x91, 0x91, 0xa5, 0xa5, 0x75, 0xc2,
    0xa0, 0x74, 0xbf, 0xbf, 0xbf, 0xbf, 0xbf, 0xbf, 0xbf, 0xbf, 0xbf, 0xbf,
    0xb5, 0xaa, 0x95, 0x53, 0x4f, 0x2d, 0x2b, 0x35, 0x35, 0x3c, 0x3c, 0x43,
    0x43, 0x30, 0x3b, 0x3b, 0x3b, 0x38, 0x2a, 0xc3, 0x68, 0xca, 0xce, 0xc9,
    0x64, 0xc9, 0xce, 0x47, 0x47, 0xce, 0xce, 0xc3, 0xcb, 0xcb, 0xc3, 0x03,
    0x00, 0x00, 0x00, 0x00, 0x00, 0x00, 0x00, 0x00, 0x00, 0x00, 0x00, 0x00,
    0x00, 0x00, 0x00, 0x00, 0x00, 0x00, 0x00, 0x00, 0x00, 0x00, 0x00, 0x00,
    0x00, 0x00, 0x00, 0x00, 0x00, 0x00, 0x00, 0x00, 0x00, 0x00, 0x00, 0x00,
    0x00, 0x00, 0x00, 0x00, 0x00, 0x00, 0x00, 0x00, 0x00, 0x00, 0x00, 0x00,
    0x00, 0x00, 0x00, 0x00, 0x00, 0x00, 0x00, 0x00, 0x00, 0x00, 0x00, 0x00,
    0x00, 0x00, 0x00, 0x00, 0x00, 0x00, 0x00, 0x00, 0x00, 0x00, 0x00, 0x00,
    0x00, 0x00, 0x00, 0x00, 0x00, 0x00, 0x00, 0x00, 0x00, 0x00, 0x00, 0x00,
    0x00, 0x00, 0x00, 0x00, 0x00, 0x00, 0x00, 0x00, 0x00, 0x00, 0x00, 0x00,
    0x00, 0x00, 0x00, 0x00, 0x00, 0x00, 0x00, 0x00, 0x00, 0x00, 0x00, 0x00,
    0x00, 0x00, 0x00, 0x00, 0x00, 0x00, 0x00, 0x00, 0x00, 0x00, 0x00, 0x00,
    0x00, 0x00, 0x00, 0x00, 0x00, 0x00, 0x00, 0x00, 0x00, 0x00, 0x00, 0x00,
    0x00, 0x00, 0x00, 0x00, 0x00, 0x00, 0x00, 0x00, 0x00, 0x00, 0x00, 0x00,
    0x00, 0x00, 0x00, 0x00, 0x00, 0x00, 0x00, 0x00, 0x00, 0x00, 0x00, 0x00,
    0x00, 0x00, 0x00, 0x00, 0x00, 0x00, 0x00, 0x00, 0x00, 0x00, 0x00, 0x00,
    0x00, 0x00, 0x00, 0x00, 0x00, 0x00, 0x00, 0x00, 0x00, 0x00, 0x00, 0x00,
    0x00, 0x00, 0x00, 0x00, 0x00, 0x00, 0x00, 0x00, 0x00, 0x00, 0x00, 0x00,
    0x00, 0x00, 0x00, 0x00, 0x12, 0x05, 0x1c, 0x1b, 0x1b, 0x1b, 0x1c, 0x1c,
    0x1c, 0x1c, 0x21, 0x24, 0x24, 0x59, 0x2a, 0x2a, 0xa8, 0x42, 0x37, 0x42,
    0xa8, 0xa7, 0xac, 0xad, 0xad, 0xad, 0xad, 0xac, 0xb7, 0xb7, 0xbb, 0x9e,
    0x77, 0x98, 0x9a, 0x99, 0x99, 0x99, 0x99, 0x9a, 0x9a, 0x82, 0x78, 0x78,
    0x97, 0x9d, 0x9d, 0x9d, 0x96, 0x76, 0x91, 0xa5, 0xa5, 0x75, 0xc2, 0xc2,
    0xa0, 0x74, 0xbf, 0xb5, 0xb5, 0xb5, 0xb5, 0xbf, 0xb5, 0xb5, 0xb5, 0xb5,
    0xb5, 0xb5, 0xb8, 0x90, 0x54, 0x4f, 0x2c, 0x46, 0x41, 0x35, 0x3c, 0x3c,
    0x43, 0x38, 0x30, 0x3b, 0x3b, 0x3b, 0x47, 0xc3, 0x68, 0xca, 0xc3, 0xc9,
    0x64, 0xca, 0x32, 0x47, 0x47, 0xce, 0xce, 0xc3, 0xc3, 0xc3, 0x08, 0x00,
    0x00, 0x00, 0x00, 0x00, 0x00, 0x00, 0x00, 0x00, 0x00, 0x00, 0x00, 0x00,
    0x00, 0x00, 0x00, 0x00, 0x00, 0x00, 0x00, 0x00, 0x00, 0x00, 0x00, 0x00,
    0x00, 0x00, 0x00, 0x00, 0x00, 0x00, 0x00, 0x00, 0x00, 0x00, 0x00, 0x00,
    0x00, 0x00, 0x00, 0x00, 0x00, 0x00, 0x00, 0x00, 0x00, 0x00, 0x00, 0x00,
    0x00, 0x00, 0x00, 0x00, 0x00, 0x00, 0x00, 0x00, 0x00, 0x00, 0x00, 0x00,
    0x00, 0x00, 0x00, 0x00, 0x00, 0x00, 0x00, 0x00, 0x00, 0x00, 0x00, 0x00,
    0x00, 0x00, 0x00, 0x00, 0x00, 0x00, 0x00, 0x00, 0x00, 0x00, 0x00, 0x00,
    0x00, 0x00, 0x00, 0x00, 0x00, 0x00, 0x00, 0x00, 0x00, 0x00, 0x00, 0x00,
    0x00, 0x00, 0x00, 0x00, 0x00, 0x00, 0x00, 0x00, 0x00, 0x00, 0x00, 0x00,
    0x00, 0x00, 0x00, 0x00, 0x00, 0x00, 0x00, 0x00, 0x00, 0x00, 0x00, 0x00,
    0x00, 0x00, 0x00, 0x00, 0x00, 0x00, 0x00, 0x00, 0x00, 0x00, 0x00, 0x00,
    0x00, 0x00, 0x00, 0x00, 0x00, 0x00, 0x00, 0x00, 0x00, 0x00, 0x00, 0x00,
    0x00, 0x00, 0x00, 0x00, 0x00, 0x00, 0x00, 0x00, 0x00, 0x00, 0x00, 0x00,
    0x00, 0x00, 0x00, 0x00, 0x00, 0x00, 0x00, 0x00, 0x00, 0x00, 0x00, 0x00,
    0x00, 0x00, 0x00, 0x00, 0x00, 0x00, 0x00, 0x00, 0x00, 0x00, 0x00, 0x00,
    0x00, 0x00, 0x00, 0x00, 0x00, 0x00, 0x00, 0x00, 0x00, 0x00, 0x00, 0x00,
    0x00, 0x00, 0x00, 0x00, 0x00, 0x00, 0x04, 0x1b, 0x1c, 0x1b, 0x1b, 0x1b,
    0x1c, 0x1c, 0x1e, 0x23, 0x24, 0x24, 0x22, 0x1b, 0xa7, 0x37, 0x37, 0x42,
    0xa8, 0xac, 0xac, 0xad, 0xad, 0xad, 0xb7, 0xac, 0xb7, 0xbc, 0x9e, 0x76,
    0x9a, 0x9a, 0x99, 0x99, 0x99, 0x99, 0x99, 0x9a, 0x98, 0x82, 0x78, 0x78,
    0x82, 0x82, 0x82, 0x97, 0x9d, 0x96, 0x76, 0xa5, 0xa5, 0x75, 0x75, 0xc2,
    0xa0, 0x74, 0xbf, 0xb5, 0xb5, 0xb5, 0xb5, 0xb5, 0xb5, 0xb5, 0xb5, 0xb5,
    0xb5, 0xaa, 0xaa, 0xc4, 0x94, 0x4f, 0x2d, 0xc6, 0x3d, 0x41, 0x3c, 0x3c,
    0x43, 0x43, 0x38, 0x30, 0x3b, 0x3b, 0x48, 0xcb, 0x68, 0xca, 0xcc, 0xc9,
    0x64, 0xcb, 0x47, 0x47, 0x47, 0x32, 0xce, 0xce, 0x05, 0x02, 0x00, 0x00,
    0x00, 0x00, 0x00, 0x00, 0x00, 0x00, 0x00, 0x00, 0x00, 0x00, 0x00, 0x00,
    0x00, 0x00, 0x00, 0x00, 0x00, 0x00, 0x00, 0x00, 0x00, 0x00, 0x00, 0x00,
    0x00, 0x00, 0x00, 0x00, 0x00, 0x00, 0x00, 0x00, 0x00, 0x00, 0x00, 0x00,
    0x00, 0x00, 0x00, 0x00, 0x00, 0x00, 0x00, 0x00, 0x00, 0x00, 0x00, 0x00,
    0x00, 0x00, 0x00, 0x00, 0x00, 0x00, 0x00, 0x00, 0x00, 0x00, 0x00, 0x00,
    0x00, 0x00, 0x00, 0x00, 0x00, 0x00, 0x00, 0x00, 0x00, 0x00, 0x00, 0x00,
    0x00, 0x00, 0x00, 0x00, 0x00, 0x00, 0x00, 0x00, 0x00, 0x00, 0x00, 0x00,
    0x00, 0x00, 0x00, 0x00, 0x00, 0x00, 0x00, 0x00, 0x00, 0x00, 0x00, 0x00,
    0x00, 0x00, 0x00, 0x00, 0x00, 0x00, 0x00, 0x00, 0x00, 0x00, 0x00, 0x00,
    0x00, 0x00, 0x00, 0x00, 0x00, 0x00, 0x00, 0x00, 0x00, 0x00, 0x00, 0x00,
    0x00, 0x00, 0x00, 0x00, 0x00, 0x00, 0x00, 0x00, 0x00, 0x00, 0x00, 0x00,
    0x00, 0x00, 0x00, 0x00, 0x00, 0x00, 0x00, 0x00, 0x00, 0x00, 0x00, 0x00,
    0x00, 0x00, 0x00, 0x00, 0x00, 0x00, 0x00, 0x00, 0x00, 0x00, 0x00, 0x00,
    0x00, 0x00, 0x00, 0x00, 0x00, 0x00, 0x00, 0x00, 0x00, 0x00, 0x00, 0x00,
    0x00, 0x00, 0x00, 0x00, 0x00, 0x00, 0x00, 0x00, 0x00, 0x00, 0x00, 0x00,
    0x00, 0x00, 0x00, 0x00, 0x00, 0x00, 0x00, 0x00, 0x00, 0x00, 0x00, 0x00,
    0x00, 0x00, 0x00, 0x00, 0x00, 0x00, 0x00, 0x10, 0x1d, 0x1c, 0x1b, 0x1b,
    0x1c, 0x1c, 0x1c, 0x22, 0x24, 0x24, 0x23, 0x16, 0xa6, 0x37, 0x37, 0x42,
    0xa7, 0xac, 0xad, 0xad, 0xad, 0xac, 0xac, 0xad, 0xae, 0x99, 0x76, 0x9a,
    0x99, 0x99, 0x99, 0x99, 0x99, 0x99, 0x9a, 0x82, 0x82, 0x82, 0x98, 0x9a,
    0x82, 0x78, 0x97, 0x96, 0x76, 0xa5, 0x75, 0xc2, 0xc2, 0xa0, 0x74, 0x74,
    0x74, 0x74, 0xbf, 0xb5, 0xb5, 0xaa, 0xaa, 0xb5, 0xb5, 0xb5, 0xaa, 0xaa,
    0xaa, 0xaa, 0xb8, 0xb8, 0xc4, 0x8f, 0x2d, 0x2c, 0x3d, 0x4a, 0x35, 0x3c,
    0x43, 0x43, 0x38, 0x30, 0x3b, 0x3b, 0x30, 0xcb, 0x68, 0xca, 0xca, 0x64,
    0xc9, 0xce, 0x3f, 0x3f, 0x47, 0x47, 0x32, 0x04, 0x0c, 0x00, 0x00, 0x00,
    0x00, 0x00, 0x00, 0x00, 0x00, 0x00, 0x00, 0x00, 0x00, 0x00, 0x00, 0x00,
    0x00, 0x00, 0x00, 0x00, 0x00, 0x00, 0x00, 0x00, 0x00, 0x00, 0x00, 0x00,
    0x00, 0x00, 0x00, 0x00, 0x00, 0x00, 0x00, 0x00, 0x00, 0x00, 0x00, 0x00,
    0x00, 0x00, 0x00, 0x00, 0x00, 0x00, 0x00, 0x00, 0x00, 0x00, 0x00, 0x00,
    0x00, 0x00, 0x00, 0x00, 0x00, 0x00, 0x00, 0x00, 0x00, 0x00, 0x00, 0x00,
    0x00, 0x00, 0x00, 0x00, 0x00, 0x00, 0x00, 0x00, 0x00, 0x00, 0x00, 0x00,
    0x00, 0x00, 0x00, 0x00, 0x00, 0x00, 0x00, 0x00, 0x00, 0x00, 0x00, 0x00,
    0x00, 0x00, 0x00, 0x00, 0x00, 0x00, 0x00, 0x00, 0x00, 0x00, 0x00, 0x00,
    0x00, 0x00, 0x00, 0x00, 0x00, 0x00, 0x00, 0x00, 0x00, 0x00, 0x00, 0x00,
    0x00, 0x00, 0x00, 0x00, 0x00, 0x00, 0x00, 0x00, 0x00, 0x00, 0x00, 0x00,
    0x00, 0x00, 0x00, 0x00, 0x00, 0x00, 0x00, 0x00, 0x00, 0x00, 0x00, 0x00,
    0x00, 0x00, 0x00, 0x00, 0x00, 0x00, 0x00, 0x00, 0x00, 0x00, 0x00, 0x00,
    0x00, 0x00, 0x00, 0x00, 0x00, 0x00, 0x00, 0x00, 0x00, 0x00, 0x00, 0x00,
    0x00, 0x00, 0x00, 0x00, 0x00, 0x00, 0x00, 0x00, 0x00, 0x00, 0x00, 0x00,
    0x00, 0x00, 0x00, 0x00, 0x00, 0x00, 0x00, 0x00, 0x00, 0x00, 0x00, 0x00,
    0x00, 0x00, 0x00, 0x00, 0x00, 0x00, 0x00, 0x00, 0x00, 0x00, 0x00, 0x00,
    0x00, 0x00, 0x00, 0x00, 0x00, 0x00, 0x00, 0x00, 0x12, 0x05, 0x1c, 0x1b,
    0x1b, 0x1c, 0x1c, 0x1e, 0x33, 0x24, 0x59, 0x11, 0x55, 0x37, 0x42, 0xa8,
    0xac, 0xac, 0xad, 0xad, 0xad, 0xb7, 0xb7, 0xb7, 0xc0, 0x91, 0x98, 0x7c,
    0x99, 0x99, 0x99, 0x99, 0x9a, 0x82, 0x82, 0x82, 0x9a, 0x99, 0x98, 0x78,
    0x78, 0x97, 0x9d, 0x76, 0x91, 0x75, 0xc2, 0xc2, 0x74, 0x74, 0xbf, 0xbf,
    0xbf, 0xb5, 0xb5, 0xb5, 0xb5, 0xaa, 0xb8, 0xaa, 0xaa, 0xaa, 0xaa, 0xaa,
    0xaa, 0xb8, 0xb8, 0xb8, 0xc4, 0xa4, 0x8f, 0x2b, 0xc6, 0x4a, 0x26, 0x3c,
    0x3c, 0x43, 0x43, 0x30, 0x30, 0x3b, 0x3b, 0xce, 0x68, 0xcc, 0xca, 0x64,
    0xca, 0x47, 0x3f, 0x3f, 0x47, 0x32, 0x08, 0x00, 0x00, 0x00, 0x00, 0x00,
    0x00, 0x00, 0x00, 0x00, 0x00, 0x00, 0x00, 0x00, 0x00, 0x00, 0x00, 0x00,
    0x00, 0x00, 0x00, 0x00, 0x00, 0x00, 0x00, 0x00, 0x00, 0x00, 0x00, 0x00,
    0x00, 0x00, 0x00, 0x00, 0x00, 0x00, 0x00, 0x00, 0x00, 0x00, 0x00, 0x00,
    0x00, 0x00, 0x00, 0x00, 0x00, 0x00, 0x00, 0x00, 0x00, 0x00, 0x00, 0x00,
    0x00, 0x00, 0x00, 0x00, 0x00, 0x00, 0x00, 0x00, 0x00, 0x00, 0x00, 0x00,
    0x00, 0x00, 0x00, 0x00, 0x00, 0x00, 0x00, 0x00, 0x00, 0x00, 0x00, 0x00,
    0x00, 0x00, 0x00, 0x00, 0x00, 0x00, 0x00, 0x00, 0x00, 0x00, 0x00, 0x00,
    0x00, 0x00, 0x00, 0x00, 0x00, 0x00, 0x00, 0x00, 0x00, 0x00, 0x00, 0x00,
    0x00, 0x00, 0x00, 0x00, 0x00, 0x00, 0x00, 0x00, 0x00, 0x00, 0x00, 0x00,
    0x00, 0x00, 0x00, 0x00, 0x00, 0x00, 0x00, 0x00, 0x00, 0x00, 0x00, 0x00,
    0x00, 0x00, 0x00, 0x00, 0x00, 0x00, 0x00, 0x00, 0x00, 0x00, 0x00, 0x00,
    0x00, 0x00, 0x00, 0x00, 0x00, 0x00, 0x00, 0x00, 0x00, 0x00, 0x00, 0x00,
    0x00, 0x00, 0x00, 0x00, 0x00, 0x00, 0x00, 0x00, 0x00, 0x00, 0x00, 0x00,
    0x00, 0x00, 0x00, 0x00, 0x00, 0x00, 0x00, 0x00, 0x00, 0x00, 0x00, 0x00,
    0x00, 0x00, 0x00, 0x00, 0x00, 0x00, 0x00, 0x00, 0x00, 0x00, 0x00, 0x00,
    0x00, 0x00, 0x00, 0x00, 0x00, 0x00, 0x00, 0x00, 0x00, 0x00, 0x00, 0x00,
    0x00, 0x00, 0x00, 0x00, 0x00, 0x00, 0x00, 0x00, 0x00, 0x00, 0x03, 0x17,
    0x1c, 0x1b, 0x1c, 0x1c, 0x23, 0x23, 0x59, 0x15, 0x34, 0x37, 0x42, 0xa8,
    0xad, 0xad, 0xba, 0xad, 0xac, 0xac, 0xb7, 0xb9, 0x91, 0x98, 0x99, 0x99,
    0x99, 0x99, 0x99, 0x9a, 0x82, 0x9a, 0x9a, 0x9a, 0x9a, 0x78, 0x78, 0x78,
    0x97, 0x9d, 0x9d, 0x76, 0x91, 0x75, 0xc2, 0x74, 0xbf, 0xbf, 0xbf, 0xbf,
    0xbf, 0xb5, 0xb5, 0xaa, 0xb8, 0xb8, 0xb8, 0xb8, 0xb8, 0xb8, 0xb8, 0xb8,
    0xb8, 0xb8, 0xb8, 0xc4, 0xc4, 0xc4, 0xa3, 0x8e, 0xc6, 0x4a, 0x24, 0x41,
    0x3c, 0x43, 0x43, 0x31, 0x30, 0x3b, 0x3b, 0x32, 0x66, 0xcb, 0xc9, 0x66,
    0xcb, 0x3f, 0x3f, 0x3f, 0x05, 0x07, 0x00, 0x00, 0x00, 0x00, 0x00, 0x00,
    0x00, 0x00, 0x00, 0x00, 0x00, 0x00, 0x00, 0x00, 0x00, 0x00, 0x00, 0x00,
    0x00, 0x00, 0x00, 0x00, 0x00, 0x00, 0x00, 0x00, 0x00, 0x00, 0x00, 0x00,
    0x00, 0x00, 0x00, 0x00, 0x00, 0x00, 0x00, 0x00, 0x00, 0x00, 0x00, 0x00,
    0x00, 0x00, 0x00, 0x00, 0x00, 0x00, 0x00, 0x00, 0x00, 0x00, 0x00, 0x00,
    0x00, 0x00, 0x00, 0x00, 0x00, 0x00, 0x00, 0x00, 0x00, 0x00, 0x00, 0x00,
    0x00, 0x00, 0x00, 0x00, 0x00, 0x00, 0x00, 0x00, 0x00, 0x00, 0x00, 0x00,
    0x00, 0x00, 0x00, 0x00, 0x00, 0x00, 0x00, 0x00, 0x00, 0x00, 0x00, 0x00,
    0x00, 0x00, 0x00, 0x00, 0x00, 0x00, 0x00, 0x00, 0x00, 0x00, 0x00, 0x00,
    0x00, 0x00, 0x00, 0x00, 0x00, 0x00, 0x00, 0x00, 0x00, 0x00, 0x00, 0x00,
    0x00, 0x00, 0x00, 0x00, 0x00, 0x00, 0x00, 0x00, 0x00, 0x00, 0x00, 0x00,
    0x00, 0x00, 0x00, 0x00, 0x00, 0x00, 0x00, 0x00, 0x00, 0x00, 0x00, 0x00,
    0x00, 0x00, 0x00, 0x00, 0x00, 0x00, 0x00, 0x00, 0x00, 0x00, 0x00, 0x00,
    0x00, 0x00, 0x00, 0x00, 0x00, 0x00, 0x00, 0x00, 0x00, 0x00, 0x00, 0x00,
    0x00, 0x00, 0x00, 0x00, 0x00, 0x00, 0x00, 0x00, 0x00, 0x00, 0x00, 0x00,
    0x00, 0x00, 0x00, 0x00, 0x00, 0x00, 0x00, 0x00, 0x00, 0x00, 0x00, 0x00,
    0x00, 0x00, 0x00, 0x00, 0x00, 0x00, 0x00, 0x00, 0x00, 0x00, 0x00, 0x00,
    0x00, 0x00, 0x00, 0x00, 0x00, 0x00, 0x00, 0x00, 0x00, 0x00, 0x00, 0x10,
    0x06, 0x1c, 0x1b, 0x1b, 0x1e, 0x23, 0x59, 0x29, 0x3c, 0x42, 0x42, 0xa7,
    0xad, 0xad, 0xad, 0xac, 0xac, 0xb7, 0xbd, 0x76, 0x78, 0x7c, 0x99, 0x99,
    0x99, 0x99, 0x99, 0x99, 0x99, 0x99, 0x99, 0x82, 0x78, 0x78, 0x78, 0x78,
    0x97, 0x9d, 0x9d, 0x76, 0x91, 0x75, 0xa0, 0xbf, 0xb5, 0xb5, 0xb5, 0xb5,
    0xb5, 0xb5, 0xb5, 0xaa, 0xb8, 0xb8, 0xb8, 0xb8, 0xb8, 0xb8, 0xb8, 0xb8,
    0xc4, 0xc4, 0xc4, 0xc4, 0xc4, 0xc4, 0xa4, 0xaf, 0x8e, 0x4a, 0x23, 0x23,
    0x3c, 0x43, 0x43, 0x31, 0x30, 0x3b, 0x3b, 0x47, 0xc9, 0xcc, 0xc9, 0xc9,
    0xce, 0x3f, 0x3f, 0x05, 0x0c, 0x00, 0x00, 0x00, 0x00, 0x00, 0x00, 0x00,
    0x00, 0x00, 0x00, 0x00, 0x00, 0x00, 0x00, 0x00, 0x00, 0x00, 0x00, 0x00,
    0x00, 0x00, 0x00, 0x00, 0x00, 0x00, 0x00, 0x00, 0x00, 0x00, 0x00, 0x00,
    0x00, 0x00, 0x00, 0x00, 0x00, 0x00, 0x00, 0x00, 0x00, 0x00, 0x00, 0x00,
    0x00, 0x00, 0x00, 0x00, 0x00, 0x00, 0x00, 0x00, 0x00, 0x00, 0x00, 0x00,
    0x00, 0x00, 0x00, 0x00, 0x00, 0x00, 0x00, 0x00, 0x00, 0x00, 0x00, 0x00,
    0x00, 0x00, 0x00, 0x00, 0x00, 0x00, 0x00, 0x00, 0x00, 0x00, 0x00, 0x00,
    0x00, 0x00, 0x00, 0x00, 0x00, 0x00, 0x00, 0x00, 0x00, 0x00, 0x00, 0x00,
    0x00, 0x00, 0x00, 0x00, 0x00, 0x00, 0x00, 0x00, 0x00, 0x00, 0x00, 0x00,
    0x00, 0x00, 0x00, 0x00, 0x00, 0x00, 0x00, 0x00, 0x00, 0x00, 0x00, 0x00,
    0x00, 0x00, 0x00, 0x00, 0x00, 0x00, 0x00, 0x00, 0x00, 0x00, 0x00, 0x00,
    0x00, 0x00, 0x00, 0x00, 0x00, 0x00, 0x00, 0x00, 0x00, 0x00, 0x00, 0x00,
    0x00, 0x00, 0x00, 0x00, 0x00, 0x00, 0x00, 0x00, 0x00, 0x00, 0x00, 0x00,
    0x00, 0x00, 0x00, 0x00, 0x00, 0x00, 0x00, 0x00, 0x00, 0x00, 0x00, 0x00,
    0x00, 0x00, 0x00, 0x00, 0x00, 0x00, 0x00, 0x00, 0x00, 0x00, 0x00, 0x00,
    0x00, 0x00, 0x00, 0x00, 0x00, 0x00, 0x00, 0x00, 0x00, 0x00, 0x00, 0x00,
    0x00, 0x00, 0x00, 0x00, 0x00, 0x00, 0x00, 0x00, 0x00, 0x00, 0x00, 0x00,
    0x00, 0x00, 0x00, 0x00, 0x00, 0x00, 0x00, 0x00, 0x00, 0x00, 0x00, 0x00,
    0x12, 0x05, 0x1b, 0x1b, 0x1c, 0x22, 0x59, 0x2a, 0x38, 0x42, 0x42, 0xac,
    0xad, 0xad, 0xad, 0xac, 0xb7, 0xbc, 0x96, 0x9d, 0x7c, 0x7c, 0x99, 0x99,
    0x99, 0x99, 0x99, 0x99, 0x99, 0x9a, 0x78, 0x97, 0x78, 0x82, 0x82, 0x78,
    0x97, 0x9d, 0x96, 0x76, 0x91, 0xa5, 0x75, 0x74, 0xb5, 0xb5, 0xaa, 0xaa,
    0xb5, 0xaa, 0xb8, 0xb8, 0xb8, 0xb8, 0xb8, 0xb8, 0xb8, 0xc4, 0xc4, 0xc4,
    0xc4, 0xc4, 0xc4, 0xc4, 0xc4, 0xa4, 0xa4, 0xa4, 0xaf, 0x8e, 0x33, 0x1e,
    0x59, 0x43, 0x43, 0x31, 0x30, 0x30, 0x3b, 0x38, 0xca, 0xca, 0xc9, 0xc9,
    0x47, 0x48, 0x04, 0x00, 0x00, 0x00, 0x00, 0x00, 0x00, 0x00, 0x00, 0x00,
    0x00, 0x00, 0x00, 0x00, 0x00, 0x00, 0x00, 0x00, 0x00, 0x00, 0x00, 0x00,
    0x00, 0x00, 0x00, 0x00, 0x00, 0x00, 0x00, 0x00, 0x00, 0x00, 0x00, 0x00,
    0x00, 0x00, 0x00, 0x00, 0x00, 0x00, 0x00, 0x00, 0x00, 0x00, 0x00, 0x00,
    0x00, 0x00, 0x00, 0x00, 0x00, 0x00, 0x00, 0x00, 0x00, 0x00, 0x00, 0x00,
    0x00, 0x00, 0x00, 0x00, 0x00, 0x00, 0x00, 0x00, 0x00, 0x00, 0x00, 0x00,
    0x00, 0x00, 0x00, 0x00, 0x00, 0x00, 0x00, 0x00, 0x00, 0x00, 0x00, 0x00,
    0x00, 0x00, 0x00, 0x00, 0x00, 0x00, 0x00, 0x00, 0x00, 0x00, 0x00, 0x00,
    0x00, 0x00, 0x00, 0x00, 0x00, 0x00, 0x00, 0x00, 0x00, 0x00, 0x00, 0x00,
    0x00, 0x00, 0x00, 0x00, 0x00, 0x00, 0x00, 0x00, 0x00, 0x00, 0x00, 0x00,
    0x00, 0x00, 0x00, 0x00, 0x00, 0x00, 0x00, 0x00, 0x00, 0x00, 0x00, 0x00,
    0x00, 0x00, 0x00, 0x00, 0x00, 0x00, 0x00, 0x00, 0x00, 0x00, 0x00, 0x00,
    0x00, 0x00, 0x00, 0x00, 0x00, 0x00, 0x00, 0x00, 0x00, 0x00, 0x00, 0x00,
    0x00, 0x00, 0x00, 0x00, 0x00, 0x00, 0x00, 0x00, 0x00, 0x00, 0x00, 0x00,
    0x00, 0x00, 0x00, 0x00, 0x00, 0x00, 0x00, 0x00, 0x00, 0x00, 0x00, 0x00,
    0x00, 0x00, 0x00, 0x00, 0x00, 0x00, 0x00, 0x00, 0x00, 0x00, 0x00, 0x00,
    0x00, 0x00, 0x00, 0x00, 0x00, 0x00, 0x00, 0x00, 0x00, 0x00, 0x00, 0x00,
    0x00, 0x00, 0x00, 0x00, 0x00, 0x00, 0x00, 0x00, 0x00, 0x00, 0x00, 0x00,
    0x00, 0x0c, 0x04, 0x17, 0x1b, 0x1e, 0x59, 0x2a, 0x31, 0x42, 0x42, 0xad,
    0xb1, 0xad, 0xac, 0xb7, 0xb7, 0x9e, 0x76, 0x7c, 0x9a, 0x7c, 0x99, 0x99,
    0x99, 0x99, 0x99, 0x99, 0x98, 0x78, 0x97, 0x82, 0x78, 0x78, 0x97, 0x97,
    0x97, 0x9d, 0x96, 0x96, 0x76, 0xa5, 0x75, 0xa0, 0xbf, 0xaa, 0xb8, 0xb8,
    0xb8, 0xb8, 0xb8, 0xb8, 0xb8, 0xb8, 0xc5, 0xc4, 0xc4, 0xc4, 0xc4, 0xc4,
    0xc4, 0xc4, 0xc4, 0xa4, 0xa4, 0xa4, 0xa4, 0xa4, 0xa3, 0xaf, 0x8e, 0x1a,
    0x1a, 0x3c, 0x43, 0x31, 0x30, 0x30, 0x3b, 0x38, 0xca, 0xca, 0x66, 0xcb,
    0x48, 0x03, 0x00, 0x00, 0x00, 0x00, 0x00, 0x00, 0x00, 0x00, 0x00, 0x00,
    0x00, 0x00, 0x00, 0x00, 0x00, 0x00, 0x00, 0x00, 0x00, 0x00, 0x00, 0x00,
    0x00, 0x00, 0x00, 0x00, 0x00, 0x00, 0x00, 0x00, 0x00, 0x00, 0x00, 0x00,
    0x00, 0x00, 0x00, 0x00, 0x00, 0x00, 0x00, 0x00, 0x00, 0x00, 0x00, 0x00,
    0x00, 0x00, 0x00, 0x00, 0x00, 0x00, 0x00, 0x00, 0x00, 0x00, 0x00, 0x00,
    0x00, 0x00, 0x00, 0x00, 0x00, 0x00, 0x00, 0x00, 0x00, 0x00, 0x00, 0x00,
    0x00, 0x00, 0x00, 0x00, 0x00, 0x00, 0x00, 0x00, 0x00, 0x00, 0x00, 0x00,
    0x00, 0x00, 0x00, 0x00, 0x00, 0x00, 0x00, 0x00, 0x00, 0x00, 0x00, 0x00,
    0x00, 0x00, 0x00, 0x00, 0x00, 0x00, 0x00, 0x00, 0x00, 0x00, 0x00, 0x00,
    0x00, 0x00, 0x00, 0x00, 0x00, 0x00, 0x00, 0x00, 0x00, 0x00, 0x00, 0x00,
    0x00, 0x00, 0x00, 0x00, 0x00, 0x00, 0x00, 0x00, 0x00, 0x00, 0x00, 0x00,
    0x00, 0x00, 0x00, 0x00, 0x00, 0x00, 0x00, 0x00, 0x00, 0x00, 0x00, 0x00,
    0x00, 0x00, 0x00, 0x00, 0x00, 0x00, 0x00, 0x00, 0x00, 0x00, 0x00, 0x00,
    0x00, 0x00, 0x00, 0x00, 0x00, 0x00, 0x00, 0x00, 0x00, 0x00, 0x00, 0x00,
    0x00, 0x00, 0x00, 0x00, 0x00, 0x00, 0x00, 0x00, 0x00, 0x00, 0x00, 0x00,
    0x00, 0x00, 0x00, 0x00, 0x00, 0x00, 0x00, 0x00, 0x00, 0x00, 0x00, 0x00,
    0x00, 0x00, 0x00, 0x00, 0x00, 0x00, 0x00, 0x00, 0x00, 0x00, 0x00, 0x00,
    0x00, 0x00, 0x00, 0x00, 0x00, 0x00, 0x00, 0x00, 0x00, 0x00, 0x00, 0x00,
    0x00, 0x00, 0x00, 0x03, 0x17, 0x1c, 0x23, 0x2a, 0x30, 0x42, 0x42, 0xad,
    0xad, 0xad, 0xb7, 0xb7, 0xb9, 0xa5, 0x7d, 0x7d, 0x9a, 0x99, 0x99, 0x9a,
    0x9a, 0x99, 0x99, 0x82, 0x78, 0x78, 0x82, 0x78, 0x78, 0x97, 0x97, 0x97,
    0x97, 0x9d, 0x96, 0x76, 0x76, 0x75, 0xc2, 0xa0, 0xbf, 0xb5, 0xb8, 0xb8,
    0xb8, 0xb8, 0xb8, 0xb8, 0xc5, 0xc5, 0xc5, 0xc5, 0xa4, 0xa4, 0xc4, 0xc4,
    0xc4, 0xa4, 0xa4, 0xa4, 0xa4, 0xa4, 0xa4, 0xa4, 0xa3, 0xa3, 0xaf, 0x8e,
    0x11, 0x2a, 0x43, 0x31, 0x30, 0x30, 0x3b, 0x38, 0xca, 0xc9, 0xc9, 0x47,
    0x3e, 0x00, 0x00, 0x00, 0x00, 0x00, 0x00, 0x00, 0x00, 0x00, 0x00, 0x00,
    0x00, 0x00, 0x00, 0x00, 0x00, 0x00, 0x00, 0x00, 0x00, 0x00, 0x00, 0x00,
    0x00, 0x00, 0x00, 0x00, 0x00, 0x00, 0x00, 0x00, 0x00, 0x00, 0x00, 0x00,
    0x00, 0x00, 0x00, 0x00, 0x00, 0x00, 0x00, 0x00, 0x00, 0x00, 0x00, 0x00,
    0x00, 0x00, 0x00, 0x00, 0x00, 0x00, 0x00, 0x00, 0x00, 0x00, 0x00, 0x00,
    0x00, 0x00, 0x00, 0x00, 0x00, 0x00, 0x00, 0x00, 0x00, 0x00, 0x00, 0x00,
    0x00, 0x00, 0x00, 0x00, 0x00, 0x00, 0x00, 0x00, 0x00, 0x00, 0x00, 0x00,
    0x00, 0x00, 0x00, 0x00, 0x00, 0x00, 0x00, 0x00, 0x00, 0x00, 0x00, 0x00,
    0x00, 0x00, 0x00, 0x00, 0x00, 0x00, 0x00, 0x00, 0x00, 0x00, 0x00, 0x00,
    0x00, 0x00, 0x00, 0x00, 0x00, 0x00, 0x00, 0x00, 0x00, 0x00, 0x00, 0x00,
    0x00, 0x00, 0x00, 0x00, 0x00, 0x00, 0x00, 0x00, 0x00, 0x00, 0x00, 0x00,
    0x00, 0x00, 0x00, 0x00, 0x00, 0x00, 0x00, 0x00, 0x00, 0x00, 0x00, 0x00,
    0x00, 0x00, 0x00, 0x00, 0x00, 0x00, 0x00, 0x00, 0x00, 0x00, 0x00, 0x00,
    0x00, 0x00, 0x00, 0x00, 0x00, 0x00, 0x00, 0x00, 0x00, 0x00, 0x00, 0x00,
    0x00, 0x00, 0x00, 0x00, 0x00, 0x00, 0x00, 0x00, 0x00, 0x00, 0x00, 0x00,
    0x00, 0x00, 0x00, 0x00, 0x00, 0x00, 0x00, 0x00, 0x00, 0x00, 0x00, 0x00,
    0x00, 0x00, 0x00, 0x00, 0x00, 0x00, 0x00, 0x00, 0x00, 0x00, 0x00, 0x00,
    0x00, 0x00, 0x00, 0x00, 0x00, 0x00, 0x00, 0x00, 0x00, 0x00, 0x00, 0x00,
    0x00, 0x00, 0x00, 0x00, 0x03, 0x1b, 0x21, 0x2a, 0x38, 0x37, 0x42, 0xad,
    0xad, 0xad, 0xb7, 0xbc, 0x95, 0x82, 0x7c, 0x99, 0x99, 0x99, 0x9a, 0x9a,
    0x9a, 0x9a, 0x98, 0x78, 0x78, 0x82, 0x82, 0x78, 0x97, 0x9d, 0x96, 0x9d,
    0x9d, 0x9d, 0x96, 0x76, 0xa5, 0x75, 0xc2, 0x74, 0xb5, 0xb5, 0xb8, 0xb8,
    0xc4, 0xb8, 0xb8, 0xc5, 0xc5, 0xc5, 0xc5, 0xc5, 0xc5, 0xa4, 0xa4, 0xa4,
    0xa4, 0xa4, 0xa4, 0xa4, 0xa4, 0xa4, 0xa4, 0xa4, 0xa3, 0xa3, 0xaf, 0x9c,
    0x56, 0x11, 0x3c, 0x31, 0x30, 0x30, 0x3b, 0x38, 0xc9, 0xc9, 0xcb, 0x3e,
    0x00, 0x00, 0x00, 0x00, 0x00, 0x00, 0x00, 0x00, 0x00, 0x00, 0x00, 0x00,
    0x00, 0x00, 0x00, 0x00, 0x00, 0x00, 0x00, 0x00, 0x00, 0x00, 0x00, 0x00,
    0x00, 0x00, 0x00, 0x00, 0x00, 0x00, 0x00, 0x00, 0x00, 0x00, 0x00, 0x00,
    0x00, 0x00, 0x00, 0x00, 0x00, 0x00, 0x00, 0x00, 0x00, 0x00, 0x00, 0x00,
    0x00, 0x00, 0x00, 0x00, 0x00, 0x00, 0x00, 0x00, 0x00, 0x00, 0x00, 0x00,
    0x00, 0x00, 0x00, 0x00, 0x00, 0x00, 0x00, 0x00, 0x00, 0x00, 0x00, 0x00,
    0x00, 0x00, 0x00, 0x00, 0x00, 0x00, 0x00, 0x00, 0x00, 0x00, 0x00, 0x00,
    0x00, 0x00, 0x00, 0x00, 0x00, 0x00, 0x00, 0x00, 0x00, 0x00, 0x00, 0x00,
    0x00, 0x00, 0x00, 0x00, 0x00, 0x00, 0x00, 0x00, 0x00, 0x00, 0x00, 0x00,
    0x00, 0x00, 0x00, 0x00, 0x00, 0x00, 0x00, 0x00, 0x00, 0x00, 0x00, 0x00,
    0x00, 0x00, 0x00, 0x00, 0x00, 0x00, 0x00, 0x00, 0x00, 0x00, 0x00, 0x00,
    0x00, 0x00, 0x00, 0x00, 0x00, 0x00, 0x00, 0x00, 0x00, 0x00, 0x00, 0x00,
    0x00, 0x00, 0x00, 0x00, 0x00, 0x00, 0x00, 0x00, 0x00, 0x00, 0x00, 0x00,
    0x00, 0x00, 0x00, 0x00, 0x00, 0x00, 0x00, 0x00, 0x00, 0x00, 0x00, 0x00,
    0x00, 0x00, 0x00, 0x00, 0x00, 0x00, 0x00, 0x00, 0x00, 0x00, 0x00, 0x00,
    0x00, 0x00, 0x00, 0x00, 0x00, 0x00, 0x00, 0x00, 0x00, 0x00, 0x00, 0x00,
    0x00, 0x00, 0x00, 0x00, 0x00, 0x00, 0x00, 0x00, 0x00, 0x00, 0x00, 0x00,
    0x00, 0x00, 0x00, 0x00, 0x00, 0x00, 0x00, 0x00, 0x00, 0x00, 0x00, 0x00,
    0x00, 0x00, 0x00, 0x00, 0x00, 0x04, 0x1c, 0x2a, 0x48, 0x37, 0x42, 0xa6,
    0xb1, 0xad, 0xb7, 0x99, 0x76, 0xa1, 0x9a, 0x99, 0x99, 0x9a, 0x9a, 0x9a,
    0x9a, 0x98, 0x98, 0x98, 0x78, 0x78, 0x97, 0x97, 0x97, 0x97, 0x9d, 0x9d,
    0x96, 0x96, 0x76, 0xa5, 0xa5, 0xc2, 0xa0, 0xbf, 0xb5, 0xb8, 0xb8, 0xc5,
    0xc5, 0xc5, 0xc5, 0xc5, 0xc5, 0xc5, 0xc5, 0xc5, 0xa4, 0xa4, 0xa4, 0xa4,
    0xa4, 0xa4, 0xa4, 0xa4, 0xa4, 0xa4, 0xa4, 0xa4, 0xa4, 0xa4, 0xa3, 0xaf,
    0x8b, 0x4e, 0x2a, 0x31, 0x30, 0x3b, 0x3b, 0x3f, 0xc9, 0xca, 0x04, 0x00,
    0x00, 0x00, 0x00, 0x00, 0x00, 0x00, 0x00, 0x00, 0x00, 0x00, 0x00, 0x00,
    0x00, 0x00, 0x00, 0x00, 0x00, 0x00, 0x00, 0x00, 0x00, 0x00, 0x00, 0x00,
    0x00, 0x00, 0x00, 0x00, 0x00, 0x00, 0x00, 0x00, 0x00, 0x00, 0x00, 0x00,
    0x00, 0x00, 0x00, 0x00, 0x00, 0x00, 0x00, 0x00, 0x00, 0x00, 0x00, 0x00,
    0x00, 0x00, 0x00, 0x00, 0x00, 0x00, 0x00, 0x00, 0x00, 0x00, 0x00, 0x00,
    0x00, 0x00, 0x00, 0x00, 0x00, 0x00, 0x00, 0x00, 0x00, 0x00, 0x00, 0x00,
    0x00, 0x00, 0x00, 0x00, 0x00, 0x00, 0x00, 0x00, 0x00, 0x00, 0x00, 0x00,
    0x00, 0x00, 0x00, 0x00, 0x00, 0x00, 0x00, 0x00, 0x00, 0x00, 0x00, 0x00,
    0x00, 0x00, 0x00, 0x00, 0x00, 0x00, 0x00, 0x00, 0x00, 0x00, 0x00, 0x00,
    0x00, 0x00, 0x00, 0x00, 0x00, 0x00, 0x00, 0x00, 0x00, 0x00, 0x00, 0x00,
    0x00, 0x00, 0x00, 0x00, 0x00, 0x00, 0x00, 0x00, 0x00, 0x00, 0x00, 0x00,
    0x00, 0x00, 0x00, 0x00, 0x00, 0x00, 0x00, 0x00, 0x00, 0x00, 0x00, 0x00,
    0x00, 0x00, 0x00, 0x00, 0x00, 0x00, 0x00, 0x00, 0x00, 0x00, 0x00, 0x00,
    0x00, 0x00, 0x00, 0x00, 0x00, 0x00, 0x00, 0x00, 0x00, 0x00, 0x00, 0x00,
    0x00, 0x00, 0x00, 0x00, 0x00, 0x00, 0x00, 0x00, 0x00, 0x00, 0x00, 0x00,
    0x00, 0x00, 0x00, 0x00, 0x00, 0x00, 0x00, 0x00, 0x00, 0x00, 0x00, 0x00,
    0x00, 0x00, 0x00, 0x00, 0x00, 0x00, 0x00, 0x00, 0x00, 0x00, 0x00, 0x00,
    0x00, 0x00, 0x00, 0x00, 0x00, 0x00, 0x00, 0x00, 0x00, 0x00, 0x00, 0x00,
    0x00, 0x00, 0x00, 0x00, 0x00, 0x00, 0x04, 0x1c, 0x2a, 0x3b, 0x42, 0xa6,
    0xba, 0xb7, 0xbe, 0xa5, 0x9a, 0x7c, 0x99, 0x99, 0x9a, 0x9a, 0x9a, 0x98,
    0x9a, 0x82, 0x78, 0x82, 0x82, 0x97, 0x97, 0x9d, 0x97, 0x97, 0x9d, 0x9d,
    0x96, 0x76, 0xa5, 0xa5, 0xc2, 0xa0, 0x94, 0xb5, 0xaa, 0xb8, 0xc5, 0xa4,
    0xa4, 0xa4, 0xa4, 0xa4, 0xc5, 0xc5, 0xc5, 0xc5, 0xa4, 0xa4, 0xa4, 0xa4,
    0xa4, 0xa4, 0xa4, 0xa4, 0xa4, 0xa4, 0xa4, 0xa4, 0xa4, 0xa4, 0x8c, 0x8c,
    0x9b, 0x8d, 0x11, 0x43, 0x30, 0x3b, 0x3b, 0xce, 0xc9, 0x0d, 0x00, 0x00,
    0x00, 0x00, 0x00, 0x00, 0x00, 0x00, 0x00, 0x00, 0x00, 0x00, 0x00, 0x00,
    0x00, 0x00, 0x00, 0x00, 0x00, 0x00, 0x00, 0x00, 0x00, 0x00, 0x00, 0x00,
    0x00, 0x00, 0x00, 0x00, 0x00, 0x00, 0x00, 0x00, 0x00, 0x00, 0x00, 0x00,
    0x00, 0x00, 0x00, 0x00, 0x00, 0x00, 0x00, 0x00, 0x00, 0x00, 0x00, 0x00,
    0x00, 0x00, 0x00, 0x00, 0x00, 0x00, 0x00, 0x00, 0x00, 0x00, 0x00, 0x00,
    0x00, 0x00, 0x00, 0x00, 0x00, 0x00, 0x00, 0x00, 0x00, 0x00, 0x00, 0x00,
    0x00, 0x00, 0x00, 0x00, 0x00, 0x00, 0x00, 0x00, 0x00, 0x00, 0x00, 0x00,
    0x00, 0x00, 0x00, 0x00, 0x00, 0x00, 0x00, 0x00, 0x00, 0x00, 0x00, 0x00,
    0x00, 0x00, 0x00, 0x00, 0x00, 0x00, 0x00, 0x00, 0x00, 0x00, 0x00, 0x00,
    0x00, 0x00, 0x00, 0x00, 0x00, 0x00, 0x00, 0x00, 0x00, 0x00, 0x00, 0x00,
    0x00, 0x00, 0x00, 0x00, 0x00, 0x00, 0x00, 0x00, 0x00, 0x00, 0x00, 0x00,
    0x00, 0x00, 0x00, 0x00, 0x00, 0x00, 0x00, 0x00, 0x00, 0x00, 0x00, 0x00,
    0x00, 0x00, 0x00, 0x00, 0x00, 0x00, 0x00, 0x00, 0x00, 0x00, 0x00, 0x00,
    0x00, 0x00, 0x00, 0x00, 0x00, 0x00, 0x00, 0x00, 0x00, 0x00, 0x00, 0x00,
    0x00, 0x00, 0x00, 0x00, 0x00, 0x00, 0x00, 0x00, 0x00, 0x00, 0x00, 0x00,
    0x00, 0x00, 0x00, 0x00, 0x00, 0x00, 0x00, 0x00, 0x00, 0x00, 0x00, 0x00,
    0x00, 0x00, 0x00, 0x00, 0x00, 0x00, 0x00, 0x00, 0x00, 0x00, 0x00, 0x00,
    0x00, 0x00, 0x00, 0x00, 0x00, 0x00, 0x00, 0x00, 0x00, 0x00, 0x00, 0x00,
    0x00, 0x00, 0x00, 0x00, 0x00, 0x00, 0x00, 0x04, 0x29, 0x43, 0x37, 0xa6,
    0xba, 0xa7, 0xb9, 0x76, 0xa1, 0x99, 0x99, 0x99, 0x9a, 0x9a, 0x9a, 0x98,
    0x98, 0x78, 0x97, 0x78, 0x97, 0x97, 0x97, 0x9d, 0x9d, 0x9d, 0x9d, 0x96,
    0x76, 0xa5, 0xa5, 0xc2, 0x74, 0x94, 0xb5, 0xb8, 0xc5, 0xa4, 0xa4, 0xa4,
    0xa4, 0xa4, 0xa4, 0xc5, 0xc5, 0xc5, 0xc5, 0xc5, 0xc5, 0xc5, 0xa4, 0xa4,
    0xa4, 0xa4, 0xa4, 0xa4, 0xa4, 0xa4, 0xa4, 0xa4, 0xa4, 0xc5, 0x8e, 0x8e,
    0x8b, 0x8b, 0x4e, 0x3c, 0x30, 0x3b, 0x38, 0xc9, 0x88, 0x00, 0x00, 0x00,
    0x00, 0x00, 0x00, 0x00, 0x00, 0x00, 0x00, 0x00, 0x00, 0x00, 0x00, 0x00,
    0x00, 0x00, 0x00, 0x00, 0x00, 0x00, 0x00, 0x00, 0x00, 0x00, 0x00, 0x00,
    0x00, 0x00, 0x00, 0x00, 0x00, 0x00, 0x00, 0x00, 0x00, 0x00, 0x00, 0x00,
    0x00, 0x00, 0x00, 0x00, 0x00, 0x00, 0x00, 0x00, 0x00, 0x00, 0x00, 0x00,
    0x00, 0x00, 0x00, 0x00, 0x00, 0x00, 0x00, 0x00, 0x00, 0x00, 0x00, 0x00,
    0x00, 0x00, 0x00, 0x00, 0x00, 0x00, 0x00, 0x00, 0x00, 0x00, 0x00, 0x00,
    0x00, 0x00, 0x00, 0x00, 0x00, 0x00, 0x00, 0x00, 0x00, 0x00, 0x00, 0x00,
    0x00, 0x00, 0x00, 0x00, 0x00, 0x00, 0x00, 0x00, 0x00, 0x00, 0x00, 0x00,
    0x00, 0x00, 0x00, 0x00, 0x00, 0x00, 0x00, 0x00, 0x00, 0x00, 0x00, 0x00,
    0x00, 0x00, 0x00, 0x00, 0x00, 0x00, 0x00, 0x00, 0x00, 0x00, 0x00, 0x00,
    0x00, 0x00, 0x00, 0x00, 0x00, 0x00, 0x00, 0x00, 0x00, 0x00, 0x00, 0x00,
    0x00, 0x00, 0x00, 0x00, 0x00, 0x00, 0x00, 0x00, 0x00, 0x00, 0x00, 0x00,
    0x00, 0x00, 0x00, 0x00, 0x00, 0x00, 0x00, 0x00, 0x00, 0x00, 0x00, 0x00,
    0x00, 0x00, 0x00, 0x00, 0x00, 0x00, 0x00, 0x00, 0x00, 0x00, 0x00, 0x00,
    0x00, 0x00, 0x00, 0x00, 0x00, 0x00, 0x00, 0x00, 0x00, 0x00, 0x00, 0x00,
    0x00, 0x00, 0x00, 0x00, 0x00, 0x00, 0x00, 0x00, 0x00, 0x00, 0x00, 0x00,
    0x00, 0x00, 0x00, 0x00, 0x00, 0x00, 0x00, 0x00, 0x00, 0x00, 0x00, 0x00,
    0x00, 0x00, 0x00, 0x00, 0x00, 0x00, 0x00, 0x00, 0x00, 0x00, 0x00, 0x00,
    0x00, 0x00, 0x00, 0x00, 0x00, 0x00, 0x00, 0x00, 0x03, 0x29, 0x4b, 0xad,
    0xae, 0xb7, 0x9e, 0x97, 0xa1, 0x99, 0x99, 0x99, 0x9a, 0x9a, 0x98, 0x78,
    0x78, 0x78, 0x78, 0x97, 0x97, 0x97, 0x9d, 0x9d, 0x9d, 0x96, 0x76, 0xa5,
    0x75, 0xa0, 0xa0, 0xbf, 0xaa, 0xb8, 0xa4, 0xc4, 0xc5, 0xa4, 0xa4, 0xa4,
    0xa4, 0xa4, 0xa4, 0xa4, 0xc5, 0xc5, 0xc5, 0xc5, 0xc5, 0xc5, 0xa4, 0xa4,
    0xa4, 0xa4, 0xa4, 0xa4, 0xa4, 0xa4, 0xa4, 0xa4, 0xa4, 0x58, 0x49, 0x1e,
    0x49, 0x9c, 0x56, 0x2a, 0x30, 0x3b, 0xce, 0x88, 0x00, 0x00, 0x00, 0x00,
    0x00, 0x00, 0x00, 0x00, 0x00, 0x00, 0x00, 0x00, 0x00, 0x00, 0x00, 0x00,
    0x00, 0x00, 0x00, 0x00, 0x00, 0x00, 0x00, 0x00, 0x00, 0x00, 0x00, 0x00,
    0x00, 0x00, 0x00, 0x00, 0x00, 0x00, 0x00, 0x00, 0x00, 0x00, 0x00, 0x00,
    0x00, 0x00, 0x00, 0x00, 0x00, 0x00, 0x00, 0x00, 0x00, 0x00, 0x00, 0x00,
    0x00, 0x00, 0x00, 0x00, 0x00, 0x00, 0x00, 0x00, 0x00, 0x00, 0x00, 0x00,
    0x00, 0x00, 0x00, 0x00, 0x00, 0x00, 0x00, 0x00, 0x00, 0x00, 0x00, 0x00,
    0x00, 0x00, 0x00, 0x00, 0x00, 0x00, 0x00, 0x00, 0x00, 0x00, 0x00, 0x00,
    0x00, 0x00, 0x00, 0x00, 0x00, 0x00, 0x00, 0x00, 0x00, 0x00, 0x00, 0x00,
    0x00, 0x00, 0x00, 0x00, 0x00, 0x00, 0x00, 0x00, 0x00, 0x00, 0x00, 0x00,
    0x00, 0x00, 0x00, 0x00, 0x00, 0x00, 0x00, 0x00, 0x00, 0x00, 0x00, 0x00,
    0x00, 0x00, 0x00, 0x00, 0x00, 0x00, 0x00, 0x00, 0x00, 0x00, 0x00, 0x00,
    0x00, 0x00, 0x00, 0x00, 0x00, 0x00, 0x00, 0x00, 0x00, 0x00, 0x00, 0x00,
    0x00, 0x00, 0x00, 0x00, 0x00, 0x00, 0x00, 0x00, 0x00, 0x00, 0x00, 0x00,
    0x00, 0x00, 0x00, 0x00, 0x00, 0x00, 0x00, 0x00, 0x00, 0x00, 0x00, 0x00,
    0x00, 0x00, 0x00, 0x00, 0x00, 0x00, 0x00, 0x00, 0x00, 0x00, 0x00, 0x00,
    0x00, 0x00, 0x00, 0x00, 0x00, 0x00, 0x00, 0x00, 0x00, 0x00, 0x00, 0x00,
    0x00, 0x00, 0x00, 0x00, 0x00, 0x00, 0x00, 0x00, 0x00, 0x00, 0x00, 0x00,
    0x00, 0x00, 0x00, 0x00, 0x00, 0x00, 0x00, 0x00, 0x00, 0x00, 0x00, 0x00,
    0x00, 0x00, 0x00, 0x00, 0x00, 0x00, 0x00, 0x00, 0x00, 0x10, 0x1d, 0x52,
    0xba, 0xb7, 0x9e, 0x99, 0x7c, 0x99, 0x99, 0x99, 0x9a, 0x9a, 0x98, 0x78,
    0x78, 0x97, 0x97, 0x97, 0x97, 0x9d, 0x96, 0x76, 0x96, 0xa5, 0x75, 0xc2,
    0xa0, 0xb5, 0xb8, 0xc5, 0xa4, 0xa4, 0x8c, 0x8c, 0x8c, 0x8c, 0x8c, 0xa4,
    0xc5, 0xc5, 0xc5, 0xc5, 0xc5, 0xc5, 0xc5, 0xc5, 0xc5, 0xc5, 0xc5, 0xc5,
    0x8c, 0x8c, 0xa4, 0xa4, 0xa4, 0xa4, 0xa4, 0xa4, 0x8c, 0x56, 0x11, 0x2a,
    0x59, 0x62, 0x5f, 0x2a, 0x30, 0x47, 0x86, 0x00, 0x00, 0x00, 0x00, 0x00,
    0x00, 0x00, 0x00, 0x00, 0x00, 0x00, 0x00, 0x00, 0x00, 0x00, 0x00, 0x00,
    0x00, 0x00, 0x00, 0x00, 0x00, 0x00, 0x00, 0x00, 0x00, 0x00, 0x00, 0x00,
    0x00, 0x00, 0x00, 0x00, 0x00, 0x00, 0x00, 0x00, 0x00, 0x00, 0x00, 0x00,
    0x00, 0x00, 0x00, 0x00, 0x00, 0x00, 0x00, 0x00, 0x00, 0x00, 0x00, 0x00,
    0x00, 0x00, 0x00, 0x00, 0x00, 0x00, 0x00, 0x00, 0x00, 0x00, 0x00, 0x00,
    0x00, 0x00, 0x00, 0x00, 0x00, 0x00, 0x00, 0x00, 0x00, 0x00, 0x00, 0x00,
    0x00, 0x00, 0x00, 0x00, 0x00, 0x00, 0x00, 0x00, 0x00, 0x00, 0x00, 0x00,
    0x00, 0x00, 0x00, 0x00, 0x00, 0x00, 0x00, 0x00, 0x00, 0x00, 0x00, 0x00,
    0x00, 0x00, 0x00, 0x00, 0x00, 0x00, 0x00, 0x00, 0x00, 0x00, 0x00, 0x00,
    0x00, 0x00, 0x00, 0x00, 0x00, 0x00, 0x00, 0x00, 0x00, 0x00, 0x00, 0x00,
    0x00, 0x00, 0x00, 0x00, 0x00, 0x00, 0x00, 0x00, 0x00, 0x00, 0x00, 0x00,
    0x00, 0x00, 0x00, 0x00, 0x00, 0x00, 0x00, 0x00, 0x00, 0x00, 0x00, 0x00,
    0x00, 0x00, 0x00, 0x00, 0x00, 0x00, 0x00, 0x00, 0x00, 0x00, 0x00, 0x00,
    0x00, 0x00, 0x00, 0x00, 0x00, 0x00, 0x00, 0x00, 0x00, 0x00, 0x00, 0x00,
    0x00, 0x00, 0x00, 0x00, 0x00, 0x00, 0x00, 0x00, 0x00, 0x00, 0x00, 0x00,
    0x00, 0x00, 0x00, 0x00, 0x00, 0x00, 0x00, 0x00, 0x00, 0x00, 0x00, 0x00,
    0x00, 0x00, 0x00, 0x00, 0x00, 0x00, 0x00, 0x00, 0x00, 0x00, 0x00, 0x00,
    0x00, 0x00, 0x00, 0x00, 0x00, 0x00, 0x00, 0x00, 0x00, 0x00, 0x00, 0x00,
    0x00, 0x00, 0x00, 0x00, 0x00, 0x00, 0x00, 0x00, 0x00, 0x00, 0x07, 0xb6,
    0xa7, 0xbc, 0x9e, 0x99, 0x7c, 0x99, 0x99, 0x9a, 0x9a, 0x98, 0x82, 0x98,
    0x97, 0x9d, 0x97, 0x9d, 0x9d, 0x9d, 0x96, 0x76, 0xa5, 0xc2, 0xbf, 0xb5,
    0xb8, 0xa4, 0x8c, 0x8c, 0x8b, 0x65, 0x64, 0x65, 0x93, 0x65, 0x65, 0x65,
    0x8b, 0x8b, 0x8b, 0x8c, 0x9f, 0xc5, 0x8e, 0x8e, 0xc5, 0xc5, 0xc5, 0xc5,
    0xc5, 0x9f, 0x8c, 0x8c, 0xa4, 0xa4, 0xa4, 0x8c, 0x8c, 0x56, 0x18, 0x2a,
    0x43, 0x4e, 0x5e, 0x2a, 0x5b, 0x02, 0x00, 0x00, 0x00, 0x00, 0x00, 0x00,
    0x00, 0x00, 0x00, 0x00, 0x00, 0x00, 0x00, 0x00, 0x00, 0x00, 0x00, 0x00,
    0x00, 0x00, 0x00, 0x00, 0x00, 0x00, 0x00, 0x00, 0x00, 0x00, 0x00, 0x00,
    0x00, 0x00, 0x00, 0x00, 0x00, 0x00, 0x00, 0x00, 0x00, 0x00, 0x00, 0x00,
    0x00, 0x00, 0x00, 0x00, 0x00, 0x00, 0x00, 0x00, 0x00, 0x00, 0x00, 0x00,
    0x00, 0x00, 0x00, 0x00, 0x00, 0x00, 0x00, 0x00, 0x00, 0x00, 0x00, 0x00,
    0x00, 0x00, 0x00, 0x00, 0x00, 0x00, 0x00, 0x00, 0x00, 0x00, 0x00, 0x00,
    0x00, 0x00, 0x00, 0x00, 0x00, 0x00, 0x00, 0x00, 0x00, 0x00, 0x00, 0x00,
    0x00, 0x00, 0x00, 0x00, 0x00, 0x00, 0x00, 0x00, 0x00, 0x00, 0x00, 0x00,
    0x00, 0x00, 0x00, 0x00, 0x00, 0x00, 0x00, 0x00, 0x00, 0x00, 0x00, 0x00,
    0x00, 0x00, 0x00, 0x00, 0x00, 0x00, 0x00, 0x00, 0x00, 0x00, 0x00, 0x00,
    0x00, 0x00, 0x00, 0x00, 0x00, 0x00, 0x00, 0x00, 0x00, 0x00, 0x00, 0x00,
    0x00, 0x00, 0x00, 0x00, 0x00, 0x00, 0x00, 0x00, 0x00, 0x00, 0x00, 0x00,
    0x00, 0x00, 0x00, 0x00, 0x00, 0x00, 0x00, 0x00, 0x00, 0x00, 0x00, 0x00,
    0x00, 0x00, 0x00, 0x00, 0x00, 0x00, 0x00, 0x00, 0x00, 0x00, 0x00, 0x00,
    0x00, 0x00, 0x00, 0x00, 0x00, 0x00, 0x00, 0x00, 0x00, 0x00, 0x00, 0x00,
    0x00, 0x00, 0x00, 0x00, 0x00, 0x00, 0x00, 0x00, 0x00, 0x00, 0x00, 0x00,
    0x00, 0x00, 0x00, 0x00, 0x00, 0x00, 0x00, 0x00, 0x00, 0x00, 0x00, 0x00,
    0x00, 0x00, 0x00, 0x00, 0x00, 0x00, 0x00, 0x00, 0x00, 0x00, 0x00, 0x00,
    0x00, 0x00, 0x00, 0x00, 0x00, 0x00, 0x00, 0x00, 0x00, 0x00, 0x00, 0x71,
    0xb2, 0xbc, 0x81, 0x99, 0x99, 0x99, 0x99, 0x9a, 0x9a, 0x98, 0x98, 0x78,
    0x97, 0x9d, 0x9d, 0x96, 0x96, 0x96, 0x76, 0xa5, 0xa0, 0x94, 0xc5, 0x8c,
    0x8b, 0x8b, 0x65, 0x65, 0x65, 0x66, 0x65, 0x66, 0x66, 0x65, 0x64, 0x66,
    0x66, 0x66, 0x66, 0x66, 0x65, 0x63, 0x8d, 0x58, 0x8e, 0x8e, 0x8e, 0xc5,
    0xc5, 0xc5, 0xc5, 0x8c, 0xa4, 0xa4, 0xa4, 0xa4, 0x8c, 0x56, 0x18, 0x2a,
    0x43, 0x29, 0x5e, 0x2a, 0x3e, 0x00, 0x00, 0x00, 0x00, 0x00, 0x00, 0x00,
    0x00, 0x00, 0x00, 0x00, 0x00, 0x00, 0x00, 0x00, 0x00, 0x00, 0x00, 0x00,
    0x00, 0x00, 0x00, 0x00, 0x00, 0x00, 0x00, 0x00, 0x00, 0x00, 0x00, 0x00,
    0x00, 0x00, 0x00, 0x00, 0x00, 0x00, 0x00, 0x00, 0x00, 0x00, 0x00, 0x00,
    0x00, 0x00, 0x00, 0x00, 0x00, 0x00, 0x00, 0x00, 0x00, 0x00, 0x00, 0x00,
    0x00, 0x00, 0x00, 0x00, 0x00, 0x00, 0x00, 0x00, 0x00, 0x00, 0x00, 0x00,
    0x00, 0x00, 0x00, 0x00, 0x00, 0x00, 0x00, 0x00, 0x00, 0x00, 0x00, 0x00,
    0x00, 0x00, 0x00, 0x00, 0x00, 0x00, 0x00, 0x00, 0x00, 0x00, 0x00, 0x00,
    0x00, 0x00, 0x00, 0x00, 0x00, 0x00, 0x00, 0x00, 0x00, 0x00, 0x00, 0x00,
    0x00, 0x00, 0x00, 0x00, 0x00, 0x00, 0x00, 0x00, 0x00, 0x00, 0x00, 0x00,
    0x00, 0x00, 0x00, 0x00, 0x00, 0x00, 0x00, 0x00, 0x00, 0x00, 0x00, 0x00,
    0x00, 0x00, 0x00, 0x00, 0x00, 0x00, 0x00, 0x00, 0x00, 0x00, 0x00, 0x00,
    0x00, 0x00, 0x00, 0x00, 0x00, 0x00, 0x00, 0x00, 0x00, 0x00, 0x00, 0x00,
    0x00, 0x00, 0x00, 0x00, 0x00, 0x00, 0x00, 0x00, 0x00, 0x00, 0x00, 0x00,
    0x00, 0x00, 0x00, 0x00, 0x00, 0x00, 0x00, 0x00, 0x00, 0x00, 0x00, 0x00,
    0x00, 0x00, 0x00, 0x00, 0x00, 0x00, 0x00, 0x00, 0x00, 0x00, 0x00, 0x00,
    0x00, 0x00, 0x00, 0x00, 0x00, 0x00, 0x00, 0x00, 0x00, 0x00, 0x00, 0x00,
    0x00, 0x00, 0x00, 0x00, 0x00, 0x00, 0x00, 0x00, 0x00, 0x00, 0x00, 0x00,
    0x00, 0x00, 0x00, 0x00, 0x00, 0x00, 0x00, 0x00, 0x00, 0x00, 0x00, 0x00,
    0x00, 0x00, 0x00, 0x00, 0x00, 0x00, 0x00, 0x00, 0x00, 0x00, 0x00, 0x00,
    0xb6, 0xb7, 0xb9, 0x99, 0x99, 0x99, 0x99, 0x9a, 0x9a, 0x98, 0x78, 0x97,
    0x9d, 0x9d, 0x76, 0x76, 0xa5, 0x91, 0xa5, 0xb5, 0xc5, 0x8c, 0x8b, 0x65,
    0x65, 0x65, 0x65, 0x66, 0x65, 0x66, 0x67, 0x66, 0x93, 0x64, 0x63, 0x65,
    0x66, 0x67, 0x66, 0x66, 0x66, 0x64, 0x64, 0xc9, 0x5e, 0x4e, 0x8f, 0x8e,
    0x58, 0xc5, 0xc5, 0xc5, 0xa4, 0xa4, 0xa4, 0xa4, 0x9f, 0x58, 0x18, 0x2a,
    0x43, 0x48, 0xcd, 0x2a, 0xd1, 0x00, 0x00, 0x00, 0x00, 0x00, 0x00, 0x00,
    0x00, 0x00, 0x00, 0x00, 0x00, 0x00, 0x00, 0x00, 0x00, 0x00, 0x00, 0x00,
    0x00, 0x00, 0x00, 0x00, 0x00, 0x00, 0x00, 0x00, 0x00, 0x00, 0x00, 0x00,
    0x00, 0x00, 0x00, 0x00, 0x00, 0x00, 0x00, 0x00, 0x00, 0x00, 0x00, 0x00,
    0x00, 0x00, 0x00, 0x00, 0x00, 0x00, 0x00, 0x00, 0x00, 0x00, 0x00, 0x00,
    0x00, 0x00, 0x00, 0x00, 0x00, 0x00, 0x00, 0x00, 0x00, 0x00, 0x00, 0x00,
    0x00, 0x00, 0x00, 0x00, 0x00, 0x00, 0x00, 0x00, 0x00, 0x00, 0x00, 0x00,
    0x00, 0x00, 0x00, 0x00, 0x00, 0x00, 0x00, 0x00, 0x00, 0x00, 0x00, 0x00,
    0x00, 0x00, 0x00, 0x00, 0x00, 0x00, 0x00, 0x00, 0x00, 0x00, 0x00, 0x00,
    0x00, 0x00, 0x00, 0x00, 0x00, 0x00, 0x00, 0x00, 0x00, 0x00, 0x00, 0x00,
    0x00, 0x00, 0x00, 0x00, 0x00, 0x00, 0x00, 0x00, 0x00, 0x00, 0x00, 0x00,
    0x00, 0x00, 0x00, 0x00, 0x00, 0x00, 0x00, 0x00, 0x00, 0x00, 0x00, 0x00,
    0x00, 0x00, 0x00, 0x00, 0x00, 0x00, 0x00, 0x00, 0x00, 0x00, 0x00, 0x00,
    0x00, 0x00, 0x00, 0x00, 0x00, 0x00, 0x00, 0x00, 0x00, 0x00, 0x00, 0x00,
    0x00, 0x00, 0x00, 0x00, 0x00, 0x00, 0x00, 0x00, 0x00, 0x00, 0x00, 0x00,
    0x00, 0x00, 0x00, 0x00, 0x00, 0x00, 0x00, 0x00, 0x00, 0x00, 0x00, 0x00,
    0x00, 0x00, 0x00, 0x00, 0x00, 0x00, 0x00, 0x00, 0x00, 0x00, 0x00, 0x00,
    0x00, 0x00, 0x00, 0x00, 0x00, 0x00, 0x00, 0x00, 0x00, 0x00, 0x00, 0x00,
    0x00, 0x00, 0x00, 0x00, 0x00, 0x00, 0x00, 0x00, 0x00, 0x00, 0x00, 0x00,
    0x00, 0x00, 0x00, 0x00, 0x00, 0x00, 0x00, 0x00, 0x00, 0x00, 0x00, 0x00,
    0x7b, 0xb7, 0xbd, 0x82, 0x99, 0x9a, 0x9a, 0x9a, 0x9a, 0x78, 0x97, 0x9d,
    0x9d, 0x96, 0x91, 0x91, 0xa5, 0x94, 0xc5, 0x8c, 0xc8, 0x63, 0x8b, 0x66,
    0x66, 0x66, 0x66, 0x8b, 0x8b, 0x93, 0x67, 0x93, 0x93, 0x8b, 0x8b, 0x8b,
    0x93, 0x66, 0x67, 0x67, 0x66, 0x64, 0x64, 0xc9, 0xc9, 0xc9, 0xa2, 0x09,
    0x4e, 0x56, 0x56, 0x58, 0xc5, 0xc5, 0xa4, 0xa4, 0xc5, 0x56, 0x49, 0x2a,
    0x43, 0x48, 0xc3, 0x36, 0x0c, 0x00, 0x00, 0x00, 0x00, 0x00, 0x00, 0x00,
    0x00, 0x00, 0x00, 0x00, 0x00, 0x00, 0x00, 0x00, 0x00, 0x00, 0x00, 0x00,
    0x00, 0x00, 0x00, 0x00, 0x00, 0x00, 0x00, 0x00, 0x00, 0x00, 0x00, 0x00,
    0x00, 0x00, 0x00, 0x00, 0x00, 0x00, 0x00, 0x00, 0x00, 0x00, 0x00, 0x00,
    0x00, 0x00, 0x00, 0x00, 0x00, 0x00, 0x00, 0x00, 0x00, 0x00, 0x00, 0x00,
    0x00, 0x00, 0x00, 0x00, 0x00, 0x00, 0x00, 0x00, 0x00, 0x00, 0x00, 0x00,
    0x00, 0x00, 0x00, 0x00, 0x00, 0x00, 0x00, 0x00, 0x00, 0x00, 0x00, 0x00,
    0x00, 0x00, 0x00, 0x00, 0x00, 0x00, 0x00, 0x00, 0x00, 0x00, 0x00, 0x00,
    0x00, 0x00, 0x00, 0x00, 0x00, 0x00, 0x00, 0x00, 0x00, 0x00, 0x00, 0x00,
    0x00, 0x00, 0x00, 0x00, 0x00, 0x00, 0x00, 0x00, 0x00, 0x00, 0x00, 0x00,
    0x00, 0x00, 0x00, 0x00, 0x00, 0x00, 0x00, 0x00, 0x00, 0x00, 0x00, 0x00,
    0x00, 0x00, 0x00, 0x00, 0x00, 0x00, 0x00, 0x00, 0x00, 0x00, 0x00, 0x00,
    0x00, 0x00, 0x00, 0x00, 0x00, 0x00, 0x00, 0x00, 0x00, 0x00, 0x00, 0x00,
    0x00, 0x00, 0x00, 0x00, 0x00, 0x00, 0x00, 0x00, 0x00, 0x00, 0x00, 0x00,
    0x00, 0x00, 0x00, 0x00, 0x00, 0x00, 0x00, 0x00, 0x00, 0x00, 0x00, 0x00,
    0x00, 0x00, 0x00, 0x00, 0x00, 0x00, 0x00, 0x00, 0x00, 0x00, 0x00, 0x00,
    0x00, 0x00, 0x00, 0x00, 0x00, 0x00, 0x00, 0x00, 0x00, 0x00, 0x00, 0x00,
    0x00, 0x00, 0x00, 0x00, 0x00, 0x00, 0x00, 0x00, 0x00, 0x00, 0x00, 0x00,
    0x00, 0x00, 0x00, 0x00, 0x00, 0x00, 0x00, 0x00, 0x00, 0x00, 0x00, 0x00,
    0x00, 0x00, 0x00, 0x00, 0x00, 0x00, 0x00, 0x00, 0x00, 0x00, 0x00, 0x00,
    0x01, 0xb6, 0xbd, 0x82, 0x9a, 0x9a, 0x9a, 0x9a, 0x98, 0x78, 0x97, 0x9d,
    0x76, 0x91, 0xa5, 0xc2, 0xb5, 0x8c, 0x63, 0x8b, 0x8b, 0x8b, 0x8b, 0x93,
    0x8b, 0x8b, 0x8b, 0x9f, 0x8c, 0x8b, 0x8b, 0xaf, 0x8c, 0x8c, 0x8c, 0x8c,
    0x8b, 0x8b, 0x8b, 0x93, 0x93, 0x65, 0x66, 0x66, 0xc9, 0xc9, 0xc9, 0xca,
    0xcb, 0x49, 0x09, 0x4e, 0x56, 0xc5, 0xc5, 0xc5, 0xc5, 0x8e, 0x18, 0x2a,
    0x43, 0x3c, 0x18, 0xd0, 0x00, 0x00, 0x00, 0x00, 0x00, 0x00, 0x00, 0x00,
    0x00, 0x00, 0x00, 0x00, 0x00, 0x00, 0x00, 0x00, 0x00, 0x00, 0x00, 0x00,
    0x00, 0x00, 0x00, 0x00, 0x00, 0x00, 0x00, 0x00, 0x00, 0x00, 0x00, 0x00,
    0x00, 0x00, 0x00, 0x00, 0x00, 0x00, 0x00, 0x00, 0x00, 0x00, 0x00, 0x00,
    0x00, 0x00, 0x00, 0x00, 0x00, 0x00, 0x00, 0x00, 0x00, 0x00, 0x00, 0x00,
    0x00, 0x00, 0x00, 0x00, 0x00, 0x00, 0x00, 0x00, 0x00, 0x00, 0x00, 0x00,
    0x00, 0x00, 0x00, 0x00, 0x00, 0x00, 0x00, 0x00, 0x00, 0x00, 0x00, 0x00,
    0x00, 0x00, 0x00, 0x00, 0x00, 0x00, 0x00, 0x00, 0x00, 0x00, 0x00, 0x00,
    0x00, 0x00, 0x00, 0x00, 0x00, 0x00, 0x00, 0x00, 0x00, 0x00, 0x00, 0x00,
    0x00, 0x00, 0x00, 0x00, 0x00, 0x00, 0x00, 0x00, 0x00, 0x00, 0x00, 0x00,
    0x00, 0x00, 0x00, 0x00, 0x00, 0x00, 0x00, 0x00, 0x00, 0x00, 0x00, 0x00,
    0x00, 0x00, 0x00, 0x00, 0x00, 0x00, 0x00, 0x00, 0x00, 0x00, 0x00, 0x00,
    0x00, 0x00, 0x00, 0x00, 0x00, 0x00, 0x00, 0x00, 0x00, 0x00, 0x00, 0x00,
    0x00, 0x00, 0x00, 0x00, 0x00, 0x00, 0x00, 0x00, 0x00, 0x00, 0x00, 0x00,
    0x00, 0x00, 0x00, 0x00, 0x00, 0x00, 0x00, 0x00, 0x00, 0x00, 0x00, 0x00,
    0x00, 0x00, 0x00, 0x00, 0x00, 0x00, 0x00, 0x00, 0x00, 0x00, 0x00, 0x00,
    0x00, 0x00, 0x00, 0x00, 0x00, 0x00, 0x00, 0x00, 0x00, 0x00, 0x00, 0x00,
    0x00, 0x00, 0x00, 0x00, 0x00, 0x00, 0x00, 0x00, 0x00, 0x00, 0x00, 0x00,
    0x00, 0x00, 0x00, 0x00, 0x00, 0x00, 0x00, 0x00, 0x00, 0x00, 0x00, 0x00,
    0x00, 0x00, 0x00, 0x00, 0x00, 0x00, 0x00, 0x00, 0x00, 0x00, 0x00, 0x00,
    0x00, 0x7b, 0xbd, 0x82, 0x9a, 0x9a, 0x98, 0x98, 0x78, 0x97, 0x9d, 0x76,
    0x91, 0xa5, 0x94, 0xc5, 0x8c, 0x8b, 0x93, 0x9f, 0x9f, 0x8b, 0x9f, 0x9f,
    0x9f, 0x8c, 0xc5, 0x8e, 0xc5, 0xa4, 0x8c, 0xa4, 0xc5, 0xc5, 0xc5, 0xc5,
    0x8c, 0x9f, 0x8c, 0x8b, 0x93, 0x66, 0x67, 0x65, 0x64, 0x65, 0xc9, 0xc9,
    0xca, 0xcc, 0x57, 0x49, 0x49, 0x4e, 0x58, 0xc5, 0xc5, 0x58, 0x18, 0x2a,
    0x43, 0x43, 0x05, 0x00, 0x00, 0x00, 0x00, 0x00, 0x00, 0x00, 0x00, 0x00,
    0x00, 0x00, 0x00, 0x00, 0x00, 0x00, 0x00, 0x00, 0x00, 0x00, 0x00, 0x00,
    0x00, 0x00, 0x00, 0x00, 0x00, 0x00, 0x00, 0x00, 0x00, 0x00, 0x00, 0x00,
    0x00, 0x00, 0x00, 0x00, 0x00, 0x00, 0x00, 0x00, 0x00, 0x00, 0x00, 0x00,
    0x00, 0x00, 0x00, 0x00, 0x00, 0x00, 0x00, 0x00, 0x00, 0x00, 0x00, 0x00,
    0x00, 0x00, 0x00, 0x00, 0x00, 0x00, 0x00, 0x00, 0x00, 0x00, 0x00, 0x00,
    0x00, 0x00, 0x00, 0x00, 0x00, 0x00, 0x00, 0x00, 0x00, 0x00, 0x00, 0x00,
    0x00, 0x00, 0x00, 0x00, 0x00, 0x00, 0x00, 0x00, 0x00, 0x00, 0x00, 0x00,
    0x00, 0x00, 0x00, 0x00, 0x00, 0x00, 0x00, 0x00, 0x00, 0x00, 0x00, 0x00,
    0x00, 0x00, 0x00, 0x00, 0x00, 0x00, 0x00, 0x00, 0x00, 0x00, 0x00, 0x00,
    0x00, 0x00, 0x00, 0x00, 0x00, 0x00, 0x00, 0x00, 0x00, 0x00, 0x00, 0x00,
    0x00, 0x00, 0x00, 0x00, 0x00, 0x00, 0x00, 0x00, 0x00, 0x00, 0x00, 0x00,
    0x00, 0x00, 0x00, 0x00, 0x00, 0x00, 0x00, 0x00, 0x00, 0x00, 0x00, 0x00,
    0x00, 0x00, 0x00, 0x00, 0x00, 0x00, 0x00, 0x00, 0x00, 0x00, 0x00, 0x00,
    0x00, 0x00, 0x00, 0x00, 0x00, 0x00, 0x00, 0x00, 0x00, 0x00, 0x00, 0x00,
    0x00, 0x00, 0x00, 0x00, 0x00, 0x00, 0x00, 0x00, 0x00, 0x00, 0x00, 0x00,
    0x00, 0x00, 0x00, 0x00, 0x00, 0x00, 0x00, 0x00, 0x00, 0x00, 0x00, 0x00,
    0x00, 0x00, 0x00, 0x00, 0x00, 0x00, 0x00, 0x00, 0x00, 0x00, 0x00, 0x00,
    0x00, 0x00, 0x00, 0x00, 0x00, 0x00, 0x00, 0x00, 0x00, 0x00, 0x00, 0x00,
    0x00, 0x00, 0x00, 0x00, 0x00, 0x00, 0x00, 0x00, 0x00, 0x00, 0x00, 0x00,
    0x00, 0x00, 0x7a, 0x99, 0x98, 0x98, 0x98, 0x78, 0x9d, 0x9d, 0x76, 0x76,
    0xa0, 0xc5, 0x8c, 0x8b, 0x8b, 0x8b, 0x9f, 0x8e, 0x9f, 0x9f, 0x8e, 0x8e,
    0xc5, 0xc5, 0x8f, 0x94, 0xb5, 0xb8, 0x8e, 0xb8, 0xb8, 0x8f, 0x8f, 0x8f,
    0x8e, 0xc5, 0xa4, 0x8c, 0x8b, 0x8b, 0x93, 0x65, 0x66, 0x67, 0x64, 0xc9,
    0xc9, 0xca, 0xca, 0xcb, 0x0f, 0x18, 0x49, 0x8e, 0x56, 0x58, 0x49, 0x2a,
    0x3c, 0x5b, 0x01, 0x00, 0x00, 0x00, 0x00, 0x00, 0x00, 0x00, 0x00, 0x00,
    0x00, 0x00, 0x00, 0x00, 0x00, 0x00, 0x00, 0x00, 0x00, 0x00, 0x00, 0x00,
    0x00, 0x00, 0x00, 0x00, 0x00, 0x00, 0x00, 0x00, 0x00, 0x00, 0x00, 0x00,
    0x00, 0x00, 0x00, 0x00, 0x00, 0x00, 0x00, 0x00, 0x00, 0x00, 0x00, 0x00,
    0x00, 0x00, 0x00, 0x00, 0x00, 0x00, 0x00, 0x00, 0x00, 0x00, 0x00, 0x00,
    0x00, 0x00, 0x00, 0x00, 0x00, 0x00, 0x00, 0x00, 0x00, 0x00, 0x00, 0x00,
    0x00, 0x00, 0x00, 0x00, 0x00, 0x00, 0x00, 0x00, 0x00, 0x00, 0x00, 0x00,
    0x00, 0x00, 0x00, 0x00, 0x00, 0x00, 0x00, 0x00, 0x00, 0x00, 0x00, 0x00,
    0x00, 0x00, 0x00, 0x00, 0x00, 0x00, 0x00, 0x00, 0x00, 0x00, 0x00, 0x00,
    0x00, 0x00, 0x00, 0x00, 0x00, 0x00, 0x00, 0x00, 0x00, 0x00, 0x00, 0x00,
    0x00, 0x00, 0x00, 0x00, 0x00, 0x00, 0x00, 0x00, 0x00, 0x00, 0x00, 0x00,
    0x00, 0x00, 0x00, 0x00, 0x00, 0x00, 0x00, 0x00, 0x00, 0x00, 0x00, 0x00,
    0x00, 0x00, 0x00, 0x00, 0x00, 0x00, 0x00, 0x00, 0x00, 0x00, 0x00, 0x00,
    0x00, 0x00, 0x00, 0x00, 0x00, 0x00, 0x00, 0x00, 0x00, 0x00, 0x00, 0x00,
    0x00, 0x00, 0x00, 0x00, 0x00, 0x00, 0x00, 0x00, 0x00, 0x00, 0x00, 0x00,
    0x00, 0x00, 0x00, 0x00, 0x00, 0x00, 0x00, 0x00, 0x00, 0x00, 0x00, 0x00,
    0x00, 0x00, 0x00, 0x00, 0x00, 0x00, 0x00, 0x00, 0x00, 0x00, 0x00, 0x00,
    0x00, 0x00, 0x00, 0x00, 0x00, 0x00, 0x00, 0x00, 0x00, 0x00, 0x00, 0x00,
    0x00, 0x00, 0x00, 0x00, 0x00, 0x00, 0x00, 0x00, 0x00, 0x00, 0x00, 0x00,
    0x00, 0x00, 0x00, 0x00, 0x00, 0x00, 0x00, 0x00, 0x00, 0x00, 0x00, 0x00,
    0x00, 0x00, 0x71, 0x9a, 0x98, 0x98, 0x98, 0x97, 0x76, 0x76, 0x76, 0x94,
    0xb8, 0xc5, 0x9f, 0x93, 0x8c, 0x9f, 0x8f, 0x8f, 0x8c, 0x8e, 0x90, 0xa0,
    0xb5, 0x94, 0x94, 0xa0, 0xa0, 0xb5, 0xb5, 0x94, 0xb5, 0x94, 0x94, 0x94,
    0x94, 0x94, 0x8e, 0xa4, 0x9f, 0x8c, 0x8c, 0x93, 0x9c, 0x9b, 0x67, 0x64,
    0xc9, 0xc9, 0xcc, 0xcb, 0xcc, 0xc3, 0x17, 0x18, 0x4e, 0x56, 0x56, 0x17,
    0x3c, 0xcf, 0x00, 0x00, 0x00, 0x00, 0x00, 0x00, 0x00, 0x00, 0x00, 0x00,
    0x00, 0x00, 0x00, 0x00, 0x00, 0x00, 0x00, 0x00, 0x00, 0x00, 0x00, 0x00,
    0x00, 0x00, 0x00, 0x00, 0x00, 0x00, 0x00, 0x00, 0x00, 0x00, 0x00, 0x00,
    0x00, 0x00, 0x00, 0x00, 0x00, 0x00, 0x00, 0x00, 0x00, 0x00, 0x00, 0x00,
    0x00, 0x00, 0x00, 0x00, 0x00, 0x00, 0x00, 0x00, 0x00, 0x00, 0x00, 0x00,
    0x00, 0x00, 0x00, 0x00, 0x00, 0x00, 0x00, 0x00, 0x00, 0x00, 0x00, 0x00,
    0x00, 0x00, 0x00, 0x00, 0x00, 0x00, 0x00, 0x00, 0x00, 0x00, 0x00, 0x00,
    0x00, 0x00, 0x00, 0x00, 0x00, 0x00, 0x00, 0x00, 0x00, 0x00, 0x00, 0x00,
    0x00, 0x00, 0x00, 0x00, 0x00, 0x00, 0x00, 0x00, 0x00, 0x00, 0x00, 0x00,
    0x00, 0x00, 0x00, 0x00, 0x00, 0x00, 0x00, 0x00, 0x00, 0x00, 0x00, 0x00,
    0x00, 0x00, 0x00, 0x00, 0x00, 0x00, 0x00, 0x00, 0x00, 0x00, 0x00, 0x00,
    0x00, 0x00, 0x00, 0x00, 0x00, 0x00, 0x00, 0x00, 0x00, 0x00, 0x00, 0x00,
    0x00, 0x00, 0x00, 0x00, 0x00, 0x00, 0x00, 0x00, 0x00, 0x00, 0x00, 0x00,
    0x00, 0x00, 0x00, 0x00, 0x00, 0x00, 0x00, 0x00, 0x00, 0x00, 0x00, 0x00,
    0x00, 0x00, 0x00, 0x00, 0x00, 0x00, 0x00, 0x00, 0x00, 0x00, 0x00, 0x00,
    0x00, 0x00, 0x00, 0x00, 0x00, 0x00, 0x00, 0x00, 0x00, 0x00, 0x00, 0x00,
    0x00, 0x00, 0x00, 0x00, 0x00, 0x00, 0x00, 0x00, 0x00, 0x00, 0x00, 0x00,
    0x00, 0x00, 0x00, 0x00, 0x00, 0x00, 0x00, 0x00, 0x00, 0x00, 0x00, 0x00,
    0x00, 0x00, 0x00, 0x00, 0x00, 0x00, 0x00, 0x00, 0x00, 0x00, 0x00, 0x00,
    0x00, 0x00, 0x00, 0x00, 0x00, 0x00, 0x00, 0x00, 0x00, 0x00, 0x00, 0x00,
    0x00, 0x00, 0x71, 0x9a, 0x98, 0x78, 0x78, 0x9d, 0x76, 0xa5, 0xb5, 0xc5,
    0x8f, 0x8f, 0x8d, 0x8b, 0x8e, 0x8e, 0x94, 0x94, 0xc5, 0x8f, 0xa5, 0xa5,
    0xa0, 0xa0, 0xc2, 0xa5, 0xa5, 0x94, 0x94, 0xa0, 0x94, 0xa0, 0xa0, 0x94,
    0x94, 0xa0, 0x94, 0xb8, 0xb8, 0xa4, 0x8c, 0x8c, 0x8b, 0x9c, 0x69, 0x67,
    0x66, 0xc9, 0xca, 0xc3, 0xce, 0xc3, 0xc3, 0x29, 0x17, 0x49, 0x4e, 0x11,
    0x3c, 0xcf, 0x00, 0x00, 0x00, 0x00, 0x00, 0x00, 0x00, 0x00, 0x00, 0x00,
    0x00, 0x00, 0x00, 0x00, 0x00, 0x00, 0x00, 0x00, 0x00, 0x00, 0x00, 0x00,
    0x00, 0x00, 0x00, 0x00, 0x00, 0x00, 0x00, 0x00, 0x00, 0x00, 0x00, 0x00,
    0x00, 0x00, 0x00, 0x00, 0x00, 0x00, 0x00, 0x00, 0x00, 0x00, 0x00, 0x00,
    0x00, 0x00, 0x00, 0x00, 0x00, 0x00, 0x00, 0x00, 0x00, 0x00, 0x00, 0x00,
    0x00, 0x00, 0x00, 0x00, 0x00, 0x00, 0x00, 0x00, 0x00, 0x00, 0x00, 0x00,
    0x00, 0x00, 0x00, 0x00, 0x00, 0x00, 0x00, 0x00, 0x00, 0x00, 0x00, 0x00,
    0x00, 0x00, 0x00, 0x00, 0x00, 0x00, 0x00, 0x00, 0x00, 0x00, 0x00, 0x00,
    0x00, 0x00, 0x00, 0x00, 0x00, 0x00, 0x00, 0x00, 0x00, 0x00, 0x00, 0x00,
    0x00, 0x00, 0x00, 0x00, 0x00, 0x00, 0x00, 0x00, 0x00, 0x00, 0x00, 0x00,
    0x00, 0x00, 0x00, 0x00, 0x00, 0x00, 0x00, 0x00, 0x00, 0x00, 0x00, 0x00,
    0x00, 0x00, 0x00, 0x00, 0x00, 0x00, 0x00, 0x00, 0x00, 0x00, 0x00, 0x00,
    0x00, 0x00, 0x00, 0x00, 0x00, 0x00, 0x00, 0x00, 0x00, 0x00, 0x00, 0x00,
    0x00, 0x00, 0x00, 0x00, 0x00, 0x00, 0x00, 0x00, 0x00, 0x00, 0x00, 0x00,
    0x00, 0x00, 0x00, 0x00, 0x00, 0x00, 0x00, 0x00, 0x00, 0x00, 0x00, 0x00,
    0x00, 0x00, 0x00, 0x00, 0x00, 0x00, 0x00, 0x00, 0x00, 0x00, 0x00, 0x00,
    0x00, 0x00, 0x00, 0x00, 0x00, 0x00, 0x00, 0x00, 0x00, 0x00, 0x00, 0x00,
    0x00, 0x00, 0x00, 0x00, 0x00, 0x00, 0x00, 0x00, 0x00, 0x00, 0x00, 0x00,
    0x00, 0x00, 0x00, 0x00, 0x00, 0x00, 0x00, 0x00, 0x00, 0x00, 0x00, 0x00,
    0x00, 0x00, 0x00, 0x00, 0x00, 0x00, 0x00, 0x00, 0x00, 0x00, 0x00, 0x00,
    0x00, 0x00, 0x71, 0x9a, 0x98, 0x78, 0x9d, 0x96, 0xa0, 0xb5, 0x8f, 0x94,
    0x94, 0x8f, 0xc5, 0xc5, 0x8f, 0x8f, 0x95, 0x95, 0x94, 0x94, 0xa5, 0x95,
    0xa5, 0xa5, 0x95, 0x96, 0x95, 0xa5, 0xa5, 0xa5, 0xa0, 0xa5, 0xa5, 0xc2,
    0xa0, 0xa0, 0xbf, 0xa0, 0x94, 0xc5, 0xc5, 0xa4, 0x8c, 0x9c, 0x9c, 0x9b,
    0x66, 0xc9, 0xc9, 0xca, 0x32, 0x32, 0xce, 0xc3, 0x32, 0x1c, 0x18, 0x11,
    0x48, 0x36, 0x00, 0x00, 0x00, 0x00, 0x00, 0x00, 0x00, 0x00, 0x00, 0x00,
    0x00, 0x00, 0x00, 0x00, 0x00, 0x00, 0x00, 0x00, 0x00, 0x00, 0x00, 0x00,
    0x00, 0x00, 0x00, 0x00, 0x00, 0x00, 0x00, 0x00, 0x00, 0x00, 0x00, 0x00,
    0x00, 0x00, 0x00, 0x00, 0x00, 0x00, 0x00, 0x00, 0x00, 0x00, 0x00, 0x00,
    0x00, 0x00, 0x00, 0x00, 0x00, 0x00, 0x00, 0x00, 0x00, 0x00, 0x00, 0x00,
    0x00, 0x00, 0x00, 0x00, 0x00, 0x00, 0x00, 0x00, 0x00, 0x00, 0x00, 0x00,
    0x00, 0x00, 0x00, 0x00, 0x00, 0x00, 0x00, 0x00, 0x00, 0x00, 0x00, 0x00,
    0x00, 0x00, 0x00, 0x00, 0x00, 0x00, 0x00, 0x00, 0x00, 0x00, 0x00, 0x00,
    0x00, 0x00, 0x00, 0x00, 0x00, 0x00, 0x00, 0x00, 0x00, 0x00, 0x00, 0x00,
    0x00, 0x00, 0x00, 0x00, 0x00, 0x00, 0x00, 0x00, 0x00, 0x00, 0x00, 0x00,
    0x00, 0x00, 0x00, 0x00, 0x00, 0x00, 0x00, 0x00, 0x00, 0x00, 0x00, 0x00,
    0x00, 0x00, 0x00, 0x00, 0x00, 0x00, 0x00, 0x00, 0x00, 0x00, 0x00, 0x00,
    0x00, 0x00, 0x00, 0x00, 0x00, 0x00, 0x00, 0x00, 0x00, 0x00, 0x00, 0x00,
    0x00, 0x00, 0x00, 0x00, 0x00, 0x00, 0x00, 0x00, 0x00, 0x00, 0x00, 0x00,
    0x00, 0x00, 0x00, 0x00, 0x00, 0x00, 0x00, 0x00, 0x00, 0x00, 0x00, 0x00,
    0x00, 0x00, 0x00, 0x00, 0x00, 0x00, 0x00, 0x00, 0x00, 0x00, 0x00, 0x00,
    0x00, 0x00, 0x00, 0x00, 0x00, 0x00, 0x00, 0x00, 0x00, 0x00, 0x00, 0x00,
    0x00, 0x00, 0x00, 0x00, 0x00, 0x00, 0x00, 0x00, 0x00, 0x00, 0x00, 0x00,
    0x00, 0x00, 0x00, 0x00, 0x00, 0x00, 0x00, 0x00, 0x00, 0x00, 0x00, 0x00,
    0x00, 0x00, 0x00, 0x00, 0x00, 0x00, 0x00, 0x00, 0x00, 0x00, 0x00, 0x00,
    0x00, 0x00, 0x71, 0x9a, 0x78, 0x97, 0x96, 0x94, 0xc5, 0x90, 0xa5, 0xa5,
    0xa5, 0x94, 0xc5, 0x8f, 0x94, 0x94, 0x95, 0x96, 0x95, 0x9e, 0x96, 0x96,
    0x9d, 0x96, 0x9d, 0x9e, 0x96, 0x95, 0x96, 0xa5, 0xa5, 0x95, 0xa5, 0x76,
    0x76, 0x75, 0x75, 0xc2, 0xa0, 0x94, 0xb8, 0xc5, 0xa4, 0xa3, 0xaf, 0x9c,
    0x9c, 0x64, 0xc9, 0xca, 0xcb, 0x32, 0x32, 0x32, 0xc3, 0xc3, 0x17, 0x18,
    0x2a, 0x5b, 0x00, 0x00, 0x00, 0x00, 0x00, 0x00, 0x00, 0x00, 0x00, 0x00,
    0x00, 0x00, 0x00, 0x00, 0x00, 0x00, 0x00, 0x00, 0x00, 0x00, 0x00, 0x00,
    0x00, 0x00, 0x00, 0x00, 0x00, 0x00, 0x00, 0x00, 0x00, 0x00, 0x00, 0x00,
    0x00, 0x00, 0x00, 0x00, 0x00, 0x00, 0x00, 0x00, 0x00, 0x00, 0x00, 0x00,
    0x00, 0x00, 0x00, 0x00, 0x00, 0x00, 0x00, 0x00, 0x00, 0x00, 0x00, 0x00,
    0x00, 0x00, 0x00, 0x00, 0x00, 0x00, 0x00, 0x00, 0x00, 0x00, 0x00, 0x00,
    0x00, 0x00, 0x00, 0x00, 0x00, 0x00, 0x00, 0x00, 0x00, 0x00, 0x00, 0x00,
    0x00, 0x00, 0x00, 0x00, 0x00, 0x00, 0x00, 0x00, 0x00, 0x00, 0x00, 0x00,
    0x00, 0x00, 0x00, 0x00, 0x00, 0x00, 0x00, 0x00, 0x00, 0x00, 0x00, 0x00,
    0x00, 0x00, 0x00, 0x00, 0x00, 0x00, 0x00, 0x00, 0x00, 0x00, 0x00, 0x00,
    0x00, 0x00, 0x00, 0x00, 0x00, 0x00, 0x00, 0x00, 0x00, 0x00, 0x00, 0x00,
    0x00, 0x00, 0x00, 0x00, 0x00, 0x00, 0x00, 0x00, 0x00, 0x00, 0x00, 0x00,
    0x00, 0x00, 0x00, 0x00, 0x00, 0x00, 0x00, 0x00, 0x00, 0x00, 0x00, 0x00,
    0x00, 0x00, 0x00, 0x00, 0x00, 0x00, 0x00, 0x00, 0x00, 0x00, 0x00, 0x00,
    0x00, 0x00, 0x00, 0x00, 0x00, 0x00, 0x00, 0x00, 0x00, 0x00, 0x00, 0x00,
    0x00, 0x00, 0x00, 0x00, 0x00, 0x00, 0x00, 0x00, 0x00, 0x00, 0x00, 0x00,
    0x00, 0x00, 0x00, 0x00, 0x00, 0x00, 0x00, 0x00, 0x00, 0x00, 0x00, 0x00,
    0x00, 0x00, 0x00, 0x00, 0x00, 0x00, 0x00, 0x00, 0x00, 0x00, 0x00, 0x00,
    0x00, 0x00, 0x00, 0x00, 0x00, 0x00, 0x00, 0x00, 0x00, 0x00, 0x00, 0x00,
    0x00, 0x00, 0x00, 0x00, 0x00, 0x00, 0x00, 0x00, 0x00, 0x00, 0x00, 0x00,
    0x00, 0x00, 0x71, 0x9a, 0x78, 0x9d, 0xa0, 0xc5, 0x94, 0xa5, 0x95, 0xa5,
    0xa5, 0x94, 0x8f, 0x94, 0xa0, 0x95, 0x95, 0x97, 0x9e, 0x99, 0x99, 0x96,
    0x99, 0x9e, 0x82, 0x99, 0x9e, 0x9d, 0x96, 0x96, 0xa5, 0x97, 0x9d, 0x76,
    0x76, 0xc2, 0xa5, 0xa5, 0x91, 0x75, 0xbf, 0xaa, 0xb8, 0xc5, 0x8c, 0xa3,
    0x93, 0x67, 0xc9, 0xca, 0xcc, 0xc3, 0x32, 0x32, 0x32, 0xce, 0xc3, 0x32,
    0x2a, 0x5b, 0x01, 0x00, 0x00, 0x00, 0x00, 0x00, 0x00, 0x00, 0x00, 0x00,
    0x00, 0x00, 0x00, 0x00, 0x00, 0x00, 0x00, 0x00, 0x00, 0x00, 0x00, 0x00,
    0x00, 0x00, 0x00, 0x00, 0x00, 0x00, 0x00, 0x00, 0x00, 0x00, 0x00, 0x00,
    0x00, 0x00, 0x00, 0x00, 0x00, 0x00, 0x00, 0x00, 0x00, 0x00, 0x00, 0x00,
    0x00, 0x00, 0x00, 0x00, 0x00, 0x00, 0x00, 0x00, 0x00, 0x00, 0x00, 0x00,
    0x00, 0x00, 0x00, 0x00, 0x00, 0x00, 0x00, 0x00, 0x00, 0x00, 0x00, 0x00,
    0x00, 0x00, 0x00, 0x00, 0x00, 0x00, 0x00, 0x00, 0x00, 0x00, 0x00, 0x00,
    0x00, 0x00, 0x00, 0x00, 0x00, 0x00, 0x00, 0x00, 0x00, 0x00, 0x00, 0x00,
    0x00, 0x00, 0x00, 0x00, 0x00, 0x00, 0x00, 0x00, 0x00, 0x00, 0x00, 0x00,
    0x00, 0x00, 0x00, 0x00, 0x00, 0x00, 0x00, 0x00, 0x00, 0x00, 0x00, 0x00,
    0x00, 0x00, 0x00, 0x00, 0x00, 0x00, 0x00, 0x00, 0x00, 0x00, 0x00, 0x00,
    0x00, 0x00, 0x00, 0x00, 0x00, 0x00, 0x00, 0x00, 0x00, 0x00, 0x00, 0x00,
    0x00, 0x00, 0x00, 0x00, 0x00, 0x00, 0x00, 0x00, 0x00, 0x00, 0x00, 0x00,
    0x00, 0x00, 0x00, 0x00, 0x00, 0x00, 0x00, 0x00, 0x00, 0x00, 0x00, 0x00,
    0x00, 0x00, 0x00, 0x00, 0x00, 0x00, 0x00, 0x00, 0x00, 0x00, 0x00, 0x00,
    0x00, 0x00, 0x00, 0x00, 0x00, 0x00, 0x00, 0x00, 0x00, 0x00, 0x00, 0x00,
    0x00, 0x00, 0x00, 0x00, 0x00, 0x00, 0x00, 0x00, 0x00, 0x00, 0x00, 0x00,
    0x00, 0x00, 0x00, 0x00, 0x00, 0x00, 0x00, 0x00, 0x00, 0x00, 0x00, 0x00,
    0x00, 0x00, 0x00, 0x00, 0x00, 0x00, 0x00, 0x00, 0x00, 0x00, 0x00, 0x00,
    0x00, 0x00, 0x00, 0x00, 0x00, 0x00, 0x00, 0x00, 0x00, 0x00, 0x00, 0x00,
    0x00, 0x00, 0x7b, 0x82, 0x82, 0xa5, 0xb8, 0x94, 0x95, 0x95, 0x96, 0x96,
    0xc2, 0xa0, 0x94, 0xc2, 0xa5, 0x9d, 0x97, 0x82, 0x81, 0xc0, 0xc0, 0x81,
    0x80, 0xc0, 0x81, 0xc0, 0x81, 0x9e, 0x9d, 0x9d, 0x95, 0x82, 0x97, 0x96,
    0x76, 0x75, 0x76, 0x96, 0x76, 0xa5, 0xc2, 0xa0, 0xb5, 0xaa, 0xc5, 0x8c,
    0xaf, 0x67, 0x64, 0x61, 0xcd, 0xcd, 0x09, 0x32, 0x32, 0x47, 0x32, 0xc3,
    0x29, 0x5b, 0x12, 0x00, 0x00, 0x00, 0x00, 0x00, 0x00, 0x00, 0x00, 0x00,
    0x00, 0x00, 0x00, 0x00, 0x00, 0x00, 0x00, 0x00, 0x00, 0x00, 0x00, 0x00,
    0x00, 0x00, 0x00, 0x00, 0x00, 0x00, 0x00, 0x00, 0x00, 0x00, 0x00, 0x00,
    0x00, 0x00, 0x00, 0x00, 0x00, 0x00, 0x00, 0x00, 0x00, 0x00, 0x00, 0x00,
    0x00, 0x00, 0x00, 0x00, 0x00, 0x00, 0x00, 0x00, 0x00, 0x00, 0x00, 0x00,
    0x00, 0x00, 0x00, 0x00, 0x00, 0x00, 0x00, 0x00, 0x00, 0x00, 0x00, 0x00,
    0x00, 0x00, 0x00, 0x00, 0x00, 0x00, 0x00, 0x00, 0x00, 0x00, 0x00, 0x00,
    0x00, 0x00, 0x00, 0x00, 0x00, 0x00, 0x00, 0x00, 0x00, 0x00, 0x00, 0x00,
    0x00, 0x00, 0x00, 0x00, 0x00, 0x00, 0x00, 0x00, 0x00, 0x00, 0x00, 0x00,
    0x00, 0x00, 0x00, 0x00, 0x00, 0x00, 0x00, 0x00, 0x00, 0x00, 0x00, 0x00,
    0x00, 0x00, 0x00, 0x00, 0x00, 0x00, 0x00, 0x00, 0x00, 0x00, 0x00, 0x00,
    0x00, 0x00, 0x00, 0x00, 0x00, 0x00, 0x00, 0x00, 0x00, 0x00, 0x00, 0x00,
    0x00, 0x00, 0x00, 0x00, 0x00, 0x00, 0x00, 0x00, 0x00, 0x00, 0x00, 0x00,
    0x00, 0x00, 0x00, 0x00, 0x00, 0x00, 0x00, 0x00, 0x00, 0x00, 0x00, 0x00,
    0x00, 0x00, 0x00, 0x00, 0x00, 0x00, 0x00, 0x00, 0x00, 0x00, 0x00, 0x00,
    0x00, 0x00, 0x00, 0x00, 0x00, 0x00, 0x00, 0x00, 0x00, 0x00, 0x00, 0x00,
    0x00, 0x00, 0x00, 0x00, 0x00, 0x00, 0x00, 0x00, 0x00, 0x00, 0x00, 0x00,
    0x00, 0x00, 0x00, 0x00, 0x00, 0x00, 0x00, 0x00, 0x00, 0x00, 0x00, 0x00,
    0x00, 0x00, 0x00, 0x00, 0x00, 0x00, 0x00, 0x00, 0x00, 0x00, 0x00, 0x00,
    0x00, 0x00, 0x00, 0x00, 0x00, 0x00, 0x00, 0x00, 0x00, 0x00, 0x00, 0x00,
    0x00, 0x00, 0x7b, 0x99, 0x95, 0x94, 0x94, 0xa0, 0x95, 0x9d, 0x9d, 0x96,
    0x95, 0xa0, 0x96, 0x95, 0x95, 0x9d, 0x82, 0x81, 0xc0, 0xc0, 0x80, 0x80,
    0xb9, 0xb9, 0xc0, 0x80, 0x80, 0x97, 0x97, 0x82, 0x97, 0x97, 0x97, 0x9d,
    0x96, 0x9d, 0x9d, 0x9d, 0x96, 0x76, 0xa5, 0x75, 0x74, 0xbf, 0xb8, 0xc5,
    0x8c, 0x8b, 0x8b, 0x63, 0x5d, 0x58, 0x4d, 0x0f, 0x32, 0x47, 0x47, 0x32,
    0xce, 0x3c, 0x2f, 0x00, 0x00, 0x00, 0x00, 0x00, 0x00, 0x00, 0x00, 0x00,
    0x00, 0x00, 0x00, 0x00, 0x00, 0x00, 0x00, 0x00, 0x00, 0x00, 0x00, 0x00,
    0x00, 0x00, 0x00, 0x00, 0x00, 0x00, 0x00, 0x00, 0x00, 0x00, 0x00, 0x00,
    0x00, 0x00, 0x00, 0x00, 0x00, 0x00, 0x00, 0x00, 0x00, 0x00, 0x00, 0x00,
    0x00, 0x00, 0x00, 0x00, 0x00, 0x00, 0x00, 0x00, 0x00, 0x00, 0x00, 0x00,
    0x00, 0x00, 0x00, 0x00, 0x00, 0x00, 0x00, 0x00, 0x00, 0x00, 0x00, 0x00,
    0x00, 0x00, 0x00, 0x00, 0x00, 0x00, 0x00, 0x00, 0x00, 0x00, 0x00, 0x00,
    0x00, 0x00, 0x00, 0x00, 0x00, 0x00, 0x00, 0x00, 0x00, 0x00, 0x00, 0x00,
    0x00, 0x00, 0x00, 0x00, 0x00, 0x00, 0x00, 0x00, 0x00, 0x00, 0x00, 0x00,
    0x00, 0x00, 0x00, 0x00, 0x00, 0x00, 0x00, 0x00, 0x00, 0x00, 0x00, 0x00,
    0x00, 0x00, 0x00, 0x00, 0x00, 0x00, 0x00, 0x00, 0x00, 0x00, 0x00, 0x00,
    0x00, 0x00, 0x00, 0x00, 0x00, 0x00, 0x00, 0x00, 0x00, 0x00, 0x00, 0x00,
    0x00, 0x00, 0x00, 0x00, 0x00, 0x00, 0x00, 0x00, 0x00, 0x00, 0x00, 0x00,
    0x00, 0x00, 0x00, 0x00, 0x00, 0x00, 0x00, 0x00, 0x00, 0x00, 0x00, 0x00,
    0x00, 0x00, 0x00, 0x00, 0x00, 0x00, 0x00, 0x00, 0x00, 0x00, 0x00, 0x00,
    0x00, 0x00, 0x00, 0x00, 0x00, 0x00, 0x00, 0x00, 0x00, 0x00, 0x00, 0x00,
    0x00, 0x00, 0x00, 0x00, 0x00, 0x00, 0x00, 0x00, 0x00, 0x00, 0x00, 0x00,
    0x00, 0x00, 0x00, 0x00, 0x00, 0x00, 0x00, 0x00, 0x00, 0x00, 0x00, 0x00,
    0x00, 0x00, 0x00, 0x00, 0x00, 0x00, 0x00, 0x00, 0x00, 0x00, 0x00, 0x00,
    0x00, 0x00, 0x00, 0x00, 0x00, 0x00, 0x00, 0x00, 0x00, 0x00, 0x00, 0x00,
    0x00, 0x00, 0x7b, 0x96, 0xa0, 0x95, 0xa5, 0xa5, 0xa5, 0x9d, 0x9d, 0x9d,
    0x96, 0xa5, 0x96, 0x97, 0x96, 0x82, 0x99, 0xc0, 0xc0, 0x80, 0x80, 0xb9,
    0xb9, 0xb9, 0xb9, 0xb9, 0xb9, 0x81, 0x82, 0x99, 0x9e, 0x97, 0x97, 0x78,
    0x97, 0x97, 0x73, 0x9d, 0x9d, 0x96, 0x76, 0xa5, 0xc2, 0xbf, 0xb5, 0xb8,
    0xa4, 0x8c, 0x8b, 0x8b, 0x8d, 0x58, 0x8d, 0x4d, 0x11, 0x47, 0x32, 0x47,
    0x32, 0x29, 0x2f, 0x00, 0x00, 0x00, 0x00, 0x00, 0x00, 0x00, 0x00, 0x00,
    0x00, 0x00, 0x00, 0x00, 0x00, 0x00, 0x00, 0x00, 0x00, 0x00, 0x00, 0x00,
    0x00, 0x00, 0x00, 0x00, 0x00, 0x00, 0x00, 0x00, 0x00, 0x00, 0x00, 0x00,
    0x00, 0x00, 0x00, 0x00, 0x00, 0x00, 0x00, 0x00, 0x00, 0x00, 0x00, 0x00,
    0x00, 0x00, 0x00, 0x00, 0x00, 0x00, 0x00, 0x00, 0x00, 0x00, 0x00, 0x00,
    0x00, 0x00, 0x00, 0x00, 0x00, 0x00, 0x00, 0x00, 0x00, 0x00, 0x00, 0x00,
    0x00, 0x00, 0x00, 0x00, 0x00, 0x00, 0x00, 0x00, 0x00, 0x00, 0x00, 0x00,
    0x00, 0x00, 0x00, 0x00, 0x00, 0x00, 0x00, 0x00, 0x00, 0x00, 0x00, 0x00,
    0x00, 0x00, 0x00, 0x00, 0x00, 0x00, 0x00, 0x00, 0x00, 0x00, 0x00, 0x00,
    0x00, 0x00, 0x00, 0x00, 0x00, 0x00, 0x00, 0x00, 0x00, 0x00, 0x00, 0x00,
    0x00, 0x00, 0x00, 0x00, 0x00, 0x00, 0x00, 0x00, 0x00, 0x00, 0x00, 0x00,
    0x00, 0x00, 0x00, 0x00, 0x00, 0x00, 0x00, 0x00, 0x00, 0x00, 0x00, 0x00,
    0x00, 0x00, 0x00, 0x00, 0x00, 0x00, 0x00, 0x00, 0x00, 0x00, 0x00, 0x00,
    0x00, 0x00, 0x00, 0x00, 0x00, 0x00, 0x00, 0x00, 0x00, 0x00, 0x00, 0x00,
    0x00, 0x00, 0x00, 0x00, 0x00, 0x00, 0x00, 0x00, 0x00, 0x00, 0x00, 0x00,
    0x00, 0x00, 0x00, 0x00, 0x00, 0x00, 0x00, 0x00, 0x00, 0x00, 0x00, 0x00,
    0x00, 0x00, 0x00, 0x00, 0x00, 0x00, 0x00, 0x00, 0x00, 0x00, 0x00, 0x00,
    0x00, 0x00, 0x00, 0x00, 0x00, 0x00, 0x00, 0x00, 0x00, 0x00, 0x00, 0x00,
    0x00, 0x00, 0x00, 0x00, 0x00, 0x00, 0x00, 0x00, 0x00, 0x00, 0x00, 0x00,
    0x00, 0x00, 0x00, 0x00, 0x00, 0x00, 0x00, 0x00, 0x00, 0x00, 0x00, 0x00,
    0x00, 0x00, 0x7b, 0x95, 0x95, 0x96, 0x95, 0x76, 0x9d, 0x9d, 0x9d, 0x96,
    0x9d, 0xa5, 0x96, 0x96, 0x82, 0x78, 0x81, 0xa1, 0xa1, 0x7f, 0xc0, 0xc0,
    0xc0, 0x80, 0x80, 0xb9, 0x80, 0x80, 0xc0, 0x99, 0x9d, 0x82, 0x82, 0x97,
    0x78, 0x97, 0x9d, 0x77, 0x76, 0x76, 0x91, 0xa5, 0xc2, 0xbf, 0xb5, 0xb8,
    0xc5, 0x8c, 0x8b, 0x8c, 0x9f, 0xc5, 0x58, 0x56, 0x09, 0x0f, 0x32, 0x47,
    0x47, 0x32, 0x03, 0x00, 0x00, 0x00, 0x00, 0x00, 0x00, 0x00, 0x00, 0x00,
    0x00, 0x00, 0x00, 0x00, 0x00, 0x00, 0x00, 0x00, 0x00, 0x00, 0x00, 0x00,
    0x00, 0x00, 0x00, 0x00, 0x00, 0x00, 0x00, 0x00, 0x00, 0x00, 0x00, 0x00,
    0x00, 0x00, 0x00, 0x00, 0x00, 0x00, 0x00, 0x00, 0x00, 0x00, 0x00, 0x00,
    0x00, 0x00, 0x00, 0x00, 0x00, 0x00, 0x00, 0x00, 0x00, 0x00, 0x00, 0x00,
    0x00, 0x00, 0x00, 0x00, 0x00, 0x00, 0x00, 0x00, 0x00, 0x00, 0x00, 0x00,
    0x00, 0x00, 0x00, 0x00, 0x00, 0x00, 0x00, 0x00, 0x00, 0x00, 0x00, 0x00,
    0x00, 0x00, 0x00, 0x00, 0x00, 0x00, 0x00, 0x00, 0x00, 0x00, 0x00, 0x00,
    0x00, 0x00, 0x00, 0x00, 0x00, 0x00, 0x00, 0x00, 0x00, 0x00, 0x00, 0x00,
    0x00, 0x00, 0x00, 0x00, 0x00, 0x00, 0x00, 0x00, 0x00, 0x00, 0x00, 0x00,
    0x00, 0x00, 0x00, 0x00, 0x00, 0x00, 0x00, 0x00, 0x00, 0x00, 0x00, 0x00,
    0x00, 0x00, 0x00, 0x00, 0x00, 0x00, 0x00, 0x00, 0x00, 0x00, 0x00, 0x00,
    0x00, 0x00, 0x00, 0x00, 0x00, 0x00, 0x00, 0x00, 0x00, 0x00, 0x00, 0x00,
    0x00, 0x00, 0x00, 0x00, 0x00, 0x00, 0x00, 0x00, 0x00, 0x00, 0x00, 0x00,
    0x00, 0x00, 0x00, 0x00, 0x00, 0x00, 0x00, 0x00, 0x00, 0x00, 0x00, 0x00,
    0x00, 0x00, 0x00, 0x00, 0x00, 0x00, 0x00, 0x00, 0x00, 0x00, 0x00, 0x00,
    0x00, 0x00, 0x00, 0x00, 0x00, 0x00, 0x00, 0x00, 0x00, 0x00, 0x00, 0x00,
    0x00, 0x00, 0x00, 0x00, 0x00, 0x00, 0x00, 0x00, 0x00, 0x00, 0x00, 0x00,
    0x00, 0x00, 0x00, 0x00, 0x00, 0x00, 0x00, 0x00, 0x00, 0x00, 0x00, 0x00,
    0x00, 0x00, 0x00, 0x00, 0x00, 0x00, 0x00, 0x00, 0x00, 0x00, 0x00, 0x00,
    0x00, 0x00, 0x7a, 0x95, 0x95, 0x9d, 0x9d, 0x9d, 0x97, 0x82, 0x98, 0x97,
    0x9d, 0x9d, 0x97, 0x96, 0x78, 0x99, 0x99, 0x81, 0x7c, 0x7c, 0x99, 0x99,
    0x99, 0x81, 0x83, 0xc0, 0xc0, 0xc0, 0x81, 0x97, 0x76, 0x97, 0x97, 0x97,
    0x97, 0x9d, 0x77, 0x76, 0x91, 0x7e, 0x7e, 0x75, 0xa0, 0xbf, 0xb5, 0xb8,
    0xc5, 0xa4, 0x8c, 0x8c, 0x8c, 0xc5, 0x8e, 0x8e, 0x4e, 0x09, 0x32, 0x47,
    0x47, 0x47, 0x32, 0x02, 0x00, 0x00, 0x00, 0x00, 0x00, 0x00, 0x00, 0x00,
    0x00, 0x00, 0x00, 0x00, 0x00, 0x00, 0x00, 0x00, 0x00, 0x00, 0x00, 0x00,
    0x00, 0x00, 0x00, 0x00, 0x00, 0x00, 0x00, 0x00, 0x00, 0x00, 0x00, 0x00,
    0x00, 0x00, 0x00, 0x00, 0x00, 0x00, 0x00, 0x00, 0x00, 0x00, 0x00, 0x00,
    0x00, 0x00, 0x00, 0x00, 0x00, 0x00, 0x00, 0x00, 0x00, 0x00, 0x00, 0x00,
    0x00, 0x00, 0x00, 0x00, 0x00, 0x00, 0x00, 0x00, 0x00, 0x00, 0x00, 0x00,
    0x00, 0x00, 0x00, 0x00, 0x00, 0x00, 0x00, 0x00, 0x00, 0x00, 0x00, 0x00,
    0x00, 0x00, 0x00, 0x00, 0x00, 0x00, 0x00, 0x00, 0x00, 0x00, 0x00, 0x00,
    0x00, 0x00, 0x00, 0x00, 0x00, 0x00, 0x00, 0x00, 0x00, 0x00, 0x00, 0x00,
    0x00, 0x00, 0x00, 0x00, 0x00, 0x00, 0x00, 0x00, 0x00, 0x00, 0x00, 0x00,
    0x00, 0x00, 0x00, 0x00, 0x00, 0x00, 0x00, 0x00, 0x00, 0x00, 0x00, 0x00,
    0x00, 0x00, 0x00, 0x00, 0x00, 0x00, 0x00, 0x00, 0x00, 0x00, 0x00, 0x00,
    0x00, 0x00, 0x00, 0x00, 0x00, 0x00, 0x00, 0x00, 0x00, 0x00, 0x00, 0x00,
    0x00, 0x00, 0x00, 0x00, 0x00, 0x00, 0x00, 0x00, 0x00, 0x00, 0x00, 0x00,
    0x00, 0x00, 0x00, 0x00, 0x00, 0x00, 0x00, 0x00, 0x00, 0x00, 0x00, 0x00,
    0x00, 0x00, 0x00, 0x00, 0x00, 0x00, 0x00, 0x00, 0x00, 0x00, 0x00, 0x00,
    0x00, 0x00, 0x00, 0x00, 0x00, 0x00, 0x00, 0x00, 0x00, 0x00, 0x00, 0x00,
    0x00, 0x00, 0x00, 0x00, 0x00, 0x00, 0x00, 0x00, 0x00, 0x00, 0x00, 0x00,
    0x00, 0x00, 0x00, 0x00, 0x00, 0x00, 0x00, 0x00, 0x00, 0x00, 0x00, 0x00,
    0x00, 0x00, 0x00, 0x00, 0x00, 0x00, 0x00, 0x00, 0x00, 0x00, 0x00, 0x00,
    0x00, 0x03, 0x95, 0x96, 0x96, 0x96, 0x9d, 0x9d, 0x78, 0x9a, 0x98, 0x9a,
    0x9d, 0x96, 0x97, 0x97, 0x9a, 0x7c, 0x99, 0x9a, 0x9a, 0x9a, 0x9a, 0x98,
    0x98, 0x78, 0x78, 0x82, 0x82, 0x82, 0x9d, 0x94, 0xaa, 0x94, 0xc2, 0x76,
    0x76, 0x91, 0x91, 0x75, 0x75, 0xc2, 0xc2, 0xc2, 0x74, 0xbf, 0xb5, 0xaa,
    0xb8, 0xa4, 0x8c, 0x8c, 0xc5, 0x8e, 0x8e, 0x8e, 0x49, 0x49, 0x11, 0x29,
    0x47, 0x47, 0x2a, 0x06, 0x01, 0x00, 0x00, 0x00, 0x00, 0x00, 0x00, 0x00,
    0x00, 0x00, 0x00, 0x00, 0x00, 0x00, 0x00, 0x00, 0x00, 0x00, 0x00, 0x00,
    0x00, 0x00, 0x00, 0x00, 0x00, 0x00, 0x00, 0x00, 0x00, 0x00, 0x00, 0x00,
    0x00, 0x00, 0x00, 0x00, 0x00, 0x00, 0x00, 0x00, 0x00, 0x00, 0x00, 0x00,
    0x00, 0x00, 0x00, 0x00, 0x00, 0x00, 0x00, 0x00, 0x00, 0x00, 0x00, 0x00,
    0x00, 0x00, 0x00, 0x00, 0x00, 0x00, 0x00, 0x00, 0x00, 0x00, 0x00, 0x00,
    0x00, 0x00, 0x00, 0x00, 0x00, 0x00, 0x00, 0x00, 0x00, 0x00, 0x00, 0x00,
    0x00, 0x00, 0x00, 0x00, 0x00, 0x00, 0x00, 0x00, 0x00, 0x00, 0x00, 0x00,
    0x00, 0x00, 0x00, 0x00, 0x00, 0x00, 0x00, 0x00, 0x00, 0x00, 0x00, 0x00,
    0x00, 0x00, 0x00, 0x00, 0x00, 0x00, 0x00, 0x00, 0x00, 0x00, 0x00, 0x00,
    0x00, 0x00, 0x00, 0x00, 0x00, 0x00, 0x00, 0x00, 0x00, 0x00, 0x00, 0x00,
    0x00, 0x00, 0x00, 0x00, 0x00, 0x00, 0x00, 0x00, 0x00, 0x00, 0x00, 0x00,
    0x00, 0x00, 0x00, 0x00, 0x00, 0x00, 0x00, 0x00, 0x00, 0x00, 0x00, 0x00,
    0x00, 0x00, 0x00, 0x00, 0x00, 0x00, 0x00, 0x00, 0x00, 0x00, 0x00, 0x00,
    0x00, 0x00, 0x00, 0x00, 0x00, 0x00, 0x00, 0x00, 0x00, 0x00, 0x00, 0x00,
    0x00, 0x00, 0x00, 0x00, 0x00, 0x00, 0x00, 0x00, 0x00, 0x00, 0x00, 0x00,
    0x00, 0x00, 0x00, 0x00, 0x00, 0x00, 0x00, 0x00, 0x00, 0x00, 0x00, 0x00,
    0x00, 0x00, 0x00, 0x00, 0x00, 0x00, 0x00, 0x00, 0x00, 0x00, 0x00, 0x00,
    0x00, 0x00, 0x00, 0x00, 0x00, 0x00, 0x00, 0x00, 0x00, 0x00, 0x00, 0x00,
    0x00, 0x00, 0x00, 0x00, 0x00, 0x00, 0x00, 0x00, 0x00, 0x00, 0x00, 0x00,
    0x14, 0x72, 0x96, 0x9d, 0x9d, 0x96, 0x97, 0x9d, 0x78, 0x9a, 0x9a, 0x9a,
    0x9d, 0x97, 0x82, 0x82, 0x9a, 0x7d, 0x9a, 0x98, 0x98, 0x98, 0x98, 0x78,
    0x78, 0x73, 0x9d, 0x96, 0xc2, 0xa5, 0x94, 0xa3, 0xa3, 0xa3, 0xc4, 0xb5,
    0x74, 0xa0, 0xc2, 0xc2, 0xa0, 0x74, 0x74, 0x74, 0x74, 0xbf, 0xb5, 0xaa,
    0xb8, 0xc5, 0xc5, 0xa4, 0xc5, 0x8e, 0xc5, 0x8e, 0x8e, 0x49, 0x49, 0x18,
    0x47, 0x47, 0x2a, 0x2a, 0x03, 0x00, 0x00, 0x00, 0x00, 0x00, 0x00, 0x00,
    0x00, 0x00, 0x00, 0x00, 0x00, 0x00, 0x00, 0x00, 0x00, 0x00, 0x00, 0x00,
    0x00, 0x00, 0x00, 0x00, 0x00, 0x00, 0x00, 0x00, 0x00, 0x00, 0x00, 0x00,
    0x00, 0x00, 0x00, 0x00, 0x00, 0x00, 0x00, 0x00, 0x00, 0x00, 0x00, 0x00,
    0x00, 0x00, 0x00, 0x00, 0x00, 0x00, 0x00, 0x00, 0x00, 0x00, 0x00, 0x00,
    0x00, 0x00, 0x00, 0x00, 0x00, 0x00, 0x00, 0x00, 0x00, 0x00, 0x00, 0x00,
    0x00, 0x00, 0x00, 0x00, 0x00, 0x00, 0x00, 0x00, 0x00, 0x00, 0x00, 0x00,
    0x00, 0x00, 0x00, 0x00, 0x00, 0x00, 0x00, 0x00, 0x00, 0x00, 0x00, 0x00,
    0x00, 0x00, 0x00, 0x00, 0x00, 0x00, 0x00, 0x00, 0x00, 0x00, 0x00, 0x00,
    0x00, 0x00, 0x00, 0x00, 0x00, 0x00, 0x00, 0x00, 0x00, 0x00, 0x00, 0x00,
    0x00, 0x00, 0x00, 0x00, 0x00, 0x00, 0x00, 0x00, 0x00, 0x00, 0x00, 0x00,
    0x00, 0x00, 0x00, 0x00, 0x00, 0x00, 0x00, 0x00, 0x00, 0x00, 0x00, 0x00,
    0x00, 0x00, 0x00, 0x00, 0x00, 0x00, 0x00, 0x00, 0x00, 0x00, 0x00, 0x00,
    0x00, 0x00, 0x00, 0x00, 0x00, 0x00, 0x00, 0x00, 0x00, 0x00, 0x00, 0x00,
    0x00, 0x00, 0x00, 0x00, 0x00, 0x00, 0x00, 0x00, 0x00, 0x00, 0x00, 0x00,
    0x00, 0x00, 0x00, 0x00, 0x00, 0x00, 0x00, 0x00, 0x00, 0x00, 0x00, 0x00,
    0x00, 0x00, 0x00, 0x00, 0x00, 0x00, 0x00, 0x00, 0x00, 0x00, 0x00, 0x00,
    0x00, 0x00, 0x00, 0x00, 0x00, 0x00, 0x00, 0x00, 0x00, 0x00, 0x00, 0x00,
    0x00, 0x00, 0x00, 0x00, 0x00, 0x00, 0x00, 0x00, 0x00, 0x00, 0x00, 0x00,
    0x00, 0x00, 0x00, 0x00, 0x00, 0x00, 0x00, 0x00, 0x00, 0x00, 0x00, 0x00,
    0x7b, 0x96, 0x96, 0x97, 0x97, 0x9d, 0x78, 0x9d, 0x78, 0x78, 0x9a, 0x7d,
    0x78, 0x9d, 0x9a, 0x9a, 0x9a, 0x9a, 0x9a, 0x9a, 0x9a, 0x98, 0x98, 0x78,
    0x78, 0x97, 0x9d, 0x91, 0xb5, 0xc4, 0xa4, 0xaf, 0xa3, 0xaf, 0xaf, 0xa3,
    0xa4, 0xaa, 0xb5, 0xbf, 0xbf, 0xbf, 0x74, 0x74, 0xbf, 0xbf, 0xb5, 0xaa,
    0xaa, 0xaa, 0xc5, 0xa4, 0xc5, 0x8e, 0x8e, 0x8e, 0x8e, 0x49, 0x11, 0x17,
    0x2a, 0x2a, 0x2a, 0x48, 0x2a, 0x02, 0x00, 0x00, 0x00, 0x00, 0x00, 0x00,
    0x00, 0x00, 0x00, 0x00, 0x00, 0x00, 0x00, 0x00, 0x00, 0x00, 0x00, 0x00,
    0x00, 0x00, 0x00, 0x00, 0x00, 0x00, 0x00, 0x00, 0x00, 0x00, 0x00, 0x00,
    0x00, 0x00, 0x00, 0x00, 0x00, 0x00, 0x00, 0x00, 0x00, 0x00, 0x00, 0x00,
    0x00, 0x00, 0x00, 0x00, 0x00, 0x00, 0x00, 0x00, 0x00, 0x00, 0x00, 0x00,
    0x00, 0x00, 0x00, 0x00, 0x00, 0x00, 0x00, 0x00, 0x00, 0x00, 0x00, 0x00,
    0x00, 0x00, 0x00, 0x00, 0x00, 0x00, 0x00, 0x00, 0x00, 0x00, 0x00, 0x00,
    0x00, 0x00, 0x00, 0x00, 0x00, 0x00, 0x00, 0x00, 0x00, 0x00, 0x00, 0x00,
    0x00, 0x00, 0x00, 0x00, 0x00, 0x00, 0x00, 0x00, 0x00, 0x00, 0x00, 0x00,
    0x00, 0x00, 0x00, 0x00, 0x00, 0x00, 0x00, 0x00, 0x00, 0x00, 0x00, 0x00,
    0x00, 0x00, 0x00, 0x00, 0x00, 0x00, 0x00, 0x00, 0x00, 0x00, 0x00, 0x00,
    0x00, 0x00, 0x00, 0x00, 0x00, 0x00, 0x00, 0x00, 0x00, 0x00, 0x00, 0x00,
    0x00, 0x00, 0x00, 0x00, 0x00, 0x00, 0x00, 0x00, 0x00, 0x00, 0x00, 0x00,
    0x00, 0x00, 0x00, 0x00, 0x00, 0x00, 0x00, 0x00, 0x00, 0x00, 0x00, 0x00,
    0x00, 0x00, 0x00, 0x00, 0x00, 0x00, 0x00, 0x00, 0x00, 0x00, 0x00, 0x00,
    0x00, 0x00, 0x00, 0x00, 0x00, 0x00, 0x00, 0x00, 0x00, 0x00, 0x00, 0x00,
    0x00, 0x00, 0x00, 0x00, 0x00, 0x00, 0x00, 0x00, 0x00, 0x00, 0x00, 0x00,
    0x00, 0x00, 0x00, 0x00, 0x00, 0x00, 0x00, 0x00, 0x00, 0x00, 0x00, 0x00,
    0x00, 0x00, 0x00, 0x00, 0x00, 0x00, 0x00, 0x00, 0x00, 0x00, 0x00, 0x00,
    0x00, 0x00, 0x00, 0x00, 0x00, 0x00, 0x00, 0x00, 0x00, 0x00, 0x00, 0x2f,
    0x95, 0x9d, 0x96, 0x9d, 0x9d, 0x82, 0x82, 0x82, 0x98, 0x98, 0x9a, 0x9a,
    0x9a, 0x98, 0x78, 0x9a, 0x99, 0x7d, 0x7d, 0x7d, 0x9a, 0x9a, 0x98, 0x78,
    0x78, 0x78, 0xa5, 0xbf, 0xc4, 0xaf, 0xaf, 0x9c, 0x9c, 0x9b, 0x69, 0x69,
    0xaf, 0xa3, 0xa4, 0xb8, 0xaa, 0xb5, 0xb5, 0xbf, 0xbf, 0xbf, 0xb5, 0xb5,
    0xb5, 0xb5, 0xb8, 0xc5, 0xc5, 0x8e, 0x8e, 0x8e, 0x8e, 0x09, 0x49, 0x18,
    0x2a, 0x48, 0x48, 0x48, 0x3c, 0x05, 0x00, 0x00, 0x00, 0x00, 0x00, 0x00,
    0x00, 0x00, 0x00, 0x00, 0x00, 0x00, 0x00, 0x00, 0x00, 0x00, 0x00, 0x00,
    0x00, 0x00, 0x00, 0x00, 0x00, 0x00, 0x00, 0x00, 0x00, 0x00, 0x00, 0x00,
    0x00, 0x00, 0x00, 0x00, 0x00, 0x00, 0x00, 0x00, 0x00, 0x00, 0x00, 0x00,
    0x00, 0x00, 0x00, 0x00, 0x00, 0x00, 0x00, 0x00, 0x00, 0x00, 0x00, 0x00,
    0x00, 0x00, 0x00, 0x00, 0x00, 0x00, 0x00, 0x00, 0x00, 0x00, 0x00, 0x00,
    0x00, 0x00, 0x00, 0x00, 0x00, 0x00, 0x00, 0x00, 0x00, 0x00, 0x00, 0x00,
    0x00, 0x00, 0x00, 0x00, 0x00, 0x00, 0x00, 0x00, 0x00, 0x00, 0x00, 0x00,
    0x00, 0x00, 0x00, 0x00, 0x00, 0x00, 0x00, 0x00, 0x00, 0x00, 0x00, 0x00,
    0x00, 0x00, 0x00, 0x00, 0x00, 0x00, 0x00, 0x00, 0x00, 0x00, 0x00, 0x00,
    0x00, 0x00, 0x00, 0x00, 0x00, 0x00, 0x00, 0x00, 0x00, 0x00, 0x00, 0x00,
    0x00, 0x00, 0x00, 0x00, 0x00, 0x00, 0x00, 0x00, 0x00, 0x00, 0x00, 0x00,
    0x00, 0x00, 0x00, 0x00, 0x00, 0x00, 0x00, 0x00, 0x00, 0x00, 0x00, 0x00,
    0x00, 0x00, 0x00, 0x00, 0x00, 0x00, 0x00, 0x00, 0x00, 0x00, 0x00, 0x00,
    0x00, 0x00, 0x00, 0x00, 0x00, 0x00, 0x00, 0x00, 0x00, 0x00, 0x00, 0x00,
    0x00, 0x00, 0x00, 0x00, 0x00, 0x00, 0x00, 0x00, 0x00, 0x00, 0x00, 0x00,
    0x00, 0x00, 0x00, 0x00, 0x00, 0x00, 0x00, 0x00, 0x00, 0x00, 0x00, 0x00,
    0x00, 0x00, 0x00, 0x00, 0x00, 0x00, 0x00, 0x00, 0x00, 0x00, 0x00, 0x00,
    0x00, 0x00, 0x00, 0x00, 0x00, 0x00, 0x00, 0x00, 0x00, 0x00, 0x00, 0x00,
    0x00, 0x00, 0x00, 0x00, 0x00, 0x00, 0x00, 0x00, 0x00, 0x00, 0x00, 0x7b,
    0x96, 0x97, 0x96, 0x9d, 0x82, 0x99, 0x98, 0x98, 0x98, 0x98, 0x9a, 0x98,
    0x98, 0x99, 0x99, 0x7c, 0x7c, 0x7d, 0x7c, 0x7d, 0x7d, 0x7d, 0x9a, 0x9a,
    0x97, 0x91, 0x74, 0xb8, 0xa4, 0xa3, 0xa3, 0xaf, 0xaf, 0xaf, 0xaf, 0xaf,
    0xaf, 0xaf, 0xa3, 0xa3, 0xa4, 0xc4, 0xaa, 0xb5, 0xbf, 0xbf, 0xbf, 0xb5,
    0xb5, 0xb5, 0xb5, 0xb8, 0xb8, 0xc5, 0x8e, 0x8e, 0x8e, 0x8f, 0x09, 0x49,
    0x1c, 0x2a, 0x48, 0x48, 0x48, 0x48, 0x12, 0x00, 0x00, 0x00, 0x00, 0x00,
    0x00, 0x00, 0x00, 0x00, 0x00, 0x00, 0x00, 0x00, 0x00, 0x00, 0x00, 0x00,
    0x00, 0x00, 0x00, 0x00, 0x00, 0x00, 0x00, 0x00, 0x00, 0x00, 0x00, 0x00,
    0x00, 0x00, 0x00, 0x00, 0x00, 0x00, 0x00, 0x00, 0x00, 0x00, 0x00, 0x00,
    0x00, 0x00, 0x00, 0x00, 0x00, 0x00, 0x00, 0x00, 0x00, 0x00, 0x00, 0x00,
    0x00, 0x00, 0x00, 0x00, 0x00, 0x00, 0x00, 0x00, 0x00, 0x00, 0x00, 0x00,
    0x00, 0x00, 0x00, 0x00, 0x00, 0x00, 0x00, 0x00, 0x00, 0x00, 0x00, 0x00,
    0x00, 0x00, 0x00, 0x00, 0x00, 0x00, 0x00, 0x00, 0x00, 0x00, 0x00, 0x00,
    0x00, 0x00, 0x00, 0x00, 0x00, 0x00, 0x00, 0x00, 0x00, 0x00, 0x00, 0x00,
    0x00, 0x00, 0x00, 0x00, 0x00, 0x00, 0x00, 0x00, 0x00, 0x00, 0x00, 0x00,
    0x00, 0x00, 0x00, 0x00, 0x00, 0x00, 0x00, 0x00, 0x00, 0x00, 0x00, 0x00,
    0x00, 0x00, 0x00, 0x00, 0x00, 0x00, 0x00, 0x00, 0x00, 0x00, 0x00, 0x00,
    0x00, 0x00, 0x00, 0x00, 0x00, 0x00, 0x00, 0x00, 0x00, 0x00, 0x00, 0x00,
    0x00, 0x00, 0x00, 0x00, 0x00, 0x00, 0x00, 0x00, 0x00, 0x00, 0x00, 0x00,
    0x00, 0x00, 0x00, 0x00, 0x00, 0x00, 0x00, 0x00, 0x00, 0x00, 0x00, 0x00,
    0x00, 0x00, 0x00, 0x00, 0x00, 0x00, 0x00, 0x00, 0x00, 0x00, 0x00, 0x00,
    0x00, 0x00, 0x00, 0x00, 0x00, 0x00, 0x00, 0x00, 0x00, 0x00, 0x00, 0x00,
    0x00, 0x00, 0x00, 0x00, 0x00, 0x00, 0x00, 0x00, 0x00, 0x00, 0x00, 0x00,
    0x00, 0x00, 0x00, 0x00, 0x00, 0x00, 0x00, 0x00, 0x00, 0x00, 0x00, 0x00,
    0x00, 0x00, 0x00, 0x00, 0x00, 0x00, 0x00, 0x00, 0x00, 0x00, 0x14, 0x72,
    0x9e, 0x82, 0x96, 0x97, 0x9a, 0x99, 0x9a, 0x78, 0x98, 0x98, 0x78, 0x98,
    0x9a, 0x7d, 0x7c, 0x7c, 0x7c, 0x7c, 0x7c, 0x7c, 0x7c, 0x7c, 0x7d, 0x98,
    0x96, 0xc2, 0x75, 0xc2, 0xc2, 0x75, 0xc2, 0xa0, 0xa0, 0xa0, 0xa0, 0xbf,
    0xaa, 0xb8, 0xc4, 0xa4, 0xa4, 0xa3, 0xa4, 0xaa, 0xb5, 0xbf, 0xbf, 0xb5,
    0xb5, 0xbf, 0xbf, 0xaa, 0xb8, 0xb8, 0x8e, 0x8f, 0x8f, 0x11, 0x09, 0x17,
    0x2a, 0x2a, 0x48, 0x48, 0x48, 0x43, 0x3e, 0x00, 0x00, 0x00, 0x00, 0x00,
    0x00, 0x00, 0x00, 0x00, 0x00, 0x00, 0x00, 0x00, 0x00, 0x00, 0x00, 0x00,
    0x00, 0x00, 0x00, 0x00, 0x00, 0x00, 0x00, 0x00, 0x00, 0x00, 0x00, 0x00,
    0x00, 0x00, 0x00, 0x00, 0x00, 0x00, 0x00, 0x00, 0x00, 0x00, 0x00, 0x00,
    0x00, 0x00, 0x00, 0x00, 0x00, 0x00, 0x00, 0x00, 0x00, 0x00, 0x00, 0x00,
    0x00, 0x00, 0x00, 0x00, 0x00, 0x00, 0x00, 0x00, 0x00, 0x00, 0x00, 0x00,
    0x00, 0x00, 0x00, 0x00, 0x00, 0x00, 0x00, 0x00, 0x00, 0x00, 0x00, 0x00,
    0x00, 0x00, 0x00, 0x00, 0x00, 0x00, 0x00, 0x00, 0x00, 0x00, 0x00, 0x00,
    0x00, 0x00, 0x00, 0x00, 0x00, 0x00, 0x00, 0x00, 0x00, 0x00, 0x00, 0x00,
    0x00, 0x00, 0x00, 0x00, 0x00, 0x00, 0x00, 0x00, 0x00, 0x00, 0x00, 0x00,
    0x00, 0x00, 0x00, 0x00, 0x00, 0x00, 0x00, 0x00, 0x00, 0x00, 0x00, 0x00,
    0x00, 0x00, 0x00, 0x00, 0x00, 0x00, 0x00, 0x00, 0x00, 0x00, 0x00, 0x00,
    0x00, 0x00, 0x00, 0x00, 0x00, 0x00, 0x00, 0x00, 0x00, 0x00, 0x00, 0x00,
    0x00, 0x00, 0x00, 0x00, 0x00, 0x00, 0x00, 0x00, 0x00, 0x00, 0x00, 0x00,
    0x00, 0x00, 0x00, 0x00, 0x00, 0x00, 0x00, 0x00, 0x00, 0x00, 0x00, 0x00,
    0x00, 0x00, 0x00, 0x00, 0x00, 0x00, 0x00, 0x00, 0x00, 0x00, 0x00, 0x00,
    0x00, 0x00, 0x00, 0x00, 0x00, 0x00, 0x00, 0x00, 0x00, 0x00, 0x00, 0x00,
    0x00, 0x00, 0x00, 0x00, 0x00, 0x00, 0x00, 0x00, 0x00, 0x00, 0x00, 0x00,
    0x00, 0x00, 0x00, 0x00, 0x00, 0x00, 0x00, 0x00, 0x00, 0x00, 0x00, 0x00,
    0x00, 0x00, 0x00, 0x00, 0x00, 0x00, 0x00, 0x00, 0x00, 0x00, 0x7b, 0x9e,
    0x82, 0x82, 0x82, 0x78, 0x9a, 0x99, 0x78, 0x78, 0x78, 0x98, 0x98, 0x9a,
    0x9a, 0x98, 0x9a, 0x7c, 0x7c, 0x7d, 0x7c, 0x7c, 0x7c, 0x9a, 0x9d, 0x96,
    0x96, 0x77, 0x77, 0x76, 0x77, 0x77, 0x91, 0x7e, 0x76, 0x77, 0x77, 0x77,
    0x7e, 0xbf, 0xaa, 0xb8, 0xc4, 0xa4, 0xa3, 0xc4, 0xaa, 0xbf, 0x74, 0xbf,
    0xbf, 0x74, 0x74, 0xb5, 0xb5, 0xb8, 0xc5, 0x8e, 0x8f, 0x11, 0x11, 0x17,
    0x2a, 0x48, 0x3c, 0x3c, 0x3c, 0x43, 0x5b, 0x01, 0x00, 0x00, 0x00, 0x00,
    0x00, 0x00, 0x00, 0x00, 0x00, 0x00, 0x00, 0x00, 0x00, 0x00, 0x00, 0x00,
    0x00, 0x00, 0x00, 0x00, 0x00, 0x00, 0x00, 0x00, 0x00, 0x00, 0x00, 0x00,
    0x00, 0x00, 0x00, 0x00, 0x00, 0x00, 0x00, 0x00, 0x00, 0x00, 0x00, 0x00,
    0x00, 0x00, 0x00, 0x00, 0x00, 0x00, 0x00, 0x00, 0x00, 0x00, 0x00, 0x00,
    0x00, 0x00, 0x00, 0x00, 0x00, 0x00, 0x00, 0x00, 0x00, 0x00, 0x00, 0x00,
    0x00, 0x00, 0x00, 0x00, 0x00, 0x00, 0x00, 0x00, 0x00, 0x00, 0x00, 0x00,
    0x00, 0x00, 0x00, 0x00, 0x00, 0x00, 0x00, 0x00, 0x00, 0x00, 0x00, 0x00,
    0x00, 0x00, 0x00, 0x00, 0x00, 0x00, 0x00, 0x00, 0x00, 0x00, 0x00, 0x00,
    0x00, 0x00, 0x00, 0x00, 0x00, 0x00, 0x00, 0x00, 0x00, 0x00, 0x00, 0x00,
    0x00, 0x00, 0x00, 0x00, 0x00, 0x00, 0x00, 0x00, 0x00, 0x00, 0x00, 0x00,
    0x00, 0x00, 0x00, 0x00, 0x00, 0x00, 0x00, 0x00, 0x00, 0x00, 0x00, 0x00,
    0x00, 0x00, 0x00, 0x00, 0x00, 0x00, 0x00, 0x00, 0x00, 0x00, 0x00, 0x00,
    0x00, 0x00, 0x00, 0x00, 0x00, 0x00, 0x00, 0x00, 0x00, 0x00, 0x00, 0x00,
    0x00, 0x00, 0x00, 0x00, 0x00, 0x00, 0x00, 0x00, 0x00, 0x00, 0x00, 0x00,
    0x00, 0x00, 0x00, 0x00, 0x00, 0x00, 0x00, 0x00, 0x00, 0x00, 0x00, 0x00,
    0x00, 0x00, 0x00, 0x00, 0x00, 0x00, 0x00, 0x00, 0x00, 0x00, 0x00, 0x00,
    0x00, 0x00, 0x00, 0x00, 0x00, 0x00, 0x00, 0x00, 0x00, 0x00, 0x00, 0x00,
    0x00, 0x00, 0x00, 0x00, 0x00, 0x00, 0x00, 0x00, 0x00, 0x00, 0x00, 0x00,
    0x00, 0x00, 0x00, 0x00, 0x00, 0x00, 0x00, 0x00, 0x00, 0x0c, 0x7a, 0x9e,
    0x97, 0x82, 0x9a, 0x98, 0x98, 0x99, 0x98, 0x98, 0x98, 0x9a, 0x9a, 0x9a,
    0x7d, 0x82, 0x78, 0x9a, 0x7c, 0x7c, 0x83, 0x83, 0x7c, 0x97, 0x96, 0x9d,
    0x73, 0x77, 0x76, 0x77, 0x77, 0x77, 0x77, 0x77, 0x73, 0x79, 0x79, 0x79,
    0x77, 0x7e, 0x74, 0xaa, 0xc4, 0xc4, 0xc4, 0xa4, 0xc4, 0xaa, 0xbf, 0xbf,
    0xbf, 0x74, 0xbf, 0xb5, 0xb5, 0xaa, 0xb8, 0x8e, 0x49, 0x11, 0x17, 0x18,
    0x2a, 0x2a, 0x48, 0x3c, 0x48, 0x3c, 0x43, 0xd0, 0x00, 0x00, 0x00, 0x00,
    0x00, 0x00, 0x00, 0x00, 0x00, 0x00, 0x00, 0x00, 0x00, 0x00, 0x00, 0x00,
    0x00, 0x00, 0x00, 0x00, 0x00, 0x00, 0x00, 0x00, 0x00, 0x00, 0x00, 0x00,
    0x00, 0x00, 0x00, 0x00, 0x00, 0x00, 0x00, 0x00, 0x00, 0x00, 0x00, 0x00,
    0x00, 0x00, 0x00, 0x00, 0x00, 0x00, 0x00, 0x00, 0x00, 0x00, 0x00, 0x00,
    0x00, 0x00, 0x00, 0x00, 0x00, 0x00, 0x00, 0x00, 0x00, 0x00, 0x00, 0x00,
    0x00, 0x00, 0x00, 0x00, 0x00, 0x00, 0x00, 0x00, 0x00, 0x00, 0x00, 0x00,
    0x00, 0x00, 0x00, 0x00, 0x00, 0x00, 0x00, 0x00, 0x00, 0x00, 0x00, 0x00,
    0x00, 0x00, 0x00, 0x00, 0x00, 0x00, 0x00, 0x00, 0x00, 0x00, 0x00, 0x00,
    0x00, 0x00, 0x00, 0x00, 0x00, 0x00, 0x00, 0x00, 0x00, 0x00, 0x00, 0x00,
    0x00, 0x00, 0x00, 0x00, 0x00, 0x00, 0x00, 0x00, 0x00, 0x00, 0x00, 0x00,
    0x00, 0x00, 0x00, 0x00, 0x00, 0x00, 0x00, 0x00, 0x00, 0x00, 0x00, 0x00,
    0x00, 0x00, 0x00, 0x00, 0x00, 0x00, 0x00, 0x00, 0x00, 0x00, 0x00, 0x00,
    0x00, 0x00, 0x00, 0x00, 0x00, 0x00, 0x00, 0x00, 0x00, 0x00, 0x00, 0x00,
    0x00, 0x00, 0x00, 0x00, 0x00, 0x00, 0x00, 0x00, 0x00, 0x00, 0x00, 0x00,
    0x00, 0x00, 0x00, 0x00, 0x00, 0x00, 0x00, 0x00, 0x00, 0x00, 0x00, 0x00,
    0x00, 0x00, 0x00, 0x00, 0x00, 0x00, 0x00, 0x00, 0x00, 0x00, 0x00, 0x00,
    0x00, 0x00, 0x00, 0x00, 0x00, 0x00, 0x00, 0x00, 0x00, 0x00, 0x00, 0x00,
    0x00, 0x00, 0x00, 0x00, 0x00, 0x00, 0x00, 0x00, 0x00, 0x00, 0x00, 0x00,
    0x00, 0x00, 0x00, 0x00, 0x00, 0x00, 0x00, 0x00, 0x00, 0x2f, 0x9e, 0x82,
    0x82, 0x9a, 0x7c, 0x9a, 0x9a, 0x7c, 0x99, 0x7c, 0x78, 0x82, 0x9a, 0x7c,
    0x99, 0x9a, 0x9d, 0x78, 0x9a, 0x7c, 0x83, 0x7c, 0x78, 0x73, 0x73, 0x77,
    0x77, 0x91, 0x73, 0x7d, 0x79, 0x73, 0x73, 0x73, 0x73, 0xc0, 0x7f, 0x79,
    0x73, 0x73, 0x91, 0x74, 0xaa, 0xc4, 0xc4, 0xc4, 0xc4, 0xc4, 0xb5, 0xbf,
    0xbf, 0xbf, 0xb5, 0xaa, 0xb5, 0xb5, 0xb8, 0x8e, 0x56, 0x49, 0x1a, 0x17,
    0x2a, 0x2a, 0x48, 0x48, 0x48, 0x43, 0x43, 0xcf, 0x00, 0x00, 0x00, 0x00,
    0x00, 0x00, 0x00, 0x00, 0x00, 0x00, 0x00, 0x00, 0x00, 0x00, 0x00, 0x00,
    0x00, 0x00, 0x00, 0x00, 0x00, 0x00, 0x00, 0x00, 0x00, 0x00, 0x00, 0x00,
    0x00, 0x00, 0x00, 0x00, 0x00, 0x00, 0x00, 0x00, 0x00, 0x00, 0x00, 0x00,
    0x00, 0x00, 0x00, 0x00, 0x00, 0x00, 0x00, 0x00, 0x00, 0x00, 0x00, 0x00,
    0x00, 0x00, 0x00, 0x00, 0x00, 0x00, 0x00, 0x00, 0x00, 0x00, 0x00, 0x00,
    0x00, 0x00, 0x00, 0x00, 0x00, 0x00, 0x00, 0x00, 0x00, 0x00, 0x00, 0x00,
    0x00, 0x00, 0x00, 0x00, 0x00, 0x00, 0x00, 0x00, 0x00, 0x00, 0x00, 0x00,
    0x00, 0x00, 0x00, 0x00, 0x00, 0x00, 0x00, 0x00, 0x00, 0x00, 0x00, 0x00,
    0x00, 0x00, 0x00, 0x00, 0x00, 0x00, 0x00, 0x00, 0x00, 0x00, 0x00, 0x00,
    0x00, 0x00, 0x00, 0x00, 0x00, 0x00, 0x00, 0x00, 0x00, 0x00, 0x00, 0x00,
    0x00, 0x00, 0x00, 0x00, 0x00, 0x00, 0x00, 0x00, 0x00, 0x00, 0x00, 0x00,
    0x00, 0x00, 0x00, 0x00, 0x00, 0x00, 0x00, 0x00, 0x00, 0x00, 0x00, 0x00,
    0x00, 0x00, 0x00, 0x00, 0x00, 0x00, 0x00, 0x00, 0x00, 0x00, 0x00, 0x00,
    0x00, 0x00, 0x00, 0x00, 0x00, 0x00, 0x00, 0x00, 0x00, 0x00, 0x00, 0x00,
    0x00, 0x00, 0x00, 0x00, 0x00, 0x00, 0x00, 0x00, 0x00, 0x00, 0x00, 0x00,
    0x00, 0x00, 0x00, 0x00, 0x00, 0x00, 0x00, 0x00, 0x00, 0x00, 0x00, 0x00,
    0x00, 0x00, 0x00, 0x00, 0x00, 0x00, 0x00, 0x00, 0x00, 0x00, 0x00, 0x00,
    0x00, 0x00, 0x00, 0x00, 0x00, 0x00, 0x00, 0x00, 0x00, 0x00, 0x00, 0x00,
    0x00, 0x00, 0x00, 0x00, 0x00, 0x00, 0x00, 0x00, 0x00, 0x7b, 0x9e, 0x97,
    0x82, 0x99, 0x9a, 0x99, 0x7c, 0x7c, 0x7c, 0x9a, 0x78, 0x97, 0x99, 0xa1,
    0x83, 0x99, 0x96, 0x76, 0x78, 0x9a, 0x98, 0x78, 0x98, 0x79, 0x77, 0x77,
    0x77, 0x79, 0xc0, 0x87, 0x79, 0x73, 0x77, 0x77, 0x73, 0x79, 0x79, 0x79,
    0x73, 0x73, 0x77, 0x91, 0xc2, 0xb5, 0xc4, 0xb8, 0xaa, 0xb8, 0xaa, 0xb5,
    0xbf, 0xb5, 0xb8, 0xb5, 0xb5, 0xb5, 0xb8, 0x8e, 0x58, 0x11, 0x1a, 0x17,
    0x2a, 0x2a, 0x48, 0x48, 0x48, 0x43, 0x43, 0x5b, 0x12, 0x00, 0x00, 0x00,
    0x00, 0x00, 0x00, 0x00, 0x00, 0x00, 0x00, 0x00, 0x00, 0x00, 0x00, 0x00,
    0x00, 0x00, 0x00, 0x00, 0x00, 0x00, 0x00, 0x00, 0x00, 0x00, 0x00, 0x00,
    0x00, 0x00, 0x00, 0x00, 0x00, 0x00, 0x00, 0x00, 0x00, 0x00, 0x00, 0x00,
    0x00, 0x00, 0x00, 0x00, 0x00, 0x00, 0x00, 0x00, 0x00, 0x00, 0x00, 0x00,
    0x00, 0x00, 0x00, 0x00, 0x00, 0x00, 0x00, 0x00, 0x00, 0x00, 0x00, 0x00,
    0x00, 0x00, 0x00, 0x00, 0x00, 0x00, 0x00, 0x00, 0x00, 0x00, 0x00, 0x00,
    0x00, 0x00, 0x00, 0x00, 0x00, 0x00, 0x00, 0x00, 0x00, 0x00, 0x00, 0x00,
    0x00, 0x00, 0x00, 0x00, 0x00, 0x00, 0x00, 0x00, 0x00, 0x00, 0x00, 0x00,
    0x00, 0x00, 0x00, 0x00, 0x00, 0x00, 0x00, 0x00, 0x00, 0x00, 0x00, 0x00,
    0x00, 0x00, 0x00, 0x00, 0x00, 0x00, 0x00, 0x00, 0x00, 0x00, 0x00, 0x00,
    0x00, 0x00, 0x00, 0x00, 0x00, 0x00, 0x00, 0x00, 0x00, 0x00, 0x00, 0x00,
    0x00, 0x00, 0x00, 0x00, 0x00, 0x00, 0x00, 0x00, 0x00, 0x00, 0x00, 0x00,
    0x00, 0x00, 0x00, 0x00, 0x00, 0x00, 0x00, 0x00, 0x00, 0x00, 0x00, 0x00,
    0x00, 0x00, 0x00, 0x00, 0x00, 0x00, 0x00, 0x00, 0x00, 0x00, 0x00, 0x00,
    0x00, 0x00, 0x00, 0x00, 0x00, 0x00, 0x00, 0x00, 0x00, 0x00, 0x00, 0x00,
    0x00, 0x00, 0x00, 0x00, 0x00, 0x00, 0x00, 0x00, 0x00, 0x00, 0x00, 0x00,
    0x00, 0x00, 0x00, 0x00, 0x00, 0x00, 0x00, 0x00, 0x00, 0x00, 0x00, 0x00,
    0x00, 0x00, 0x00, 0x00, 0x00, 0x00, 0x00, 0x00, 0x00, 0x00, 0x00, 0x00,
    0x00, 0x00, 0x00, 0x00, 0x00, 0x00, 0x00, 0x00, 0x00, 0x7a, 0x9e, 0x82,
    0x9a, 0x99, 0x98, 0x9a, 0x9a, 0x99, 0x7c, 0x9a, 0x82, 0x9a, 0x7c, 0xa1,
    0x83, 0x99, 0x9d, 0xa5, 0x9d, 0x78, 0x98, 0x7c, 0x99, 0x97, 0x77, 0x79,
    0x81, 0xc0, 0x79, 0x73, 0x77, 0x77, 0x77, 0x77, 0x73, 0x79, 0x73, 0x73,
    0x77, 0x73, 0x77, 0x77, 0x77, 0xc2, 0xaa, 0xb8, 0xbf, 0xbf, 0xaa, 0xb5,
    0xb5, 0xc4, 0xc4, 0xb8, 0xb5, 0xb5, 0xaa, 0x8e, 0x8e, 0x49, 0x1e, 0x1c,
    0x2a, 0x2a, 0x2a, 0x48, 0x48, 0x3c, 0x43, 0x43, 0xd1, 0x00, 0x00, 0x00,
    0x00, 0x00, 0x00, 0x00, 0x00, 0x00, 0x00, 0x00, 0x00, 0x00, 0x00, 0x00,
    0x00, 0x00, 0x00, 0x00, 0x00, 0x00, 0x00, 0x00, 0x00, 0x00, 0x00, 0x00,
    0x00, 0x00, 0x00, 0x00, 0x00, 0x00, 0x00, 0x00, 0x00, 0x00, 0x00, 0x00,
    0x00, 0x00, 0x00, 0x00, 0x00, 0x00, 0x00, 0x00, 0x00, 0x00, 0x00, 0x00,
    0x00, 0x00, 0x00, 0x00, 0x00, 0x00, 0x00, 0x00, 0x00, 0x00, 0x00, 0x00,
    0x00, 0x00, 0x00, 0x00, 0x00, 0x00, 0x00, 0x00, 0x00, 0x00, 0x00, 0x00,
    0x00, 0x00, 0x00, 0x00, 0x00, 0x00, 0x00, 0x00, 0x00, 0x00, 0x00, 0x00,
    0x00, 0x00, 0x00, 0x00, 0x00, 0x00, 0x00, 0x00, 0x00, 0x00, 0x00, 0x00,
    0x00, 0x00, 0x00, 0x00, 0x00, 0x00, 0x00, 0x00, 0x00, 0x00, 0x00, 0x00,
    0x00, 0x00, 0x00, 0x00, 0x00, 0x00, 0x00, 0x00, 0x00, 0x00, 0x00, 0x00,
    0x00, 0x00, 0x00, 0x00, 0x00, 0x00, 0x00, 0x00, 0x00, 0x00, 0x00, 0x00,
    0x00, 0x00, 0x00, 0x00, 0x00, 0x00, 0x00, 0x00, 0x00, 0x00, 0x00, 0x00,
    0x00, 0x00, 0x00, 0x00, 0x00, 0x00, 0x00, 0x00, 0x00, 0x00, 0x00, 0x00,
    0x00, 0x00, 0x00, 0x00, 0x00, 0x00, 0x00, 0x00, 0x00, 0x00, 0x00, 0x00,
    0x00, 0x00, 0x00, 0x00, 0x00, 0x00, 0x00, 0x00, 0x00, 0x00, 0x00, 0x00,
    0x00, 0x00, 0x00, 0x00, 0x00, 0x00, 0x00, 0x00, 0x00, 0x00, 0x00, 0x00,
    0x00, 0x00, 0x00, 0x00, 0x00, 0x00, 0x00, 0x00, 0x00, 0x00, 0x00, 0x00,
    0x00, 0x00, 0x00, 0x00, 0x00, 0x00, 0x00, 0x00, 0x00, 0x00, 0x00, 0x00,
    0x00, 0x00, 0x00, 0x00, 0x00, 0x00, 0x00, 0x00, 0x01, 0x72, 0x9d, 0x82,
    0x99, 0x7c, 0x9a, 0x99, 0x99, 0x99, 0x99, 0x9a, 0x99, 0x7c, 0x83, 0x83,
    0xa1, 0x82, 0x9e, 0x96, 0x96, 0x9d, 0x97, 0x78, 0x77, 0x77, 0x79, 0x7d,
    0x79, 0x79, 0x77, 0x77, 0x77, 0x97, 0x81, 0x99, 0x9e, 0xc0, 0x99, 0x9d,
    0x77, 0x7e, 0x91, 0x77, 0x77, 0x91, 0x74, 0xc4, 0xc4, 0xb8, 0xaa, 0xaa,
    0xaa, 0xc4, 0xa4, 0xc4, 0xaa, 0xb5, 0xb5, 0x8e, 0x8f, 0x09, 0x11, 0x1c,
    0x2a, 0x2a, 0x2a, 0x59, 0x48, 0x43, 0x43, 0x31, 0x3e, 0x00, 0x00, 0x00,
    0x00, 0x00, 0x00, 0x00, 0x00, 0x00, 0x00, 0x00, 0x00, 0x00, 0x00, 0x00,
    0x00, 0x00, 0x00, 0x00, 0x00, 0x00, 0x00, 0x00, 0x00, 0x00, 0x00, 0x00,
    0x00, 0x00, 0x00, 0x00, 0x00, 0x00, 0x00, 0x00, 0x00, 0x00, 0x00, 0x00,
    0x00, 0x00, 0x00, 0x00, 0x00, 0x00, 0x00, 0x00, 0x00, 0x00, 0x00, 0x00,
    0x00, 0x00, 0x00, 0x00, 0x00, 0x00, 0x00, 0x00, 0x00, 0x00, 0x00, 0x00,
    0x00, 0x00, 0x00, 0x00, 0x00, 0x00, 0x00, 0x00, 0x00, 0x00, 0x00, 0x00,
    0x00, 0x00, 0x00, 0x00, 0x00, 0x00, 0x00, 0x00, 0x00, 0x00, 0x00, 0x00,
    0x00, 0x00, 0x00, 0x00, 0x00, 0x00, 0x00, 0x00, 0x00, 0x00, 0x00, 0x00,
    0x00, 0x00, 0x00, 0x00, 0x00, 0x00, 0x00, 0x00, 0x00, 0x00, 0x00, 0x00,
    0x00, 0x00, 0x00, 0x00, 0x00, 0x00, 0x00, 0x00, 0x00, 0x00, 0x00, 0x00,
    0x00, 0x00, 0x00, 0x00, 0x00, 0x00, 0x00, 0x00, 0x00, 0x00, 0x00, 0x00,
    0x00, 0x00, 0x00, 0x00, 0x00, 0x00, 0x00, 0x00, 0x00, 0x00, 0x00, 0x00,
    0x00, 0x00, 0x00, 0x00, 0x00, 0x00, 0x00, 0x00, 0x00, 0x00, 0x00, 0x00,
    0x00, 0x00, 0x00, 0x00, 0x00, 0x00, 0x00, 0x00, 0x00, 0x00, 0x00, 0x00,
    0x00, 0x00, 0x00, 0x00, 0x00, 0x00, 0x00, 0x00, 0x00, 0x00, 0x00, 0x00,
    0x00, 0x00, 0x00, 0x00, 0x00, 0x00, 0x00, 0x00, 0x00, 0x00, 0x00, 0x00,
    0x00, 0x00, 0x00, 0x00, 0x00, 0x00, 0x00, 0x00, 0x00, 0x00, 0x00, 0x00,
    0x00, 0x00, 0x00, 0x00, 0x00, 0x00, 0x00, 0x00, 0x00, 0x00, 0x00, 0x00,
    0x00, 0x00, 0x00, 0x00, 0x00, 0x00, 0x00, 0x00, 0x10, 0x9e, 0x78, 0x78,
    0x98, 0x83, 0x99, 0x9a, 0x7c, 0x83, 0xa1, 0x7c, 0x7c, 0x7c, 0x83, 0xa1,
    0x84, 0x99, 0x96, 0x96, 0x96, 0x76, 0xa0, 0xbf, 0xb5, 0xbf, 0xc2, 0x75,
    0xc2, 0xc2, 0xbf, 0xa0, 0x9e, 0x9e, 0x99, 0x9e, 0x9e, 0x81, 0x9e, 0x96,
    0xc2, 0xb5, 0xb5, 0xb5, 0xbf, 0xbf, 0xaa, 0xa3, 0xaf, 0xa3, 0xc4, 0xb8,
    0xb8, 0xc5, 0xa4, 0xa4, 0xb8, 0xb5, 0xb5, 0xb8, 0x8f, 0x11, 0x1a, 0x1e,
    0x2a, 0x29, 0x2a, 0x2a, 0x3c, 0x3c, 0x43, 0x43, 0x36, 0x00, 0x00, 0x00,
    0x00, 0x00, 0x00, 0x00, 0x00, 0x00, 0x00, 0x00, 0x00, 0x00, 0x00, 0x00,
    0x00, 0x00, 0x00, 0x00, 0x00, 0x00, 0x00, 0x00, 0x00, 0x00, 0x00, 0x00,
    0x00, 0x00, 0x00, 0x00, 0x00, 0x00, 0x00, 0x00, 0x00, 0x00, 0x00, 0x00,
    0x00, 0x00, 0x00, 0x00, 0x00, 0x00, 0x00, 0x00, 0x00, 0x00, 0x00, 0x00,
    0x00, 0x00, 0x00, 0x00, 0x00, 0x00, 0x00, 0x00, 0x00, 0x00, 0x00, 0x00,
    0x00, 0x00, 0x00, 0x00, 0x00, 0x00, 0x00, 0x00, 0x00, 0x00, 0x00, 0x00,
    0x00, 0x00, 0x00, 0x00, 0x00, 0x00, 0x00, 0x00, 0x00, 0x00, 0x00, 0x00,
    0x00, 0x00, 0x00, 0x00, 0x00, 0x00, 0x00, 0x00, 0x00, 0x00, 0x00, 0x00,
    0x00, 0x00, 0x00, 0x00, 0x00, 0x00, 0x00, 0x00, 0x00, 0x00, 0x00, 0x00,
    0x00, 0x00, 0x00, 0x00, 0x00, 0x00, 0x00, 0x00, 0x00, 0x00, 0x00, 0x00,
    0x00, 0x00, 0x00, 0x00, 0x00, 0x00, 0x00, 0x00, 0x00, 0x00, 0x00, 0x00,
    0x00, 0x00, 0x00, 0x00, 0x00, 0x00, 0x00, 0x00, 0x00, 0x00, 0x00, 0x00,
    0x00, 0x00, 0x00, 0x00, 0x00, 0x00, 0x00, 0x00, 0x00, 0x00, 0x00, 0x00,
    0x00, 0x00, 0x00, 0x00, 0x00, 0x00, 0x00, 0x00, 0x00, 0x00, 0x00, 0x00,
    0x00, 0x00, 0x00, 0x00, 0x00, 0x00, 0x00, 0x00, 0x00, 0x00, 0x00, 0x00,
    0x00, 0x00, 0x00, 0x00, 0x00, 0x00, 0x00, 0x00, 0x00, 0x00, 0x00, 0x00,
    0x00, 0x00, 0x00, 0x00, 0x00, 0x00, 0x00, 0x00, 0x00, 0x00, 0x00, 0x00,
    0x00, 0x00, 0x00, 0x00, 0x00, 0x00, 0x00, 0x00, 0x00, 0x00, 0x00, 0x00,
    0x00, 0x00, 0x00, 0x00, 0x00, 0x00, 0x00, 0x00, 0x7b, 0x9e, 0x82, 0x82,
    0x9a, 0x7c, 0x83, 0x99, 0x99, 0x83, 0x83, 0xa1, 0xa1, 0x83, 0xa1, 0x84,
    0x84, 0x81, 0x9d, 0xc2, 0x95, 0x96, 0xa5, 0x96, 0x7e, 0xb5, 0xaa, 0xc4,
    0xaf, 0xaf, 0xa3, 0x90, 0x9e, 0x9e, 0x9e, 0x9e, 0x9e, 0x9e, 0x9e, 0x95,
    0xa0, 0x94, 0x94, 0xc4, 0xa4, 0xaa, 0xc4, 0xc4, 0xa4, 0xc4, 0xb8, 0xb8,
    0xc5, 0xa4, 0xa3, 0xa3, 0xb8, 0xb5, 0xb5, 0xb5, 0x8f, 0x70, 0x18, 0x1e,
    0x2a, 0x2a, 0x2a, 0x2a, 0x48, 0x3c, 0x43, 0x43, 0x5b, 0x12, 0x00, 0x00,
    0x00, 0x00, 0x00, 0x00, 0x00, 0x00, 0x00, 0x00, 0x00, 0x00, 0x00, 0x00,
    0x00, 0x00, 0x00, 0x00, 0x00, 0x00, 0x00, 0x00, 0x00, 0x00, 0x00, 0x00,
    0x00, 0x00, 0x00, 0x00, 0x00, 0x00, 0x00, 0x00, 0x00, 0x00, 0x00, 0x00,
    0x00, 0x00, 0x00, 0x00, 0x00, 0x00, 0x00, 0x00, 0x00, 0x00, 0x00, 0x00,
    0x00, 0x00, 0x00, 0x00, 0x00, 0x00, 0x00, 0x00, 0x00, 0x00, 0x00, 0x00,
    0x00, 0x00, 0x00, 0x00, 0x00, 0x00, 0x00, 0x00, 0x00, 0x00, 0x00, 0x00,
    0x00, 0x00, 0x00, 0x00, 0x00, 0x00, 0x00, 0x00, 0x00, 0x00, 0x00, 0x00,
    0x00, 0x00, 0x00, 0x00, 0x00, 0x00, 0x00, 0x00, 0x00, 0x00, 0x00, 0x00,
    0x00, 0x00, 0x00, 0x00, 0x00, 0x00, 0x00, 0x00, 0x00, 0x00, 0x00, 0x00,
    0x00, 0x00, 0x00, 0x00, 0x00, 0x00, 0x00, 0x00, 0x00, 0x00, 0x00, 0x00,
    0x00, 0x00, 0x00, 0x00, 0x00, 0x00, 0x00, 0x00, 0x00, 0x00, 0x00, 0x00,
    0x00, 0x00, 0x00, 0x00, 0x00, 0x00, 0x00, 0x00, 0x00, 0x00, 0x00, 0x00,
    0x00, 0x00, 0x00, 0x00, 0x00, 0x00, 0x00, 0x00, 0x00, 0x00, 0x00, 0x00,
    0x00, 0x00, 0x00, 0x00, 0x00, 0x00, 0x00, 0x00, 0x00, 0x00, 0x00, 0x00,
    0x00, 0x00, 0x00, 0x00, 0x00, 0x00, 0x00, 0x00, 0x00, 0x00, 0x00, 0x00,
    0x00, 0x00, 0x00, 0x00, 0x00, 0x00, 0x00, 0x00, 0x00, 0x00, 0x00, 0x00,
    0x00, 0x00, 0x00, 0x00, 0x00, 0x00, 0x00, 0x00, 0x00, 0x00, 0x00, 0x00,
    0x00, 0x00, 0x00, 0x00, 0x00, 0x00, 0x00, 0x00, 0x00, 0x00, 0x00, 0x00,
    0x00, 0x00, 0x00, 0x00, 0x00, 0x00, 0x00, 0x00, 0x7a, 0x9e, 0x82, 0x9a,
    0x99, 0x99, 0x7c, 0x9a, 0x7c, 0x81, 0x99, 0xa1, 0x84, 0x84, 0x84, 0x84,
    0x84, 0x81, 0x96, 0xa5, 0xa5, 0x96, 0x9d, 0x99, 0x9a, 0x91, 0x74, 0xaa,
    0xc4, 0xa3, 0xa3, 0xb8, 0x94, 0xa0, 0xa0, 0x94, 0x94, 0xa0, 0x94, 0xb5,
    0xaa, 0xc4, 0xc4, 0xa4, 0xc4, 0xaa, 0xb8, 0xc4, 0xc4, 0xb8, 0xb8, 0xc5,
    0xa4, 0xa3, 0xa3, 0xa3, 0xb8, 0xb5, 0xb5, 0xb5, 0x8f, 0x8f, 0x11, 0x1f,
    0x2a, 0x2a, 0x2a, 0x17, 0x2a, 0x3c, 0x43, 0x31, 0x43, 0xd1, 0x00, 0x00,
    0x00, 0x00, 0x00, 0x00, 0x00, 0x00, 0x00, 0x00, 0x00, 0x00, 0x00, 0x00,
    0x00, 0x00, 0x00, 0x00, 0x00, 0x00, 0x00, 0x00, 0x00, 0x00, 0x00, 0x00,
    0x00, 0x00, 0x00, 0x00, 0x00, 0x00, 0x00, 0x00, 0x00, 0x00, 0x00, 0x00,
    0x00, 0x00, 0x00, 0x00, 0x00, 0x00, 0x00, 0x00, 0x00, 0x00, 0x00, 0x00,
    0x00, 0x00, 0x00, 0x00, 0x00, 0x00, 0x00, 0x00, 0x00, 0x00, 0x00, 0x00,
    0x00, 0x00, 0x00, 0x00, 0x00, 0x00, 0x00, 0x00, 0x00, 0x00, 0x00, 0x00,
    0x00, 0x00, 0x00, 0x00, 0x00, 0x00, 0x00, 0x00, 0x00, 0x00, 0x00, 0x00,
    0x00, 0x00, 0x00, 0x00, 0x00, 0x00, 0x00, 0x00, 0x00, 0x00, 0x00, 0x00,
    0x00, 0x00, 0x00, 0x00, 0x00, 0x00, 0x00, 0x00, 0x00, 0x00, 0x00, 0x00,
    0x00, 0x00, 0x00, 0x00, 0x00, 0x00, 0x00, 0x00, 0x00, 0x00, 0x00, 0x00,
    0x00, 0x00, 0x00, 0x00, 0x00, 0x00, 0x00, 0x00, 0x00, 0x00, 0x00, 0x00,
    0x00, 0x00, 0x00, 0x00, 0x00, 0x00, 0x00, 0x00, 0x00, 0x00, 0x00, 0x00,
    0x00, 0x00, 0x00, 0x00, 0x00, 0x00, 0x00, 0x00, 0x00, 0x00, 0x00, 0x00,
    0x00, 0x00, 0x00, 0x00, 0x00, 0x00, 0x00, 0x00, 0x00, 0x00, 0x00, 0x00,
    0x00, 0x00, 0x00, 0x00, 0x00, 0x00, 0x00, 0x00, 0x00, 0x00, 0x00, 0x00,
    0x00, 0x00, 0x00, 0x00, 0x00, 0x00, 0x00, 0x00, 0x00, 0x00, 0x00, 0x00,
    0x00, 0x00, 0x00, 0x00, 0x00, 0x00, 0x00, 0x00, 0x00, 0x00, 0x00, 0x00,
    0x00, 0x00, 0x00, 0x00, 0x00, 0x00, 0x00, 0x00, 0x00, 0x00, 0x00, 0x00,
    0x00, 0x00, 0x00, 0x00, 0x00, 0x00, 0x00, 0x0c, 0x7a, 0x82, 0x9a, 0x9a,
    0x9a, 0x98, 0x9a, 0x99, 0x99, 0x83, 0xa1, 0x84, 0x84, 0x84, 0x84, 0x84,
    0x84, 0x84, 0x9d, 0xa5, 0xa0, 0x95, 0x95, 0x9e, 0x81, 0x99, 0x91, 0x74,
    0xb5, 0xc4, 0xc4, 0xa3, 0xa4, 0xc4, 0xc4, 0xc4, 0xaa, 0xc4, 0xc4, 0xc4,
    0xc4, 0xc4, 0xc4, 0xc4, 0xc4, 0xc4, 0xc4, 0xaa, 0xb5, 0xaa, 0xc5, 0xa4,
    0xa3, 0xaf, 0xa3, 0xa4, 0xb5, 0xbf, 0xb5, 0xb5, 0x8e, 0x8f, 0x70, 0x1a,
    0x1a, 0x2a, 0x2a, 0x18, 0x29, 0x3c, 0x43, 0x31, 0x31, 0x3e, 0x00, 0x00,
    0x00, 0x00, 0x00, 0x00, 0x00, 0x00, 0x00, 0x00, 0x00, 0x00, 0x00, 0x00,
    0x00, 0x00, 0x00, 0x00, 0x00, 0x00, 0x00, 0x00, 0x00, 0x00, 0x00, 0x00,
    0x00, 0x00, 0x00, 0x00, 0x00, 0x00, 0x00, 0x00, 0x00, 0x00, 0x00, 0x00,
    0x00, 0x00, 0x00, 0x00, 0x00, 0x00, 0x00, 0x00, 0x00, 0x00, 0x00, 0x00,
    0x00, 0x00, 0x00, 0x00, 0x00, 0x00, 0x00, 0x00, 0x00, 0x00, 0x00, 0x00,
    0x00, 0x00, 0x00, 0x00, 0x00, 0x00, 0x00, 0x00, 0x00, 0x00, 0x00, 0x00,
    0x00, 0x00, 0x00, 0x00, 0x00, 0x00, 0x00, 0x00, 0x00, 0x00, 0x00, 0x00,
    0x00, 0x00, 0x00, 0x00, 0x00, 0x00, 0x00, 0x00, 0x00, 0x00, 0x00, 0x00,
    0x00, 0x00, 0x00, 0x00, 0x00, 0x00, 0x00, 0x00, 0x00, 0x00, 0x00, 0x00,
    0x00, 0x00, 0x00, 0x00, 0x00, 0x00, 0x00, 0x00, 0x00, 0x00, 0x00, 0x00,
    0x00, 0x00, 0x00, 0x00, 0x00, 0x00, 0x00, 0x00, 0x00, 0x00, 0x00, 0x00,
    0x00, 0x00, 0x00, 0x00, 0x00, 0x00, 0x00, 0x00, 0x00, 0x00, 0x00, 0x00,
    0x00, 0x00, 0x00, 0x00, 0x00, 0x00, 0x00, 0x00, 0x00, 0x00, 0x00, 0x00,
    0x00, 0x00, 0x00, 0x00, 0x00, 0x00, 0x00, 0x00, 0x00, 0x00, 0x00, 0x00,
    0x00, 0x00, 0x00, 0x00, 0x00, 0x00, 0x00, 0x00, 0x00, 0x00, 0x00, 0x00,
    0x00, 0x00, 0x00, 0x00, 0x00, 0x00, 0x00, 0x00, 0x00, 0x00, 0x00, 0x00,
    0x00, 0x00, 0x00, 0x00, 0x00, 0x00, 0x00, 0x00, 0x00, 0x00, 0x00, 0x00,
    0x00, 0x00, 0x00, 0x00, 0x00, 0x00, 0x00, 0x00, 0x00, 0x00, 0x00, 0x00,
    0x00, 0x00, 0x00, 0x00, 0x00, 0x00, 0x00, 0x14, 0x72, 0x82, 0x9a, 0x82,
    0x99, 0x7c, 0x9a, 0x7c, 0x83, 0xa1, 0x84, 0x84, 0x84, 0x84, 0x84, 0x84,
    0x84, 0x80, 0x81, 0x96, 0xa0, 0xa0, 0xa0, 0xa0, 0x96, 0x81, 0x81, 0x77,
    0x75, 0x74, 0xbf, 0xb5, 0xaa, 0xaa, 0xaa, 0xbf, 0x74, 0xaa, 0xc4, 0xaa,
    0xaa, 0xaa, 0xaa, 0xaa, 0xb8, 0xb8, 0xb5, 0x94, 0xb5, 0xa4, 0x8c, 0xa4,
    0xa3, 0x8c, 0xa4, 0xb8, 0xbf, 0xbf, 0xbf, 0xb5, 0xb5, 0x8f, 0x70, 0x1a,
    0x2a, 0x2a, 0x2a, 0x2a, 0x29, 0x48, 0x43, 0x43, 0x31, 0xcf, 0x00, 0x00,
    0x00, 0x00, 0x00, 0x00, 0x00, 0x00, 0x00, 0x00, 0x00, 0x00, 0x00, 0x00,
    0x00, 0x00, 0x00, 0x00, 0x00, 0x00, 0x00, 0x00, 0x00, 0x00, 0x00, 0x00,
    0x00, 0x00, 0x00, 0x00, 0x00, 0x00, 0x00, 0x00, 0x00, 0x00, 0x00, 0x00,
    0x00, 0x00, 0x00, 0x00, 0x00, 0x00, 0x00, 0x00, 0x00, 0x00, 0x00, 0x00,
    0x00, 0x00, 0x00, 0x00, 0x00, 0x00, 0x00, 0x00, 0x00, 0x00, 0x00, 0x00,
    0x00, 0x00, 0x00, 0x00, 0x00, 0x00, 0x00, 0x00, 0x00, 0x00, 0x00, 0x00,
    0x00, 0x00, 0x00, 0x00, 0x00, 0x00, 0x00, 0x00, 0x00, 0x00, 0x00, 0x00,
    0x00, 0x00, 0x00, 0x00, 0x00, 0x00, 0x00, 0x00, 0x00, 0x00, 0x00, 0x00,
    0x00, 0x00, 0x00, 0x00, 0x00, 0x00, 0x00, 0x00, 0x00, 0x00, 0x00, 0x00,
    0x00, 0x00, 0x00, 0x00, 0x00, 0x00, 0x00, 0x00, 0x00, 0x00, 0x00, 0x00,
    0x00, 0x00, 0x00, 0x00, 0x00, 0x00, 0x00, 0x00, 0x00, 0x00, 0x00, 0x00,
    0x00, 0x00, 0x00, 0x00, 0x00, 0x00, 0x00, 0x00, 0x00, 0x00, 0x00, 0x00,
    0x00, 0x00, 0x00, 0x00, 0x00, 0x00, 0x00, 0x00, 0x00, 0x00, 0x00, 0x00,
    0x00, 0x00, 0x00, 0x00, 0x00, 0x00, 0x00, 0x00, 0x00, 0x00, 0x00, 0x00,
    0x00, 0x00, 0x00, 0x00, 0x00, 0x00, 0x00, 0x00, 0x00, 0x00, 0x00, 0x00,
    0x00, 0x00, 0x00, 0x00, 0x00, 0x00, 0x00, 0x00, 0x00, 0x00, 0x00, 0x00,
    0x00, 0x00, 0x00, 0x00, 0x00, 0x00, 0x00, 0x00, 0x00, 0x00, 0x00, 0x00,
    0x00, 0x00, 0x00, 0x00, 0x00, 0x00, 0x00, 0x00, 0x00, 0x00, 0x00, 0x00,
    0x00, 0x00, 0x00, 0x00, 0x00, 0x00, 0x00, 0x10, 0x9e, 0x99, 0x9a, 0x98,
    0x7c, 0xa1, 0x9a, 0x99, 0xa1, 0xa1, 0x84, 0x84, 0x80, 0x84, 0x84, 0x84,
    0x84, 0x80, 0x80, 0x9e, 0x95, 0xa0, 0xa0, 0x94, 0x94, 0x96, 0x81, 0xc0,
    0x79, 0x77, 0x7e, 0x75, 0x7e, 0x7e, 0x7e, 0x7e, 0x7e, 0x74, 0xaa, 0xb5,
    0xbf, 0xbf, 0xb5, 0xaa, 0xb5, 0xa0, 0xa0, 0xaa, 0xa4, 0x8c, 0xc5, 0xc5,
    0xa4, 0xb8, 0xb8, 0xbf, 0x74, 0x74, 0xbf, 0xb5, 0xb5, 0xb5, 0x8f, 0x1e,
    0x23, 0x1c, 0x2a, 0x2a, 0x32, 0x48, 0x43, 0x43, 0x31, 0x36, 0x00, 0x00,
    0x00, 0x00, 0x00, 0x00, 0x00, 0x00, 0x00, 0x00, 0x00, 0x00, 0x00, 0x00,
    0x00, 0x00, 0x00, 0x00, 0x00, 0x00, 0x00, 0x00, 0x00, 0x00, 0x00, 0x00,
    0x00, 0x00, 0x00, 0x00, 0x00, 0x00, 0x00, 0x00, 0x00, 0x00, 0x00, 0x00,
    0x00, 0x00, 0x00, 0x00, 0x00, 0x00, 0x00, 0x00, 0x00, 0x00, 0x00, 0x00,
    0x00, 0x00, 0x00, 0x00, 0x00, 0x00, 0x00, 0x00, 0x00, 0x00, 0x00, 0x00,
    0x00, 0x00, 0x00, 0x00, 0x00, 0x00, 0x00, 0x00, 0x00, 0x00, 0x00, 0x00,
    0x00, 0x00, 0x00, 0x00, 0x00, 0x00, 0x00, 0x00, 0x00, 0x00, 0x00, 0x00,
    0x00, 0x00, 0x00, 0x00, 0x00, 0x00, 0x00, 0x00, 0x00, 0x00, 0x00, 0x00,
    0x00, 0x00, 0x00, 0x00, 0x00, 0x00, 0x00, 0x00, 0x00, 0x00, 0x00, 0x00,
    0x00, 0x00, 0x00, 0x00, 0x00, 0x00, 0x00, 0x00, 0x00, 0x00, 0x00, 0x00,
    0x00, 0x00, 0x00, 0x00, 0x00, 0x00, 0x00, 0x00, 0x00, 0x00, 0x00, 0x00,
    0x00, 0x00, 0x00, 0x00, 0x00, 0x00, 0x00, 0x00, 0x00, 0x00, 0x00, 0x00,
    0x00, 0x00, 0x00, 0x00, 0x00, 0x00, 0x00, 0x00, 0x00, 0x00, 0x00, 0x00,
    0x00, 0x00, 0x00, 0x00, 0x00, 0x00, 0x00, 0x00, 0x00, 0x00, 0x00, 0x00,
    0x00, 0x00, 0x00, 0x00, 0x00, 0x00, 0x00, 0x00, 0x00, 0x00, 0x00, 0x00,
    0x00, 0x00, 0x00, 0x00, 0x00, 0x00, 0x00, 0x00, 0x00, 0x00, 0x00, 0x00,
    0x00, 0x00, 0x00, 0x00, 0x00, 0x00, 0x00, 0x00, 0x00, 0x00, 0x00, 0x00,
    0x00, 0x00, 0x00, 0x00, 0x00, 0x00, 0x00, 0x00, 0x00, 0x00, 0x00, 0x00,
    0x00, 0x00, 0x00, 0x00, 0x00, 0x00, 0x00, 0x03, 0x82, 0x99, 0x82, 0x82,
    0x9a, 0x7c, 0x9a, 0x9a, 0xa1, 0xa1, 0x84, 0x84, 0x80, 0x80, 0xab, 0xab,
    0xb0, 0xb0, 0xb0, 0x81, 0x9e, 0x95, 0xa0, 0x94, 0x94, 0xa0, 0xa5, 0x96,
    0x9e, 0x81, 0x7d, 0x73, 0x77, 0x77, 0x77, 0x73, 0x79, 0x73, 0x75, 0xbf,
    0xbf, 0x74, 0xc2, 0x75, 0x75, 0x94, 0xb8, 0xa4, 0x8c, 0xa4, 0xc5, 0xc5,
    0xb5, 0x94, 0xbf, 0x74, 0xa0, 0x74, 0x74, 0xbf, 0xb5, 0xb5, 0x8f, 0x70,
    0x1a, 0x17, 0x2a, 0x2a, 0x2a, 0x48, 0x43, 0x43, 0x31, 0x5b, 0x01, 0x00,
    0x00, 0x00, 0x00, 0x00, 0x00, 0x00, 0x00, 0x00, 0x00, 0x00, 0x00, 0x00,
    0x00, 0x00, 0x00, 0x00, 0x00, 0x00, 0x00, 0x00, 0x00, 0x00, 0x00, 0x00,
    0x00, 0x00, 0x00, 0x00, 0x00, 0x00, 0x00, 0x00, 0x00, 0x00, 0x00, 0x00,
    0x00, 0x00, 0x00, 0x00, 0x00, 0x00, 0x00, 0x00, 0x00, 0x00, 0x00, 0x00,
    0x00, 0x00, 0x00, 0x00, 0x00, 0x00, 0x00, 0x00, 0x00, 0x00, 0x00, 0x00,
    0x00, 0x00, 0x00, 0x00, 0x00, 0x00, 0x00, 0x00, 0x00, 0x00, 0x00, 0x00,
    0x00, 0x00, 0x00, 0x00, 0x00, 0x00, 0x00, 0x00, 0x00, 0x00, 0x00, 0x00,
    0x00, 0x00, 0x00, 0x00, 0x00, 0x00, 0x00, 0x00, 0x00, 0x00, 0x00, 0x00,
    0x00, 0x00, 0x00, 0x00, 0x00, 0x00, 0x00, 0x00, 0x00, 0x00, 0x00, 0x00,
    0x00, 0x00, 0x00, 0x00, 0x00, 0x00, 0x00, 0x00, 0x00, 0x00, 0x00, 0x00,
    0x00, 0x00, 0x00, 0x00, 0x00, 0x00, 0x00, 0x00, 0x00, 0x00, 0x00, 0x00,
    0x00, 0x00, 0x00, 0x00, 0x00, 0x00, 0x00, 0x00, 0x00, 0x00, 0x00, 0x00,
    0x00, 0x00, 0x00, 0x00, 0x00, 0x00, 0x00, 0x00, 0x00, 0x00, 0x00, 0x00,
    0x00, 0x00, 0x00, 0x00, 0x00, 0x00, 0x00, 0x00, 0x00, 0x00, 0x00, 0x00,
    0x00, 0x00, 0x00, 0x00, 0x00, 0x00, 0x00, 0x00, 0x00, 0x00, 0x00, 0x00,
    0x00, 0x00, 0x00, 0x00, 0x00, 0x00, 0x00, 0x00, 0x00, 0x00, 0x00, 0x00,
    0x00, 0x00, 0x00, 0x00, 0x00, 0x00, 0x00, 0x00, 0x00, 0x00, 0x00, 0x00,
    0x00, 0x00, 0x00, 0x00, 0x00, 0x00, 0x00, 0x00, 0x00, 0x00, 0x00, 0x00,
    0x00, 0x00, 0x00, 0x00, 0x00, 0x14, 0x10, 0x7a, 0x82, 0x98, 0x9a, 0x99,
    0x9a, 0x7c, 0x7c, 0x9a, 0xa1, 0xa1, 0x84, 0x80, 0x80, 0xb0, 0x80, 0x80,
    0xb0, 0xb0, 0xb0, 0x80, 0x81, 0x82, 0x95, 0xa5, 0xc2, 0x94, 0x94, 0xc2,
    0xa5, 0x96, 0x82, 0x81, 0x81, 0x81, 0x7d, 0x7d, 0x7d, 0x7d, 0x7d, 0x97,
    0x91, 0xa5, 0xa5, 0xa0, 0xb5, 0xa4, 0xa4, 0xa4, 0xc5, 0xc5, 0xc5, 0xb5,
    0xc2, 0xa0, 0xc2, 0x75, 0xc2, 0x74, 0x74, 0xbf, 0xb5, 0xb5, 0x8e, 0x8f,
    0x17, 0x1a, 0x1f, 0x2a, 0x48, 0x48, 0x3c, 0x43, 0x43, 0x43, 0x04, 0x07,
    0x01, 0x00, 0x00, 0x00, 0x00, 0x00, 0x00, 0x00, 0x00, 0x00, 0x00, 0x00,
    0x00, 0x00, 0x00, 0x00, 0x00, 0x00, 0x00, 0x00, 0x00, 0x00, 0x00, 0x00,
    0x00, 0x00, 0x00, 0x00, 0x00, 0x00, 0x00, 0x00, 0x00, 0x00, 0x00, 0x00,
    0x00, 0x00, 0x00, 0x00, 0x00, 0x00, 0x00, 0x00, 0x00, 0x00, 0x00, 0x00,
    0x00, 0x00, 0x00, 0x00, 0x00, 0x00, 0x00, 0x00, 0x00, 0x00, 0x00, 0x00,
    0x00, 0x00, 0x00, 0x00, 0x00, 0x00, 0x00, 0x00, 0x00, 0x00, 0x00, 0x00,
    0x00, 0x00, 0x00, 0x00, 0x00, 0x00, 0x00, 0x00, 0x00, 0x00, 0x00, 0x00,
    0x00, 0x00, 0x00, 0x00, 0x00, 0x00, 0x00, 0x00, 0x00, 0x00, 0x00, 0x00,
    0x00, 0x00, 0x00, 0x00, 0x00, 0x00, 0x00, 0x00, 0x00, 0x00, 0x00, 0x00,
    0x00, 0x00, 0x00, 0x00, 0x00, 0x00, 0x00, 0x00, 0x00, 0x00, 0x00, 0x00,
    0x00, 0x00, 0x00, 0x00, 0x00, 0x00, 0x00, 0x00, 0x00, 0x00, 0x00, 0x00,
    0x00, 0x00, 0x00, 0x00, 0x00, 0x00, 0x00, 0x00, 0x00, 0x00, 0x00, 0x00,
    0x00, 0x00, 0x00, 0x00, 0x00, 0x00, 0x00, 0x00, 0x00, 0x00, 0x00, 0x00,
    0x00, 0x00, 0x00, 0x00, 0x00, 0x00, 0x00, 0x00, 0x00, 0x00, 0x00, 0x00,
    0x00, 0x00, 0x00, 0x00, 0x00, 0x00, 0x00, 0x00, 0x00, 0x00, 0x00, 0x00,
    0x00, 0x00, 0x00, 0x00, 0x00, 0x00, 0x00, 0x00, 0x00, 0x00, 0x00, 0x00,
    0x00, 0x00, 0x00, 0x00, 0x00, 0x00, 0x00, 0x00, 0x00, 0x00, 0x00, 0x00,
    0x00, 0x00, 0x00, 0x00, 0x00, 0x00, 0x00, 0x00, 0x00, 0x00, 0x00, 0x00,
    0x00, 0x00, 0x00, 0x00, 0x7b, 0x72, 0x91, 0x96, 0x82, 0x82, 0x9a, 0x7c,
    0x9a, 0x7c, 0x7c, 0xa1, 0xa1, 0xa1, 0x84, 0xb0, 0xb0, 0x80, 0x80, 0xb0,
    0xb0, 0xb0, 0xb0, 0xb0, 0x80, 0xc0, 0x81, 0x9e, 0x9d, 0x95, 0xa5, 0xa0,
    0xa0, 0xa5, 0xa5, 0x95, 0x95, 0x9e, 0xa5, 0x74, 0x75, 0x76, 0x82, 0x99,
    0x96, 0x74, 0xaa, 0xb8, 0xc5, 0xa3, 0xc5, 0xb8, 0xb5, 0xaa, 0xb5, 0x75,
    0xa5, 0x7e, 0x7e, 0x7e, 0x75, 0xc2, 0x74, 0xbf, 0xb5, 0xaa, 0xb8, 0x8f,
    0x70, 0x1a, 0x1e, 0x59, 0x48, 0x3c, 0x3c, 0x43, 0x31, 0x31, 0x2a, 0x58,
    0x06, 0x2f, 0x00, 0x00, 0x00, 0x00, 0x00, 0x00, 0x00, 0x00, 0x00, 0x00,
    0x00, 0x00, 0x00, 0x00, 0x00, 0x00, 0x00, 0x00, 0x00, 0x00, 0x00, 0x00,
    0x00, 0x00, 0x00, 0x00, 0x00, 0x00, 0x00, 0x00, 0x00, 0x00, 0x00, 0x00,
    0x00, 0x00, 0x00, 0x00, 0x00, 0x00, 0x00, 0x00, 0x00, 0x00, 0x00, 0x00,
    0x00, 0x00, 0x00, 0x00, 0x00, 0x00, 0x00, 0x00, 0x00, 0x00, 0x00, 0x00,
    0x00, 0x00, 0x00, 0x00, 0x00, 0x00, 0x00, 0x00, 0x00, 0x00, 0x00, 0x00,
    0x00, 0x00, 0x00, 0x00, 0x00, 0x00, 0x00, 0x00, 0x00, 0x00, 0x00, 0x00,
    0x00, 0x00, 0x00, 0x00, 0x00, 0x00, 0x00, 0x00, 0x00, 0x00, 0x00, 0x00,
    0x00, 0x00, 0x00, 0x00, 0x00, 0x00, 0x00, 0x00, 0x00, 0x00, 0x00, 0x00,
    0x00, 0x00, 0x00, 0x00, 0x00, 0x00, 0x00, 0x00, 0x00, 0x00, 0x00, 0x00,
    0x00, 0x00, 0x00, 0x00, 0x00, 0x00, 0x00, 0x00, 0x00, 0x00, 0x00, 0x00,
    0x00, 0x00, 0x00, 0x00, 0x00, 0x00, 0x00, 0x00, 0x00, 0x00, 0x00, 0x00,
    0x00, 0x00, 0x00, 0x00, 0x00, 0x00, 0x00, 0x00, 0x00, 0x00, 0x00, 0x00,
    0x00, 0x00, 0x00, 0x00, 0x00, 0x00, 0x00, 0x00, 0x00, 0x00, 0x00, 0x00,
    0x00, 0x00, 0x00, 0x00, 0x00, 0x00, 0x00, 0x00, 0x00, 0x00, 0x00, 0x00,
    0x00, 0x00, 0x00, 0x00, 0x00, 0x00, 0x00, 0x00, 0x00, 0x00, 0x00, 0x00,
    0x00, 0x00, 0x00, 0x00, 0x00, 0x00, 0x00, 0x00, 0x00, 0x00, 0x00, 0x00,
    0x00, 0x00, 0x00, 0x00, 0x00, 0x00, 0x00, 0x00, 0x00, 0x00, 0x00, 0x00,
    0x00, 0x00, 0x00, 0x7b, 0x81, 0x7f, 0x78, 0x96, 0x99, 0x9a, 0x99, 0x9a,
    0x7c, 0x7c, 0x7c, 0x84, 0x84, 0x84, 0x80, 0xb0, 0xb0, 0xb0, 0x87, 0xb9,
    0xb9, 0xb9, 0xb9, 0xb0, 0x80, 0xb0, 0xb9, 0xb9, 0xc0, 0x81, 0x99, 0x96,
    0xc2, 0xa5, 0xb5, 0xc2, 0xa5, 0xa0, 0xc4, 0xa4, 0xa0, 0x9d, 0x9d, 0x94,
    0xb5, 0xb8, 0xc5, 0xa4, 0xa3, 0xaf, 0xc5, 0xbf, 0xbf, 0xa0, 0xa5, 0x91,
    0x91, 0x91, 0x76, 0x91, 0x7e, 0x75, 0xa0, 0x74, 0xbf, 0xb5, 0xb5, 0x8f,
    0x8f, 0x70, 0x17, 0x2a, 0x3c, 0x3c, 0x43, 0x43, 0x43, 0x31, 0x59, 0x8d,
    0x1a, 0x5b, 0x12, 0x00, 0x00, 0x00, 0x00, 0x00, 0x00, 0x00, 0x00, 0x00,
    0x00, 0x00, 0x00, 0x00, 0x00, 0x00, 0x00, 0x00, 0x00, 0x00, 0x00, 0x00,
    0x00, 0x00, 0x00, 0x00, 0x00, 0x00, 0x00, 0x00, 0x00, 0x00, 0x00, 0x00,
    0x00, 0x00, 0x00, 0x00, 0x00, 0x00, 0x00, 0x00, 0x00, 0x00, 0x00, 0x00,
    0x00, 0x00, 0x00, 0x00, 0x00, 0x00, 0x00, 0x00, 0x00, 0x00, 0x00, 0x00,
    0x00, 0x00, 0x00, 0x00, 0x00, 0x00, 0x00, 0x00, 0x00, 0x00, 0x00, 0x00,
    0x00, 0x00, 0x00, 0x00, 0x00, 0x00, 0x00, 0x00, 0x00, 0x00, 0x00, 0x00,
    0x00, 0x00, 0x00, 0x00, 0x00, 0x00, 0x00, 0x00, 0x00, 0x00, 0x00, 0x00,
    0x00, 0x00, 0x00, 0x00, 0x00, 0x00, 0x00, 0x00, 0x00, 0x00, 0x00, 0x00,
    0x00, 0x00, 0x00, 0x00, 0x00, 0x00, 0x00, 0x00, 0x00, 0x00, 0x00, 0x00,
    0x00, 0x00, 0x00, 0x00, 0x00, 0x00, 0x00, 0x00, 0x00, 0x00, 0x00, 0x00,
    0x00, 0x00, 0x00, 0x00, 0x00, 0x00, 0x00, 0x00, 0x00, 0x00, 0x00, 0x00,
    0x00, 0x00, 0x00, 0x00, 0x00, 0x00, 0x00, 0x00, 0x00, 0x00, 0x00, 0x00,
    0x00, 0x00, 0x00, 0x00, 0x00, 0x00, 0x00, 0x00, 0x00, 0x00, 0x00, 0x00,
    0x00, 0x00, 0x00, 0x00, 0x00, 0x00, 0x00, 0x00, 0x00, 0x00, 0x00, 0x00,
    0x00, 0x00, 0x00, 0x00, 0x00, 0x00, 0x00, 0x00, 0x00, 0x00, 0x00, 0x00,
    0x00, 0x00, 0x00, 0x00, 0x00, 0x00, 0x00, 0x00, 0x00, 0x00, 0x00, 0x00,
    0x00, 0x00, 0x00, 0x00, 0x00, 0x00, 0x00, 0x00, 0x00, 0x00, 0x00, 0x00,
    0x00, 0x00, 0x12, 0x72, 0x83, 0x7f, 0x78, 0x96, 0x99, 0x99, 0x7c, 0x7c,
    0x7c, 0x7c, 0xa1, 0x84, 0x84, 0x80, 0x80, 0xb0, 0x80, 0x80, 0x87, 0xb9,
    0xb9, 0xb9, 0xb9, 0xb9, 0xb9, 0xb9, 0xb9, 0xb9, 0xb9, 0x80, 0xc0, 0xc0,
    0x97, 0x95, 0x94, 0x94, 0x95, 0xa5, 0xc4, 0xa3, 0x94, 0x9e, 0x94, 0xb8,
    0xb8, 0xc5, 0x8c, 0xa3, 0xaf, 0xa3, 0xaa, 0x74, 0xc2, 0x7e, 0x91, 0x91,
    0x91, 0x76, 0x77, 0x91, 0x7e, 0xa5, 0xc2, 0x74, 0xbf, 0xbf, 0xb5, 0x8e,
    0x8f, 0x70, 0x18, 0x2a, 0x3c, 0x3c, 0x43, 0x43, 0x43, 0x31, 0x3c, 0x58,
    0x1a, 0x6f, 0x3e, 0x00, 0x00, 0x00, 0x00, 0x00, 0x00, 0x00, 0x00, 0x00,
    0x00, 0x00, 0x00, 0x00, 0x00, 0x00, 0x00, 0x00, 0x00, 0x00, 0x00, 0x00,
    0x00, 0x00, 0x00, 0x00, 0x00, 0x00, 0x00, 0x00, 0x00, 0x00, 0x00, 0x00,
    0x00, 0x00, 0x00, 0x00, 0x00, 0x00, 0x00, 0x00, 0x00, 0x00, 0x00, 0x00,
    0x00, 0x00, 0x00, 0x00, 0x00, 0x00, 0x00, 0x00, 0x00, 0x00, 0x00, 0x00,
    0x00, 0x00, 0x00, 0x00, 0x00, 0x00, 0x00, 0x00, 0x00, 0x00, 0x00, 0x00,
    0x00, 0x00, 0x00, 0x00, 0x00, 0x00, 0x00, 0x00, 0x00, 0x00, 0x00, 0x00,
    0x00, 0x00, 0x00, 0x00, 0x00, 0x00, 0x00, 0x00, 0x00, 0x00, 0x00, 0x00,
    0x00, 0x00, 0x00, 0x00, 0x00, 0x00, 0x00, 0x00, 0x00, 0x00, 0x00, 0x00,
    0x00, 0x00, 0x00, 0x00, 0x00, 0x00, 0x00, 0x00, 0x00, 0x00, 0x00, 0x00,
    0x00, 0x00, 0x00, 0x00, 0x00, 0x00, 0x00, 0x00, 0x00, 0x00, 0x00, 0x00,
    0x00, 0x00, 0x00, 0x00, 0x00, 0x00, 0x00, 0x00, 0x00, 0x00, 0x00, 0x00,
    0x00, 0x00, 0x00, 0x00, 0x00, 0x00, 0x00, 0x00, 0x00, 0x00, 0x00, 0x00,
    0x00, 0x00, 0x00, 0x00, 0x00, 0x00, 0x00, 0x00, 0x00, 0x00, 0x00, 0x00,
    0x00, 0x00, 0x00, 0x00, 0x00, 0x00, 0x00, 0x00, 0x00, 0x00, 0x00, 0x00,
    0x00, 0x00, 0x00, 0x00, 0x00, 0x00, 0x00, 0x00, 0x00, 0x00, 0x00, 0x00,
    0x00, 0x00, 0x00, 0x00, 0x00, 0x00, 0x00, 0x00, 0x00, 0x00, 0x00, 0x00,
    0x00, 0x00, 0x00, 0x00, 0x00, 0x00, 0x00, 0x00, 0x00, 0x00, 0x00, 0x00,
    0x00, 0x00, 0x7b, 0x7f, 0x7d, 0x83, 0x9d, 0x97, 0x99, 0x7c, 0x99, 0x7c,
    0xa1, 0x7c, 0xa1, 0x84, 0x80, 0x80, 0xb0, 0x80, 0xb9, 0xc0, 0x87, 0xb9,
    0xb9, 0xb9, 0xb9, 0xb9, 0x87, 0x87, 0xb9, 0xb9, 0x87, 0x87, 0x87, 0x80,
    0x81, 0x9d, 0xa5, 0xa0, 0x94, 0x94, 0xb5, 0xb8, 0x94, 0x95, 0xb5, 0x8f,
    0xc5, 0x8c, 0xaf, 0xa3, 0xa3, 0xb8, 0x74, 0xc2, 0x75, 0x75, 0x7e, 0x91,
    0x76, 0x77, 0x96, 0x76, 0x91, 0x7e, 0x75, 0xc2, 0x74, 0xbf, 0xb5, 0xb5,
    0x8f, 0x8f, 0x18, 0x2a, 0x59, 0x43, 0x43, 0x43, 0x43, 0x31, 0x3c, 0x49,
    0x1a, 0x23, 0x5b, 0x01, 0x00, 0x00, 0x00, 0x00, 0x00, 0x00, 0x00, 0x00,
    0x00, 0x00, 0x00, 0x00, 0x00, 0x00, 0x00, 0x00, 0x00, 0x00, 0x00, 0x00,
    0x00, 0x00, 0x00, 0x00, 0x00, 0x00, 0x00, 0x00, 0x00, 0x00, 0x00, 0x00,
    0x00, 0x00, 0x00, 0x00, 0x00, 0x00, 0x00, 0x00, 0x00, 0x00, 0x00, 0x00,
    0x00, 0x00, 0x00, 0x00, 0x00, 0x00, 0x00, 0x00, 0x00, 0x00, 0x00, 0x00,
    0x00, 0x00, 0x00, 0x00, 0x00, 0x00, 0x00, 0x00, 0x00, 0x00, 0x00, 0x00,
    0x00, 0x00, 0x00, 0x00, 0x00, 0x00, 0x00, 0x00, 0x00, 0x00, 0x00, 0x00,
    0x00, 0x00, 0x00, 0x00, 0x00, 0x00, 0x00, 0x00, 0x00, 0x00, 0x00, 0x00,
    0x00, 0x00, 0x00, 0x00, 0x00, 0x00, 0x00, 0x00, 0x00, 0x00, 0x00, 0x00,
    0x00, 0x00, 0x00, 0x00, 0x00, 0x00, 0x00, 0x00, 0x00, 0x00, 0x00, 0x00,
    0x00, 0x00, 0x00, 0x00, 0x00, 0x00, 0x00, 0x00, 0x00, 0x00, 0x00, 0x00,
    0x00, 0x00, 0x00, 0x00, 0x00, 0x00, 0x00, 0x00, 0x00, 0x00, 0x00, 0x00,
    0x00, 0x00, 0x00, 0x00, 0x00, 0x00, 0x00, 0x00, 0x00, 0x00, 0x00, 0x00,
    0x00, 0x00, 0x00, 0x00, 0x00, 0x00, 0x00, 0x00, 0x00, 0x00, 0x00, 0x00,
    0x00, 0x00, 0x00, 0x00, 0x00, 0x00, 0x00, 0x00, 0x00, 0x00, 0x00, 0x00,
    0x00, 0x00, 0x00, 0x00, 0x00, 0x00, 0x00, 0x00, 0x00, 0x00, 0x00, 0x00,
    0x00, 0x00, 0x00, 0x00, 0x00, 0x00, 0x00, 0x00, 0x00, 0x00, 0x00, 0x00,
    0x00, 0x00, 0x00, 0x00, 0x00, 0x00, 0x00, 0x00, 0x00, 0x00, 0x00, 0x00,
    0x00, 0x0c, 0x72, 0x7f, 0x7d, 0x7d, 0x96, 0x82, 0x99, 0x99, 0x7c, 0x83,
    0xa1, 0x83, 0x7f, 0x84, 0x80, 0x80, 0xc0, 0x87, 0xb9, 0xb9, 0xb9, 0xb9,
    0xb9, 0xb9, 0xb9, 0xb9, 0x80, 0x80, 0x87, 0xb9, 0xb9, 0xb9, 0xb9, 0x87,
    0xc0, 0x82, 0x96, 0x95, 0x94, 0xb5, 0xa0, 0x94, 0xa0, 0x95, 0x94, 0xc5,
    0x8c, 0xaf, 0xa3, 0x8c, 0xc4, 0xb5, 0xbf, 0x74, 0x74, 0xc2, 0x75, 0x91,
    0x77, 0x77, 0x77, 0x96, 0x76, 0x91, 0x75, 0xc2, 0x74, 0xbf, 0xbf, 0xb5,
    0x8f, 0x8f, 0x11, 0x1f, 0x59, 0x3c, 0x43, 0x43, 0x31, 0x31, 0x43, 0x49,
    0x4e, 0x1f, 0x3c, 0xd0, 0x00, 0x00, 0x00, 0x00, 0x00, 0x00, 0x00, 0x00,
    0x00, 0x00, 0x00, 0x00, 0x00, 0x00, 0x00, 0x00, 0x00, 0x00, 0x00, 0x00,
    0x00, 0x00, 0x00, 0x00, 0x00, 0x00, 0x00, 0x00, 0x00, 0x00, 0x00, 0x00,
    0x00, 0x00, 0x00, 0x00, 0x00, 0x00, 0x00, 0x00, 0x00, 0x00, 0x00, 0x00,
    0x00, 0x00, 0x00, 0x00, 0x00, 0x00, 0x00, 0x00, 0x00, 0x00, 0x00, 0x00,
    0x00, 0x00, 0x00, 0x00, 0x00, 0x00, 0x00, 0x00, 0x00, 0x00, 0x00, 0x00,
    0x00, 0x00, 0x00, 0x00, 0x00, 0x00, 0x00, 0x00, 0x00, 0x00, 0x00, 0x00,
    0x00, 0x00, 0x00, 0x00, 0x00, 0x00, 0x00, 0x00, 0x00, 0x00, 0x00, 0x00,
    0x00, 0x00, 0x00, 0x00, 0x00, 0x00, 0x00, 0x00, 0x00, 0x00, 0x00, 0x00,
    0x00, 0x00, 0x00, 0x00, 0x00, 0x00, 0x00, 0x00, 0x00, 0x00, 0x00, 0x00,
    0x00, 0x00, 0x00, 0x00, 0x00, 0x00, 0x00, 0x00, 0x00, 0x00, 0x00, 0x00,
    0x00, 0x00, 0x00, 0x00, 0x00, 0x00, 0x00, 0x00, 0x00, 0x00, 0x00, 0x00,
    0x00, 0x00, 0x00, 0x00, 0x00, 0x00, 0x00, 0x00, 0x00, 0x00, 0x00, 0x00,
    0x00, 0x00, 0x00, 0x00, 0x00, 0x00, 0x00, 0x00, 0x00, 0x00, 0x00, 0x00,
    0x00, 0x00, 0x00, 0x00, 0x00, 0x00, 0x00, 0x00, 0x00, 0x00, 0x00, 0x00,
    0x00, 0x00, 0x00, 0x00, 0x00, 0x00, 0x00, 0x00, 0x00, 0x00, 0x00, 0x00,
    0x00, 0x00, 0x00, 0x00, 0x00, 0x00, 0x00, 0x00, 0x00, 0x00, 0x00, 0x00,
    0x00, 0x00, 0x00, 0x00, 0x00, 0x00, 0x00, 0x00, 0x00, 0x00, 0x00, 0x00,
    0x00, 0x71, 0x81, 0x83, 0x7d, 0x79, 0x96, 0x82, 0x99, 0x7c, 0x99, 0xa1,
    0xa1, 0x84, 0xa1, 0x84, 0x80, 0x80, 0xc0, 0x87, 0x87, 0xb0, 0xb9, 0xb9,
    0xb9, 0xb9, 0xb9, 0xb9, 0x87, 0x80, 0x80, 0x87, 0xb9, 0xb9, 0xb9, 0x87,
    0x87, 0x80, 0x79, 0x9d, 0x95, 0xa5, 0x95, 0xa5, 0xa5, 0xa0, 0xb8, 0x8c,
    0xaf, 0xaf, 0xa3, 0xa4, 0xc4, 0xc4, 0xaa, 0xaa, 0xbf, 0x74, 0x75, 0x76,
    0x96, 0x9d, 0x77, 0x96, 0x91, 0x91, 0x7e, 0x75, 0xa0, 0x74, 0xbf, 0xb5,
    0xb5, 0x8f, 0x70, 0x17, 0x2a, 0x3c, 0x3c, 0x43, 0x31, 0x31, 0x43, 0x57,
    0x56, 0x4a, 0x6f, 0xcf, 0x00, 0x00, 0x00, 0x00, 0x00, 0x00, 0x00, 0x00,
    0x00, 0x00, 0x00, 0x00, 0x00, 0x00, 0x00, 0x00, 0x00, 0x00, 0x00, 0x00,
    0x00, 0x00, 0x00, 0x00, 0x00, 0x00, 0x00, 0x00, 0x00, 0x00, 0x00, 0x00,
    0x00, 0x00, 0x00, 0x00, 0x00, 0x00, 0x00, 0x00, 0x00, 0x00, 0x00, 0x00,
    0x00, 0x00, 0x00, 0x00, 0x00, 0x00, 0x00, 0x00, 0x00, 0x00, 0x00, 0x00,
    0x00, 0x00, 0x00, 0x00, 0x00, 0x00, 0x00, 0x00, 0x00, 0x00, 0x00, 0x00,
    0x00, 0x00, 0x00, 0x00, 0x00, 0x00, 0x00, 0x00, 0x00, 0x00, 0x00, 0x00,
    0x00, 0x00, 0x00, 0x00, 0x00, 0x00, 0x00, 0x00, 0x00, 0x00, 0x00, 0x00,
    0x00, 0x00, 0x00, 0x00, 0x00, 0x00, 0x00, 0x00, 0x00, 0x00, 0x00, 0x00,
    0x00, 0x00, 0x00, 0x00, 0x00, 0x00, 0x00, 0x00, 0x00, 0x00, 0x00, 0x00,
    0x00, 0x00, 0x00, 0x00, 0x00, 0x00, 0x00, 0x00, 0x00, 0x00, 0x00, 0x00,
    0x00, 0x00, 0x00, 0x00, 0x00, 0x00, 0x00, 0x00, 0x00, 0x00, 0x00, 0x00,
    0x00, 0x00, 0x00, 0x00, 0x00, 0x00, 0x00, 0x00, 0x00, 0x00, 0x00, 0x00,
    0x00, 0x00, 0x00, 0x00, 0x00, 0x00, 0x00, 0x00, 0x00, 0x00, 0x00, 0x00,
    0x00, 0x00, 0x00, 0x00, 0x00, 0x00, 0x00, 0x00, 0x00, 0x00, 0x00, 0x00,
    0x00, 0x00, 0x00, 0x00, 0x00, 0x00, 0x00, 0x00, 0x00, 0x00, 0x00, 0x00,
    0x00, 0x00, 0x00, 0x00, 0x00, 0x00, 0x00, 0x00, 0x00, 0x00, 0x00, 0x00,
    0x00, 0x00, 0x00, 0x00, 0x00, 0x00, 0x00, 0x00, 0x00, 0x00, 0x00, 0x00,
    0x00, 0x7b, 0x7f, 0x7d, 0x84, 0x7f, 0x96, 0x82, 0x99, 0x99, 0x99, 0xa1,
    0x84, 0x84, 0xa1, 0x84, 0x80, 0x87, 0x80, 0x87, 0x87, 0xb9, 0xb9, 0xb9,
    0x92, 0x92, 0xb9, 0xb9, 0x80, 0x80, 0x7f, 0x80, 0xb9, 0xb9, 0xb9, 0xb9,
    0x7d, 0x91, 0x7e, 0x73, 0x82, 0x82, 0x82, 0xa5, 0xb5, 0xc4, 0xa3, 0xaf,
    0xaf, 0xaf, 0xa3, 0xa3, 0xaf, 0xa3, 0xa4, 0xc4, 0xaa, 0x74, 0x7e, 0x76,
    0x77, 0x9d, 0x77, 0x77, 0x76, 0x76, 0x91, 0x75, 0x75, 0xa0, 0x74, 0xbf,
    0xb5, 0x8f, 0x8f, 0x17, 0x2a, 0x3c, 0x3c, 0x43, 0x31, 0x31, 0x31, 0x17,
    0x4e, 0x1e, 0x35, 0x1d, 0x12, 0x00, 0x00, 0x00, 0x00, 0x00, 0x00, 0x00,
    0x00, 0x00, 0x00, 0x00, 0x00, 0x00, 0x00, 0x00, 0x00, 0x00, 0x00, 0x00,
    0x00, 0x00, 0x00, 0x00, 0x00, 0x00, 0x00, 0x00, 0x00, 0x00, 0x00, 0x00,
    0x00, 0x00, 0x00, 0x00, 0x00, 0x00, 0x00, 0x00, 0x00, 0x00, 0x00, 0x00,
    0x00, 0x00, 0x00, 0x00, 0x00, 0x00, 0x00, 0x00, 0x00, 0x00, 0x00, 0x00,
    0x00, 0x00, 0x00, 0x00, 0x00, 0x00, 0x00, 0x00, 0x00, 0x00, 0x00, 0x00,
    0x00, 0x00, 0x00, 0x00, 0x00, 0x00, 0x00, 0x00, 0x00, 0x00, 0x00, 0x00,
    0x00, 0x00, 0x00, 0x00, 0x00, 0x00, 0x00, 0x00, 0x00, 0x00, 0x00, 0x00,
    0x00, 0x00, 0x00, 0x00, 0x00, 0x00, 0x00, 0x00, 0x00, 0x00, 0x00, 0x00,
    0x00, 0x00, 0x00, 0x00, 0x00, 0x00, 0x00, 0x00, 0x00, 0x00, 0x00, 0x00,
    0x00, 0x00, 0x00, 0x00, 0x00, 0x00, 0x00, 0x00, 0x00, 0x00, 0x00, 0x00,
    0x00, 0x00, 0x00, 0x00, 0x00, 0x00, 0x00, 0x00, 0x00, 0x00, 0x00, 0x00,
    0x00, 0x00, 0x00, 0x00, 0x00, 0x00, 0x00, 0x00, 0x00, 0x00, 0x00, 0x00,
    0x00, 0x00, 0x00, 0x00, 0x00, 0x00, 0x00, 0x00, 0x00, 0x00, 0x00, 0x00,
    0x00, 0x00, 0x00, 0x00, 0x00, 0x00, 0x00, 0x00, 0x00, 0x00, 0x00, 0x00,
    0x00, 0x00, 0x00, 0x00, 0x00, 0x00, 0x00, 0x00, 0x00, 0x00, 0x00, 0x00,
    0x00, 0x00, 0x00, 0x00, 0x00, 0x00, 0x00, 0x00, 0x00, 0x00, 0x00, 0x00,
    0x00, 0x00, 0x00, 0x00, 0x00, 0x00, 0x00, 0x00, 0x00, 0x00, 0x00, 0x00,
    0x00, 0x72, 0x81, 0x83, 0x92, 0x7f, 0x9d, 0x99, 0x99, 0x7c, 0x7c, 0xa1,
    0x84, 0x84, 0x80, 0x80, 0x80, 0x80, 0x80, 0x87, 0x87, 0xb9, 0xb9, 0xb9,
    0xb9, 0x92, 0x92, 0xb9, 0xb9, 0x80, 0x7f, 0x7f, 0x87, 0xb9, 0xb9, 0x7d,
    0xc2, 0xbf, 0x74, 0x7e, 0x9d, 0x82, 0x9d, 0x74, 0xaa, 0xb8, 0xa4, 0xaf,
    0xa3, 0xaf, 0xaf, 0xa3, 0xa3, 0xa3, 0xaf, 0xa3, 0xc4, 0x74, 0xa5, 0x76,
    0x9d, 0x77, 0x77, 0x77, 0x77, 0x76, 0x91, 0x7e, 0x75, 0xc2, 0xa0, 0xbf,
    0xbf, 0x8f, 0x8f, 0x1a, 0x1a, 0x59, 0x3c, 0x43, 0x31, 0x31, 0x31, 0x2a,
    0x8d, 0x8e, 0x3d, 0x2a, 0x10, 0x00, 0x00, 0x00, 0x00, 0x00, 0x00, 0x00,
    0x00, 0x00, 0x00, 0x00, 0x00, 0x00, 0x00, 0x00, 0x00, 0x00, 0x00, 0x00,
    0x00, 0x00, 0x00, 0x00, 0x00, 0x00, 0x00, 0x00, 0x00, 0x00, 0x00, 0x00,
    0x00, 0x00, 0x00, 0x00, 0x00, 0x00, 0x00, 0x00, 0x00, 0x00, 0x00, 0x00,
    0x00, 0x00, 0x00, 0x00, 0x00, 0x00, 0x00, 0x00, 0x00, 0x00, 0x00, 0x00,
    0x00, 0x00, 0x00, 0x00, 0x00, 0x00, 0x00, 0x00, 0x00, 0x00, 0x00, 0x00,
    0x00, 0x00, 0x00, 0x00, 0x00, 0x00, 0x00, 0x00, 0x00, 0x00, 0x00, 0x00,
    0x00, 0x00, 0x00, 0x00, 0x00, 0x00, 0x00, 0x00, 0x00, 0x00, 0x00, 0x00,
    0x00, 0x00, 0x00, 0x00, 0x00, 0x00, 0x00, 0x00, 0x00, 0x00, 0x00, 0x00,
    0x00, 0x00, 0x00, 0x00, 0x00, 0x00, 0x00, 0x00, 0x00, 0x00, 0x00, 0x00,
    0x00, 0x00, 0x00, 0x00, 0x00, 0x00, 0x00, 0x00, 0x00, 0x00, 0x00, 0x00,
    0x00, 0x00, 0x00, 0x00, 0x00, 0x00, 0x00, 0x00, 0x00, 0x00, 0x00, 0x00,
    0x00, 0x00, 0x00, 0x00, 0x00, 0x00, 0x00, 0x00, 0x00, 0x00, 0x00, 0x00,
    0x00, 0x00, 0x00, 0x00, 0x00, 0x00, 0x00, 0x00, 0x00, 0x00, 0x00, 0x00,
    0x00, 0x00, 0x00, 0x00, 0x00, 0x00, 0x00, 0x00, 0x00, 0x00, 0x00, 0x00,
    0x00, 0x00, 0x00, 0x00, 0x00, 0x00, 0x00, 0x00, 0x00, 0x00, 0x00, 0x00,
    0x00, 0x00, 0x00, 0x00, 0x00, 0x00, 0x00, 0x00, 0x00, 0x00, 0x00, 0x00,
    0x00, 0x00, 0x00, 0x00, 0x00, 0x00, 0x00, 0x00, 0x00, 0x00, 0x00, 0x00,
    0x0c, 0x72, 0x81, 0x87, 0x87, 0x73, 0x9d, 0x99, 0x99, 0x83, 0x83, 0x7f,
    0x80, 0x80, 0x80, 0x80, 0x80, 0x87, 0x87, 0x87, 0xb9, 0xb9, 0xb9, 0xb9,
    0x92, 0x92, 0x92, 0xb9, 0xb9, 0x87, 0x7f, 0x83, 0x7f, 0x87, 0xc0, 0x73,
    0x91, 0xaa, 0xa3, 0xa3, 0xa3, 0xaa, 0xa5, 0x75, 0xbf, 0xbf, 0xaa, 0xa3,
    0x69, 0x69, 0x69, 0x69, 0xa3, 0xc4, 0xc4, 0xaf, 0xc4, 0x74, 0x91, 0x96,
    0x9d, 0x77, 0x77, 0x9d, 0x77, 0x76, 0x91, 0x91, 0x7e, 0x75, 0xc2, 0x74,
    0xbf, 0xb5, 0x8f, 0x70, 0x1a, 0x2a, 0x3c, 0x43, 0x31, 0x31, 0x30, 0x2a,
    0xaf, 0xc5, 0x1f, 0x1e, 0x03, 0x00, 0x00, 0x00, 0x00, 0x00, 0x00, 0x00,
    0x00, 0x00, 0x00, 0x00, 0x00, 0x00, 0x00, 0x00, 0x00, 0x00, 0x00, 0x00,
    0x00, 0x00, 0x00, 0x00, 0x00, 0x00, 0x00, 0x00, 0x00, 0x00, 0x00, 0x00,
    0x00, 0x00, 0x00, 0x00, 0x00, 0x00, 0x00, 0x00, 0x00, 0x00, 0x00, 0x00,
    0x00, 0x00, 0x00, 0x00, 0x00, 0x00, 0x00, 0x00, 0x00, 0x00, 0x00, 0x00,
    0x00, 0x00, 0x00, 0x00, 0x00, 0x00, 0x00, 0x00, 0x00, 0x00, 0x00, 0x00,
    0x00, 0x00, 0x00, 0x00, 0x00, 0x00, 0x00, 0x00, 0x00, 0x00, 0x00, 0x00,
    0x00, 0x00, 0x00, 0x00, 0x00, 0x00, 0x00, 0x00, 0x00, 0x00, 0x00, 0x00,
    0x00, 0x00, 0x00, 0x00, 0x00, 0x00, 0x00, 0x00, 0x00, 0x00, 0x00, 0x00,
    0x00, 0x00, 0x00, 0x00, 0x00, 0x00, 0x00, 0x00, 0x00, 0x00, 0x00, 0x00,
    0x00, 0x00, 0x00, 0x00, 0x00, 0x00, 0x00, 0x00, 0x00, 0x00, 0x00, 0x00,
    0x00, 0x00, 0x00, 0x00, 0x00, 0x00, 0x00, 0x00, 0x00, 0x00, 0x00, 0x00,
    0x00, 0x00, 0x00, 0x00, 0x00, 0x00, 0x00, 0x00, 0x00, 0x00, 0x00, 0x00,
    0x00, 0x00, 0x00, 0x00, 0x00, 0x00, 0x00, 0x00, 0x00, 0x00, 0x00, 0x00,
    0x00, 0x00, 0x00, 0x00, 0x00, 0x00, 0x00, 0x00, 0x00, 0x00, 0x00, 0x00,
    0x00, 0x00, 0x00, 0x00, 0x00, 0x00, 0x00, 0x00, 0x00, 0x00, 0x00, 0x00,
    0x00, 0x00, 0x00, 0x00, 0x00, 0x00, 0x00, 0x00, 0x00, 0x00, 0x00, 0x00,
    0x00, 0x00, 0x00, 0x00, 0x00, 0x00, 0x00, 0x00, 0x00, 0x00, 0x00, 0x00,
    0x12, 0x82, 0x83, 0x7d, 0x7d, 0x73, 0x97, 0x99, 0x7c, 0xa1, 0x83, 0x7f,
    0x80, 0xb0, 0x80, 0x80, 0x80, 0xb9, 0xb9, 0xb9, 0xb9, 0xb9, 0x92, 0x92,
    0xbd, 0xbd, 0x92, 0x92, 0xb9, 0xb9, 0x87, 0x7f, 0x83, 0x7f, 0x81, 0x7d,
    0x79, 0x91, 0xc4, 0xa3, 0xa3, 0xc2, 0x97, 0x91, 0x75, 0xa0, 0xbf, 0xb8,
    0xa3, 0xa9, 0xa9, 0xaf, 0xc4, 0xb8, 0xb8, 0xa3, 0xc4, 0xc2, 0x91, 0x77,
    0x9d, 0x73, 0x9d, 0x77, 0x77, 0x77, 0x76, 0x76, 0x91, 0x7e, 0xc2, 0xa0,
    0x74, 0xb5, 0xb5, 0x8f, 0x1a, 0x2a, 0x2a, 0x43, 0x31, 0x31, 0x30, 0x48,
    0x8b, 0xc5, 0xa4, 0xc5, 0x04, 0x00, 0x00, 0x00, 0x00, 0x00, 0x00, 0x00,
    0x00, 0x00, 0x00, 0x00, 0x00, 0x00, 0x00, 0x00, 0x00, 0x00, 0x00, 0x00,
    0x00, 0x00, 0x00, 0x00, 0x00, 0x00, 0x00, 0x00, 0x00, 0x00, 0x00, 0x00,
    0x00, 0x00, 0x00, 0x00, 0x00, 0x00, 0x00, 0x00, 0x00, 0x00, 0x00, 0x00,
    0x00, 0x00, 0x00, 0x00, 0x00, 0x00, 0x00, 0x00, 0x00, 0x00, 0x00, 0x00,
    0x00, 0x00, 0x00, 0x00, 0x00, 0x00, 0x00, 0x00, 0x00, 0x00, 0x00, 0x00,
    0x00, 0x00, 0x00, 0x00, 0x00, 0x00, 0x00, 0x00, 0x00, 0x00, 0x00, 0x00,
    0x00, 0x00, 0x00, 0x00, 0x00, 0x00, 0x00, 0x00, 0x00, 0x00, 0x00, 0x00,
    0x00, 0x00, 0x00, 0x00, 0x00, 0x00, 0x00, 0x00, 0x00, 0x00, 0x00, 0x00,
    0x00, 0x00, 0x00, 0x00, 0x00, 0x00, 0x00, 0x00, 0x00, 0x00, 0x00, 0x00,
    0x00, 0x00, 0x00, 0x00, 0x00, 0x00, 0x00, 0x00, 0x00, 0x00, 0x00, 0x00,
    0x00, 0x00, 0x00, 0x00, 0x00, 0x00, 0x00, 0x00, 0x00, 0x00, 0x00, 0x00,
    0x00, 0x00, 0x00, 0x00, 0x00, 0x00, 0x00, 0x00, 0x00, 0x00, 0x00, 0x00,
    0x00, 0x00, 0x00, 0x00, 0x00, 0x00, 0x00, 0x00, 0x00, 0x00, 0x00, 0x00,
    0x00, 0x00, 0x00, 0x00, 0x00, 0x00, 0x00, 0x00, 0x00, 0x00, 0x00, 0x00,
    0x00, 0x00, 0x00, 0x00, 0x00, 0x00, 0x00, 0x00, 0x00, 0x00, 0x00, 0x00,
    0x00, 0x00, 0x00, 0x00, 0x00, 0x00, 0x00, 0x00, 0x00, 0x00, 0x00, 0x00,
    0x00, 0x00, 0x00, 0x00, 0x00, 0x00, 0x00, 0x00, 0x00, 0x00, 0x00, 0x00,
    0x71, 0x81, 0x79, 0x73, 0x79, 0x7d, 0x9e, 0x99, 0x7c, 0x7f, 0x7f, 0x84,
    0x80, 0x80, 0x7f, 0x80, 0x87, 0x80, 0x87, 0xb9, 0xb9, 0xb9, 0x92, 0xbd,
    0xbd, 0xbd, 0xbd, 0xbd, 0x92, 0xb9, 0xb9, 0x80, 0x83, 0x83, 0x7c, 0x7f,
    0x83, 0x7c, 0x79, 0x97, 0x97, 0x79, 0x78, 0x9d, 0x76, 0x91, 0x75, 0xb5,
    0xaa, 0xc5, 0xc5, 0xb8, 0xb8, 0xb8, 0xb8, 0xa4, 0xaa, 0xa5, 0x96, 0x9d,
    0x9d, 0x9d, 0x97, 0x77, 0x77, 0x77, 0x77, 0x96, 0x76, 0x91, 0x7e, 0xc2,
    0x74, 0xbf, 0xb5, 0x8f, 0x17, 0x23, 0x2a, 0x3c, 0x31, 0x30, 0x30, 0x43,
    0x58, 0xaf, 0xa3, 0xa4, 0x0d, 0x00, 0x00, 0x00, 0x00, 0x00, 0x00, 0x00,
    0x00, 0x00, 0x00, 0x00, 0x00, 0x00, 0x00, 0x00, 0x00, 0x00, 0x00, 0x00,
    0x00, 0x00, 0x00, 0x00, 0x00, 0x00, 0x00, 0x00, 0x00, 0x00, 0x00, 0x00,
    0x00, 0x00, 0x00, 0x00, 0x00, 0x00, 0x00, 0x00, 0x00, 0x00, 0x00, 0x00,
    0x00, 0x00, 0x00, 0x00, 0x00, 0x00, 0x00, 0x00, 0x00, 0x00, 0x00, 0x00,
    0x00, 0x00, 0x00, 0x00, 0x00, 0x00, 0x00, 0x00, 0x00, 0x00, 0x00, 0x00,
    0x00, 0x00, 0x00, 0x00, 0x00, 0x00, 0x00, 0x00, 0x00, 0x00, 0x00, 0x00,
    0x00, 0x00, 0x00, 0x00, 0x00, 0x00, 0x00, 0x00, 0x00, 0x00, 0x00, 0x00,
    0x00, 0x00, 0x00, 0x00, 0x00, 0x00, 0x00, 0x00, 0x00, 0x00, 0x00, 0x00,
    0x00, 0x00, 0x00, 0x00, 0x00, 0x00, 0x00, 0x00, 0x00, 0x00, 0x00, 0x00,
    0x00, 0x00, 0x00, 0x00, 0x00, 0x00, 0x00, 0x00, 0x00, 0x00, 0x00, 0x00,
    0x00, 0x00, 0x00, 0x00, 0x00, 0x00, 0x00, 0x00, 0x00, 0x00, 0x00, 0x00,
    0x00, 0x00, 0x00, 0x00, 0x00, 0x00, 0x00, 0x00, 0x00, 0x00, 0x00, 0x00,
    0x00, 0x00, 0x00, 0x00, 0x00, 0x00, 0x00, 0x00, 0x00, 0x00, 0x00, 0x00,
    0x00, 0x00, 0x00, 0x00, 0x00, 0x00, 0x00, 0x00, 0x00, 0x00, 0x00, 0x00,
    0x00, 0x00, 0x00, 0x00, 0x00, 0x00, 0x00, 0x00, 0x00, 0x00, 0x00, 0x00,
    0x00, 0x00, 0x00, 0x00, 0x00, 0x00, 0x00, 0x00, 0x00, 0x00, 0x00, 0x00,
    0x00, 0x00, 0x00, 0x00, 0x00, 0x00, 0x00, 0x00, 0x00, 0x00, 0x00, 0x00,
    0x7b, 0x7f, 0x79, 0x79, 0x7f, 0x81, 0x9e, 0x81, 0x83, 0x84, 0x84, 0x80,
    0xb0, 0x84, 0x84, 0x87, 0x87, 0xb9, 0xb9, 0xb9, 0x92, 0x92, 0x92, 0xbd,
    0xbd, 0xbd, 0xbd, 0xbd, 0x92, 0x92, 0xb9, 0x87, 0x7f, 0x83, 0x83, 0x80,
    0x80, 0x80, 0x81, 0x82, 0x82, 0x99, 0x7c, 0x9a, 0x82, 0x97, 0x96, 0xc2,
    0xaa, 0xb8, 0xb8, 0xb8, 0xaa, 0xaa, 0xaa, 0xc4, 0xbf, 0x91, 0x96, 0x9d,
    0x97, 0x97, 0x97, 0x73, 0x77, 0x77, 0x77, 0x77, 0x76, 0x91, 0xa5, 0x7e,
    0xc2, 0x74, 0x94, 0x94, 0x8f, 0x1a, 0x59, 0x3c, 0x31, 0x30, 0x30, 0x43,
    0x17, 0xa3, 0xa3, 0xa3, 0xc1, 0x00, 0x00, 0x00, 0x00, 0x00, 0x00, 0x00,
    0x00, 0x00, 0x00, 0x00, 0x00, 0x00, 0x00, 0x00, 0x00, 0x00, 0x00, 0x00,
    0x00, 0x00, 0x00, 0x00, 0x00, 0x00, 0x00, 0x00, 0x00, 0x00, 0x00, 0x00,
    0x00, 0x00, 0x00, 0x00, 0x00, 0x00, 0x00, 0x00, 0x00, 0x00, 0x00, 0x00,
    0x00, 0x00, 0x00, 0x00, 0x00, 0x00, 0x00, 0x00, 0x00, 0x00, 0x00, 0x00,
    0x00, 0x00, 0x00, 0x00, 0x00, 0x00, 0x00, 0x00, 0x00, 0x00, 0x00, 0x00,
    0x00, 0x00, 0x00, 0x00, 0x00, 0x00, 0x00, 0x00, 0x00, 0x00, 0x00, 0x00,
    0x00, 0x00, 0x00, 0x00, 0x00, 0x00, 0x00, 0x00, 0x00, 0x00, 0x00, 0x00,
    0x00, 0x00, 0x00, 0x00, 0x00, 0x00, 0x00, 0x00, 0x00, 0x00, 0x00, 0x00,
    0x00, 0x00, 0x00, 0x00, 0x00, 0x00, 0x00, 0x00, 0x00, 0x00, 0x00, 0x00,
    0x00, 0x00, 0x00, 0x00, 0x00, 0x00, 0x00, 0x00, 0x00, 0x00, 0x00, 0x00,
    0x00, 0x00, 0x00, 0x00, 0x00, 0x00, 0x00, 0x00, 0x00, 0x00, 0x00, 0x00,
    0x00, 0x00, 0x00, 0x00, 0x00, 0x00, 0x00, 0x00, 0x00, 0x00, 0x00, 0x00,
    0x00, 0x00, 0x00, 0x00, 0x00, 0x00, 0x00, 0x00, 0x00, 0x00, 0x00, 0x00,
    0x00, 0x00, 0x00, 0x00, 0x00, 0x00, 0x00, 0x00, 0x00, 0x00, 0x00, 0x00,
    0x00, 0x00, 0x00, 0x00, 0x00, 0x00, 0x00, 0x00, 0x00, 0x00, 0x00, 0x00,
    0x00, 0x00, 0x00, 0x00, 0x00, 0x00, 0x00, 0x00, 0x00, 0x00, 0x00, 0x00,
    0x00, 0x00, 0x00, 0x00, 0x00, 0x00, 0x00, 0x00, 0x00, 0x00, 0x00, 0x00,
    0x7b, 0x7f, 0x79, 0x79, 0x7f, 0x82, 0x82, 0x81, 0xa1, 0x84, 0x84, 0xb0,
    0xb0, 0x80, 0x80, 0xb9, 0xb9, 0x80, 0x7f, 0x92, 0x92, 0xbd, 0xbd, 0xbd,
    0xbd, 0xbd, 0xbd, 0xbd, 0xbd, 0x92, 0x92, 0xb9, 0x80, 0x7f, 0x83, 0x7f,
    0x87, 0x87, 0xc0, 0x81, 0x83, 0xc0, 0xc0, 0x81, 0x7d, 0x9a, 0x78, 0x76,
    0x74, 0xb5, 0xb8, 0xaa, 0xb5, 0xb5, 0xaa, 0xc4, 0xc2, 0x76, 0x77, 0x9d,
    0x97, 0x97, 0x97, 0x73, 0x73, 0x9d, 0x9d, 0x77, 0x96, 0x76, 0xa5, 0xa5,
    0xc2, 0x74, 0x94, 0xb5, 0x8f, 0x1a, 0x2a, 0x3c, 0x31, 0x30, 0x30, 0x43,
    0x1a, 0xa4, 0xaf, 0xa3, 0xc1, 0x01, 0x00, 0x00, 0x00, 0x00, 0x00, 0x00,
    0x00, 0x00, 0x00, 0x00, 0x00, 0x00, 0x00, 0x00, 0x00, 0x00, 0x00, 0x00,
    0x00, 0x00, 0x00, 0x00, 0x00, 0x00, 0x00, 0x00, 0x00, 0x00, 0x00, 0x00,
    0x00, 0x00, 0x00, 0x00, 0x00, 0x00, 0x00, 0x00, 0x00, 0x00, 0x00, 0x00,
    0x00, 0x00, 0x00, 0x00, 0x00, 0x00, 0x00, 0x00, 0x00, 0x00, 0x00, 0x00,
    0x00, 0x00, 0x00, 0x00, 0x00, 0x00, 0x00, 0x00, 0x00, 0x00, 0x00, 0x00,
    0x00, 0x00, 0x00, 0x00, 0x00, 0x00, 0x00, 0x00, 0x00, 0x00, 0x00, 0x00,
    0x00, 0x00, 0x00, 0x00, 0x00, 0x00, 0x00, 0x00, 0x00, 0x00, 0x00, 0x00,
    0x00, 0x00, 0x00, 0x00, 0x00, 0x00, 0x00, 0x00, 0x00, 0x00, 0x00, 0x00,
    0x00, 0x00, 0x00, 0x00, 0x00, 0x00, 0x00, 0x00, 0x00, 0x00, 0x00, 0x00,
    0x00, 0x00, 0x00, 0x00, 0x00, 0x00, 0x00, 0x00, 0x00, 0x00, 0x00, 0x00,
    0x00, 0x00, 0x00, 0x00, 0x00, 0x00, 0x00, 0x00, 0x00, 0x00, 0x00, 0x00,
    0x00, 0x00, 0x00, 0x00, 0x00, 0x00, 0x00, 0x00, 0x00, 0x00, 0x00, 0x00,
    0x00, 0x00, 0x00, 0x00, 0x00, 0x00, 0x00, 0x00, 0x00, 0x00, 0x00, 0x00,
    0x00, 0x00, 0x00, 0x00, 0x00, 0x00, 0x00, 0x00, 0x00, 0x00, 0x00, 0x00,
    0x00, 0x00, 0x00, 0x00, 0x00, 0x00, 0x00, 0x00, 0x00, 0x00, 0x00, 0x00,
    0x00, 0x00, 0x00, 0x00, 0x00, 0x00, 0x00, 0x00, 0x00, 0x00, 0x00, 0x00,
    0x00, 0x00, 0x00, 0x00, 0x00, 0x00, 0x00, 0x00, 0x00, 0x00, 0x00, 0x00,
    0x7a, 0x80, 0x7d, 0x79, 0x83, 0x82, 0x82, 0x83, 0x7f, 0x84, 0x80, 0xb0,
    0xb9, 0xb9, 0xb9, 0xb9, 0x92, 0x82, 0x76, 0xb9, 0xb9, 0x92, 0xbd, 0xbd,
    0xbd, 0xbd, 0xbd, 0xbd, 0xbd, 0x92, 0x92, 0x92, 0xb9, 0x87, 0x7f, 0x7f,
    0x80, 0x80, 0x80, 0x80, 0x87, 0x80, 0xb9, 0x80, 0x81, 0x7d, 0x98, 0x73,
    0xa5, 0xbf, 0xb5, 0x8f, 0x94, 0x94, 0xaa, 0xb5, 0xa5, 0x96, 0x77, 0x73,
    0x73, 0x97, 0x97, 0x73, 0x73, 0x73, 0x73, 0x77, 0x96, 0x76, 0x91, 0x7e,
    0x7e, 0xa0, 0x74, 0xb5, 0x8f, 0x1e, 0x23, 0x3c, 0x43, 0x30, 0x30, 0x31,
    0x18, 0xa4, 0xaf, 0xa3, 0xc1, 0x12, 0x00, 0x00, 0x00, 0x00, 0x00, 0x00,
    0x00, 0x00, 0x00, 0x00, 0x00, 0x00, 0x00, 0x00, 0x00, 0x00, 0x00, 0x00,
    0x00, 0x00, 0x00, 0x00, 0x00, 0x00, 0x00, 0x00, 0x00, 0x00, 0x00, 0x00,
    0x00, 0x00, 0x00, 0x00, 0x00, 0x00, 0x00, 0x00, 0x00, 0x00, 0x00, 0x00,
    0x00, 0x00, 0x00, 0x00, 0x00, 0x00, 0x00, 0x00, 0x00, 0x00, 0x00, 0x00,
    0x00, 0x00, 0x00, 0x00, 0x00, 0x00, 0x00, 0x00, 0x00, 0x00, 0x00, 0x00,
    0x00, 0x00, 0x00, 0x00, 0x00, 0x00, 0x00, 0x00, 0x00, 0x00, 0x00, 0x00,
    0x00, 0x00, 0x00, 0x00, 0x00, 0x00, 0x00, 0x00, 0x00, 0x00, 0x00, 0x00,
    0x00, 0x00, 0x00, 0x00, 0x00, 0x00, 0x00, 0x00, 0x00, 0x00, 0x00, 0x00,
    0x00, 0x00, 0x00, 0x00, 0x00, 0x00, 0x00, 0x00, 0x00, 0x00, 0x00, 0x00,
    0x00, 0x00, 0x00, 0x00, 0x00, 0x00, 0x00, 0x00, 0x00, 0x00, 0x00, 0x00,
    0x00, 0x00, 0x00, 0x00, 0x00, 0x00, 0x00, 0x00, 0x00, 0x00, 0x00, 0x00,
    0x00, 0x00, 0x00, 0x00, 0x00, 0x00, 0x00, 0x00, 0x00, 0x00, 0x00, 0x00,
    0x00, 0x00, 0x00, 0x00, 0x00, 0x00, 0x00, 0x00, 0x00, 0x00, 0x00, 0x00,
    0x00, 0x00, 0x00, 0x00, 0x00, 0x00, 0x00, 0x00, 0x00, 0x00, 0x00, 0x00,
    0x00, 0x00, 0x00, 0x00, 0x00, 0x00, 0x00, 0x00, 0x00, 0x00, 0x00, 0x00,
    0x00, 0x00, 0x00, 0x00, 0x00, 0x00, 0x00, 0x00, 0x00, 0x00, 0x00, 0x00,
    0x00, 0x00, 0x00, 0x00, 0x00, 0x00, 0x00, 0x00, 0x00, 0x00, 0x00, 0x00,
    0x7a, 0x80, 0x7d, 0x79, 0x7d, 0x9a, 0x99, 0x81, 0xa1, 0x7f, 0x80, 0xb0,
    0xb9, 0xb9, 0xb9, 0xb9, 0xb9, 0x87, 0x80, 0x92, 0x92, 0x92, 0x92, 0x92,
    0x92, 0x92, 0x92, 0xbd, 0x92, 0x92, 0x92, 0xbd, 0x92, 0x92, 0x87, 0x7f,
    0x7f, 0x7f, 0x7f, 0x80, 0x80, 0xb9, 0xbb, 0xbd, 0xc0, 0x83, 0x9a, 0x82,
    0x96, 0xa0, 0x94, 0x94, 0x94, 0xb5, 0xb8, 0x74, 0x91, 0x77, 0x77, 0x73,
    0x73, 0x73, 0x73, 0x73, 0x73, 0x77, 0x77, 0x77, 0x77, 0x96, 0x76, 0x91,
    0xa5, 0xc2, 0x74, 0x94, 0x94, 0x90, 0x1f, 0x59, 0x43, 0x30, 0x30, 0x31,
    0x18, 0xa3, 0xa3, 0xa3, 0xc1, 0x12, 0x00, 0x00, 0x00, 0x00, 0x00, 0x00,
    0x00, 0x00, 0x00, 0x00, 0x00, 0x00, 0x00, 0x00, 0x00, 0x00, 0x00, 0x00,
    0x00, 0x00, 0x00, 0x00, 0x00, 0x00, 0x00, 0x00, 0x00, 0x00, 0x00, 0x00,
    0x00, 0x00, 0x00, 0x00, 0x00, 0x00, 0x00, 0x00, 0x00, 0x00, 0x00, 0x00,
    0x00, 0x00, 0x00, 0x00, 0x00, 0x00, 0x00, 0x00, 0x00, 0x00, 0x00, 0x00,
    0x00, 0x00, 0x00, 0x00, 0x00, 0x00, 0x00, 0x00, 0x00, 0x00, 0x00, 0x00,
    0x00, 0x00, 0x00, 0x00, 0x00, 0x00, 0x00, 0x00, 0x00, 0x00, 0x00, 0x00,
    0x00, 0x00, 0x00, 0x00, 0x00, 0x00, 0x00, 0x00, 0x00, 0x00, 0x00, 0x00,
    0x00, 0x00, 0x00, 0x00, 0x00, 0x00, 0x00, 0x00, 0x00, 0x00, 0x00, 0x00,
    0x00, 0x00, 0x00, 0x00, 0x00, 0x00, 0x00, 0x00, 0x00, 0x00, 0x00, 0x00,
    0x00, 0x00, 0x00, 0x00, 0x00, 0x00, 0x00, 0x00, 0x00, 0x00, 0x00, 0x00,
    0x00, 0x00, 0x00, 0x00, 0x00, 0x00, 0x00, 0x00, 0x00, 0x00, 0x00, 0x00,
    0x00, 0x00, 0x00, 0x00, 0x00, 0x00, 0x00, 0x00, 0x00, 0x00, 0x00, 0x00,
    0x00, 0x00, 0x00, 0x00, 0x00, 0x00, 0x00, 0x00, 0x00, 0x00, 0x00, 0x00,
    0x00, 0x00, 0x00, 0x00, 0x00, 0x00, 0x00, 0x00, 0x00, 0x00, 0x00, 0x00,
    0x00, 0x00, 0x00, 0x00, 0x00, 0x00, 0x00, 0x00, 0x00, 0x00, 0x00, 0x00,
    0x00, 0x00, 0x00, 0x00, 0x00, 0x00, 0x00, 0x00, 0x00, 0x00, 0x00, 0x00,
    0x00, 0x00, 0x00, 0x00, 0x00, 0x00, 0x00, 0x00, 0x00, 0x00, 0x00, 0x00,
    0x72, 0x80, 0x7d, 0x73, 0x77, 0x73, 0x99, 0x81, 0x7f, 0x84, 0x84, 0x80,
    0xb9, 0xb9, 0xb9, 0x92, 0xb9, 0xb9, 0x92, 0x92, 0x92, 0x92, 0x92, 0xb9,
    0xb9, 0xb9, 0xb9, 0xb9, 0x92, 0x92, 0xbd, 0xbd, 0xbd, 0x92, 0xb9, 0x80,
    0x83, 0x7f, 0x7f, 0x80, 0x80, 0xb9, 0xbb, 0xbd, 0xc0, 0x81, 0x99, 0x79,
    0x9d, 0x75, 0x94, 0xb5, 0xb5, 0xc4, 0xaa, 0xc2, 0x91, 0x77, 0x77, 0x77,
    0x77, 0x77, 0x73, 0x78, 0x78, 0x73, 0x73, 0x76, 0x77, 0x77, 0x77, 0x91,
    0xa5, 0xc2, 0xa0, 0x74, 0x94, 0x70, 0x1a, 0x59, 0x43, 0x30, 0x30, 0x30,
    0x4e, 0xaf, 0xa3, 0xa3, 0x8e, 0x02, 0x00, 0x00, 0x00, 0x00, 0x00, 0x00,
    0x00, 0x00, 0x00, 0x00, 0x00, 0x00, 0x00, 0x00, 0x00, 0x00, 0x00, 0x00,
    0x00, 0x00, 0x00, 0x00, 0x00, 0x00, 0x00, 0x00, 0x00, 0x00, 0x00, 0x00,
    0x00, 0x00, 0x00, 0x00, 0x00, 0x00, 0x00, 0x00, 0x00, 0x00, 0x00, 0x00,
    0x00, 0x00, 0x00, 0x00, 0x00, 0x00, 0x00, 0x00, 0x00, 0x00, 0x00, 0x00,
    0x00, 0x00, 0x00, 0x00, 0x00, 0x00, 0x00, 0x00, 0x00, 0x00, 0x00, 0x00,
    0x00, 0x00, 0x00, 0x00, 0x00, 0x00, 0x00, 0x00, 0x00, 0x00, 0x00, 0x00,
    0x00, 0x00, 0x00, 0x00, 0x00, 0x00, 0x00, 0x00, 0x00, 0x00, 0x00, 0x00,
    0x00, 0x00, 0x00, 0x00, 0x00, 0x00, 0x00, 0x00, 0x00, 0x00, 0x00, 0x00,
    0x00, 0x00, 0x00, 0x00, 0x00, 0x00, 0x00, 0x00, 0x00, 0x00, 0x00, 0x00,
    0x00, 0x00, 0x00, 0x00, 0x00, 0x00, 0x00, 0x00, 0x00, 0x00, 0x00, 0x00,
    0x00, 0x00, 0x00, 0x00, 0x00, 0x00, 0x00, 0x00, 0x00, 0x00, 0x00, 0x00,
    0x00, 0x00, 0x00, 0x00, 0x00, 0x00, 0x00, 0x00, 0x00, 0x00, 0x00, 0x00,
    0x00, 0x00, 0x00, 0x00, 0x00, 0x00, 0x00, 0x00, 0x00, 0x00, 0x00, 0x00,
    0x00, 0x00, 0x00, 0x00, 0x00, 0x00, 0x00, 0x00, 0x00, 0x00, 0x00, 0x00,
    0x00, 0x00, 0x00, 0x00, 0x00, 0x00, 0x00, 0x00, 0x00, 0x00, 0x00, 0x00,
    0x00, 0x00, 0x00, 0x00, 0x00, 0x00, 0x00, 0x00, 0x00, 0x00, 0x00, 0x00,
    0x00, 0x00, 0x00, 0x00, 0x00, 0x00, 0x00, 0x00, 0x00, 0x00, 0x00, 0x0c,
    0x72, 0x7f, 0x7d, 0x73, 0x91, 0x91, 0x99, 0x7c, 0xa1, 0x84, 0x84, 0xb0,
    0xb9, 0x92, 0x80, 0xc0, 0x92, 0x92, 0x92, 0x92, 0xb9, 0xb9, 0x92, 0x92,
    0xb9, 0xb9, 0xb9, 0xb9, 0x92, 0x92, 0x92, 0x92, 0xbd, 0x92, 0xb9, 0x80,
    0x7f, 0x83, 0x7f, 0x84, 0x80, 0x80, 0xb9, 0xb9, 0xc0, 0x81, 0x7d, 0x98,
    0x73, 0x75, 0xbf, 0xb5, 0xb8, 0xc4, 0xbf, 0x75, 0x91, 0x77, 0x77, 0x77,
    0x77, 0x73, 0x78, 0x79, 0x82, 0x82, 0x78, 0x97, 0x73, 0x9d, 0x9d, 0x96,
    0x76, 0x7e, 0x75, 0xa0, 0x94, 0x94, 0x90, 0x59, 0x43, 0x30, 0x30, 0x30,
    0x58, 0xa3, 0xa4, 0xa4, 0x70, 0x10, 0x00, 0x00, 0x00, 0x00, 0x00, 0x00,
    0x00, 0x00, 0x00, 0x00, 0x00, 0x00, 0x00, 0x00, 0x00, 0x00, 0x00, 0x00,
    0x00, 0x00, 0x00, 0x00, 0x00, 0x00, 0x00, 0x00, 0x00, 0x00, 0x00, 0x00,
    0x00, 0x00, 0x00, 0x00, 0x00, 0x00, 0x00, 0x00, 0x00, 0x00, 0x00, 0x00,
    0x00, 0x00, 0x00, 0x00, 0x00, 0x00, 0x00, 0x00, 0x00, 0x00, 0x00, 0x00,
    0x00, 0x00, 0x00, 0x00, 0x00, 0x00, 0x00, 0x00, 0x00, 0x00, 0x00, 0x00,
    0x00, 0x00, 0x00, 0x00, 0x00, 0x00, 0x00, 0x00, 0x00, 0x00, 0x00, 0x00,
    0x00, 0x00, 0x00, 0x00, 0x00, 0x00, 0x00, 0x00, 0x00, 0x00, 0x00, 0x00,
    0x00, 0x00, 0x00, 0x00, 0x00, 0x00, 0x00, 0x00, 0x00, 0x00, 0x00, 0x00,
    0x00, 0x00, 0x00, 0x00, 0x00, 0x00, 0x00, 0x00, 0x00, 0x00, 0x00, 0x00,
    0x00, 0x00, 0x00, 0x00, 0x00, 0x00, 0x00, 0x00, 0x00, 0x00, 0x00, 0x00,
    0x00, 0x00, 0x00, 0x00, 0x00, 0x00, 0x00, 0x00, 0x00, 0x00, 0x00, 0x00,
    0x00, 0x00, 0x00, 0x00, 0x00, 0x00, 0x00, 0x00, 0x00, 0x00, 0x00, 0x00,
    0x00, 0x00, 0x00, 0x00, 0x00, 0x00, 0x00, 0x00, 0x00, 0x00, 0x00, 0x00,
    0x00, 0x00, 0x00, 0x00, 0x00, 0x00, 0x00, 0x00, 0x00, 0x00, 0x00, 0x00,
    0x00, 0x00, 0x00, 0x00, 0x00, 0x00, 0x00, 0x00, 0x00, 0x00, 0x00, 0x00,
    0x00, 0x00, 0x00, 0x00, 0x00, 0x00, 0x00, 0x00, 0x00, 0x00, 0x00, 0x00,
    0x00, 0x00, 0x00, 0x00, 0x00, 0x00, 0x00, 0x00, 0x00, 0x00, 0x00, 0x12,
    0x72, 0x7f, 0x7f, 0x79, 0x91, 0x91, 0x99, 0x7c, 0x7f, 0x84, 0x80, 0xb0,
    0xb9, 0x92, 0x80, 0xc0, 0x92, 0x92, 0x92, 0x92, 0x92, 0xb9, 0x87, 0x87,
    0xb9, 0xb9, 0xb9, 0xb9, 0xb9, 0xb9, 0xb9, 0x92, 0x92, 0xb9, 0xb9, 0x80,
    0xab, 0x7f, 0x7f, 0x7f, 0x80, 0x80, 0x7f, 0xc0, 0x81, 0x7c, 0x98, 0x78,
    0x77, 0x75, 0xbf, 0xaa, 0xc4, 0xaa, 0xbf, 0x75, 0x91, 0x76, 0x77, 0x77,
    0x73, 0x73, 0x73, 0x82, 0x78, 0x78, 0x78, 0x97, 0x97, 0x73, 0x96, 0x77,
    0x96, 0x91, 0x75, 0xc2, 0x94, 0x94, 0x90, 0x59, 0x43, 0x30, 0x30, 0x30,
    0x58, 0xa3, 0xa4, 0xc5, 0x70, 0x08, 0x00, 0x00, 0x00, 0x00, 0x00, 0x00,
    0x00, 0x00, 0x00, 0x00, 0x00, 0x00, 0x00, 0x00, 0x00, 0x00, 0x00, 0x00,
    0x00, 0x00, 0x00, 0x00, 0x00, 0x00, 0x00, 0x00, 0x00, 0x00, 0x00, 0x00,
    0x00, 0x00, 0x00, 0x00, 0x00, 0x00, 0x00, 0x00, 0x00, 0x00, 0x00, 0x00,
    0x00, 0x00, 0x00, 0x00, 0x00, 0x00, 0x00, 0x00, 0x00, 0x00, 0x00, 0x00,
    0x00, 0x00, 0x00, 0x00, 0x00, 0x00, 0x00, 0x00, 0x00, 0x00, 0x00, 0x00,
    0x00, 0x00, 0x00, 0x00, 0x00, 0x00, 0x00, 0x00, 0x00, 0x00, 0x00, 0x00,
    0x00, 0x00, 0x00, 0x00, 0x00, 0x00, 0x00, 0x00, 0x00, 0x00, 0x00, 0x00,
    0x00, 0x00, 0x00, 0x00, 0x00, 0x00, 0x00, 0x00, 0x00, 0x00, 0x00, 0x00,
    0x00, 0x00, 0x00, 0x00, 0x00, 0x00, 0x00, 0x00, 0x00, 0x00, 0x00, 0x00,
    0x00, 0x00, 0x00, 0x00, 0x00, 0x00, 0x00, 0x00, 0x00, 0x00, 0x00, 0x00,
    0x00, 0x00, 0x00, 0x00, 0x00, 0x00, 0x00, 0x00, 0x00, 0x00, 0x00, 0x00,
    0x00, 0x00, 0x00, 0x00, 0x00, 0x00, 0x00, 0x00, 0x00, 0x00, 0x00, 0x00,
    0x00, 0x00, 0x00, 0x00, 0x00, 0x00, 0x00, 0x00, 0x00, 0x00, 0x00, 0x00,
    0x00, 0x00, 0x00, 0x00, 0x00, 0x00, 0x00, 0x00, 0x00, 0x00, 0x00, 0x00,
    0x00, 0x00, 0x00, 0x00, 0x00, 0x00, 0x00, 0x00, 0x00, 0x00, 0x00, 0x00,
    0x00, 0x00, 0x00, 0x00, 0x00, 0x00, 0x00, 0x00, 0x00, 0x00, 0x00, 0x00,
    0x00, 0x00, 0x00, 0x00, 0x00, 0x00, 0x00, 0x00, 0x00, 0x00, 0x00, 0x2f,
    0x79, 0x7c, 0x84, 0x7c, 0x77, 0x91, 0x7c, 0x83, 0x7f, 0xab, 0x80, 0xb0,
    0xb9, 0xb9, 0x92, 0x92, 0x92, 0x92, 0x92, 0x92, 0xb9, 0xb9, 0xb9, 0x80,
    0x80, 0x87, 0xb9, 0xb9, 0xb9, 0xb9, 0x92, 0x92, 0x92, 0xb9, 0xb0, 0x80,
    0xab, 0x80, 0x7f, 0x7f, 0x7f, 0x7f, 0x7f, 0x80, 0x83, 0x7c, 0x98, 0x9d,
    0x91, 0xa0, 0xb5, 0xaa, 0xaa, 0xb5, 0x74, 0x75, 0x91, 0x76, 0x77, 0x77,
    0x73, 0x97, 0x97, 0x97, 0x73, 0x73, 0x97, 0x78, 0x78, 0x97, 0x97, 0x9d,
    0x96, 0x76, 0x7e, 0x75, 0x74, 0x94, 0x70, 0x1f, 0x43, 0x31, 0x30, 0x30,
    0x58, 0x8c, 0x8e, 0x70, 0x8f, 0x86, 0x00, 0x00, 0x00, 0x00, 0x00, 0x00,
    0x00, 0x00, 0x00, 0x00, 0x00, 0x00, 0x00, 0x00, 0x00, 0x00, 0x00, 0x00,
    0x00, 0x00, 0x00, 0x00, 0x00, 0x00, 0x00, 0x00, 0x00, 0x00, 0x00, 0x00,
    0x00, 0x00, 0x00, 0x00, 0x00, 0x00, 0x00, 0x00, 0x00, 0x00, 0x00, 0x00,
    0x00, 0x00, 0x00, 0x00, 0x00, 0x00, 0x00, 0x00, 0x00, 0x00, 0x00, 0x00,
    0x00, 0x00, 0x00, 0x00, 0x00, 0x00, 0x00, 0x00, 0x00, 0x00, 0x00, 0x00,
    0x00, 0x00, 0x00, 0x00, 0x00, 0x00, 0x00, 0x00, 0x00, 0x00, 0x00, 0x00,
    0x00, 0x00, 0x00, 0x00, 0x00, 0x00, 0x00, 0x00, 0x00, 0x00, 0x00, 0x00,
    0x00, 0x00, 0x00, 0x00, 0x00, 0x00, 0x00, 0x00, 0x00, 0x00, 0x00, 0x00,
    0x00, 0x00, 0x00, 0x00, 0x00, 0x00, 0x00, 0x00, 0x00, 0x00, 0x00, 0x00,
    0x00, 0x00, 0x00, 0x00, 0x00, 0x00, 0x00, 0x00, 0x00, 0x00, 0x00, 0x00,
    0x00, 0x00, 0x00, 0x00, 0x00, 0x00, 0x00, 0x00, 0x00, 0x00, 0x00, 0x00,
    0x00, 0x00, 0x00, 0x00, 0x00, 0x00, 0x00, 0x00, 0x00, 0x00, 0x00, 0x00,
    0x00, 0x00, 0x00, 0x00, 0x00, 0x00, 0x00, 0x00, 0x00, 0x00, 0x00, 0x00,
    0x00, 0x00, 0x00, 0x00, 0x00, 0x00, 0x00, 0x00, 0x00, 0x00, 0x00, 0x00,
    0x00, 0x00, 0x00, 0x00, 0x00, 0x00, 0x00, 0x00, 0x00, 0x00, 0x00, 0x00,
    0x00, 0x00, 0x00, 0x00, 0x00, 0x00, 0x00, 0x00, 0x00, 0x00, 0x00, 0x00,
    0x00, 0x00, 0x00, 0x00, 0x00, 0x00, 0x00, 0x00, 0x00, 0x00, 0x00, 0x71,
    0x79, 0x7d, 0x84, 0x84, 0x83, 0x97, 0x99, 0x83, 0x7f, 0x84, 0xb0, 0x80,
    0xb0, 0xb9, 0xb9, 0xb9, 0xb9, 0xb9, 0xb9, 0xb9, 0xb9, 0xb9, 0xb9, 0x80,
    0xc0, 0xc0, 0xc0, 0x80, 0x80, 0xb0, 0xb9, 0xb9, 0x92, 0xb9, 0xb0, 0x80,
    0xab, 0x80, 0x84, 0x7f, 0x7f, 0x7f, 0x7f, 0x7f, 0x7f, 0x7c, 0x79, 0x76,
    0xc2, 0xbf, 0xb5, 0xaa, 0xb5, 0xbf, 0x74, 0x75, 0x91, 0x76, 0x77, 0x77,
    0x9d, 0x9d, 0x9d, 0x9d, 0x9d, 0x97, 0x97, 0x97, 0x78, 0x97, 0x9d, 0x9d,
    0x9d, 0x96, 0x76, 0xa5, 0xa0, 0x94, 0x94, 0x1e, 0x3c, 0x31, 0x30, 0x30,
    0x1c, 0x11, 0x49, 0x1f, 0xc5, 0x86, 0x00, 0x00, 0x00, 0x00, 0x00, 0x00,
    0x00, 0x00, 0x00, 0x00, 0x00, 0x00, 0x00, 0x00, 0x00, 0x00, 0x00, 0x00,
    0x00, 0x00, 0x00, 0x00, 0x00, 0x00, 0x00, 0x00, 0x00, 0x00, 0x00, 0x00,
    0x00, 0x00, 0x00, 0x00, 0x00, 0x00, 0x00, 0x00, 0x00, 0x00, 0x00, 0x00,
    0x00, 0x00, 0x00, 0x00, 0x00, 0x00, 0x00, 0x00, 0x00, 0x00, 0x00, 0x00,
    0x00, 0x00, 0x00, 0x00, 0x00, 0x00, 0x00, 0x00, 0x00, 0x00, 0x00, 0x00,
    0x00, 0x00, 0x00, 0x00, 0x00, 0x00, 0x00, 0x00, 0x00, 0x00, 0x00, 0x00,
    0x00, 0x00, 0x00, 0x00, 0x00, 0x00, 0x00, 0x00, 0x00, 0x00, 0x00, 0x00,
    0x00, 0x00, 0x00, 0x00, 0x00, 0x00, 0x00, 0x00, 0x00, 0x00, 0x00, 0x00,
    0x00, 0x00, 0x00, 0x00, 0x00, 0x00, 0x00, 0x00, 0x00, 0x00, 0x00, 0x00,
    0x00, 0x00, 0x00, 0x00, 0x00, 0x00, 0x00, 0x00, 0x00, 0x00, 0x00, 0x00,
    0x00, 0x00, 0x00, 0x00, 0x00, 0x00, 0x00, 0x00, 0x00, 0x00, 0x00, 0x00,
    0x00, 0x00, 0x00, 0x00, 0x00, 0x00, 0x00, 0x00, 0x00, 0x00, 0x00, 0x00,
    0x00, 0x00, 0x00, 0x00, 0x00, 0x00, 0x00, 0x00, 0x00, 0x00, 0x00, 0x00,
    0x00, 0x00, 0x00, 0x00, 0x00, 0x00, 0x00, 0x00, 0x00, 0x00, 0x00, 0x00,
    0x00, 0x00, 0x00, 0x00, 0x00, 0x00, 0x00, 0x00, 0x00, 0x00, 0x00, 0x00,
    0x00, 0x00, 0x00, 0x00, 0x00, 0x00, 0x00, 0x00, 0x00, 0x00, 0x00, 0x00,
    0x00, 0x00, 0x00, 0x00, 0x00, 0x00, 0x00, 0x00, 0x00, 0x00, 0x00, 0x71,
    0x78, 0x79, 0x84, 0x80, 0x87, 0x9a, 0x99, 0xa1, 0xa1, 0x84, 0xb0, 0xb0,
    0xb0, 0xb9, 0xb9, 0xb9, 0xb9, 0xb9, 0xb9, 0xb9, 0xb9, 0xb9, 0xb9, 0xb9,
    0xb9, 0x80, 0xc0, 0x81, 0x81, 0x84, 0xb0, 0xb0, 0xb9, 0xb9, 0xb0, 0x84,
    0x84, 0x84, 0x84, 0x7f, 0x7f, 0xab, 0x87, 0x87, 0xc0, 0x7d, 0x73, 0x7e,
    0x74, 0xb5, 0xaa, 0xb5, 0xb5, 0xbf, 0x74, 0x75, 0x91, 0x76, 0x76, 0x76,
    0x96, 0x9d, 0x9d, 0x9d, 0x9d, 0x9d, 0x9d, 0x9d, 0x9d, 0x9d, 0x9d, 0x9d,
    0x9d, 0x96, 0x76, 0xa5, 0xc2, 0xa0, 0x94, 0x90, 0x3c, 0x31, 0x30, 0x31,
    0x43, 0x09, 0x58, 0x1f, 0xa4, 0x03, 0x00, 0x00, 0x00, 0x00, 0x00, 0x00,
    0x00, 0x00, 0x00, 0x00, 0x00, 0x00, 0x00, 0x00, 0x00, 0x00, 0x00, 0x00,
    0x00, 0x00, 0x00, 0x00, 0x00, 0x00, 0x00, 0x00, 0x00, 0x00, 0x00, 0x00,
    0x00, 0x00, 0x00, 0x00, 0x00, 0x00, 0x00, 0x00, 0x00, 0x00, 0x00, 0x00,
    0x00, 0x00, 0x00, 0x00, 0x00, 0x00, 0x00, 0x00, 0x00, 0x00, 0x00, 0x00,
    0x00, 0x00, 0x00, 0x00, 0x00, 0x00, 0x00, 0x00, 0x00, 0x00, 0x00, 0x00,
    0x00, 0x00, 0x00, 0x00, 0x00, 0x00, 0x00, 0x00, 0x00, 0x00, 0x00, 0x00,
    0x00, 0x00, 0x00, 0x00, 0x00, 0x00, 0x00, 0x00, 0x00, 0x00, 0x00, 0x00,
    0x00, 0x00, 0x00, 0x00, 0x00, 0x00, 0x00, 0x00, 0x00, 0x00, 0x00, 0x00,
    0x00, 0x00, 0x00, 0x00, 0x00, 0x00, 0x00, 0x00, 0x00, 0x00, 0x00, 0x00,
    0x00, 0x00, 0x00, 0x00, 0x00, 0x00, 0x00, 0x00, 0x00, 0x00, 0x00, 0x00,
    0x00, 0x00, 0x00, 0x00, 0x00, 0x00, 0x00, 0x00, 0x00, 0x00, 0x00, 0x00,
    0x00, 0x00, 0x00, 0x00, 0x00, 0x00, 0x00, 0x00, 0x00, 0x00, 0x00, 0x00,
    0x00, 0x00, 0x00, 0x00, 0x00, 0x00, 0x00, 0x00, 0x00, 0x00, 0x00, 0x00,
    0x00, 0x00, 0x00, 0x00, 0x00, 0x00, 0x00, 0x00, 0x00, 0x00, 0x00, 0x00,
    0x00, 0x00, 0x00, 0x00, 0x00, 0x00, 0x00, 0x00, 0x00, 0x00, 0x00, 0x00,
    0x00, 0x00, 0x00, 0x00, 0x00, 0x00, 0x00, 0x00, 0x00, 0x00, 0x00, 0x00,
    0x00, 0x00, 0x00, 0x00, 0x00, 0x00, 0x00, 0x00, 0x00, 0x00, 0x00, 0x71,
    0x73, 0x73, 0x7f, 0x87, 0x81, 0x82, 0x81, 0xa1, 0xa1, 0xa1, 0xb0, 0xb0,
    0xb0, 0xb9, 0xb9, 0xb9, 0xb9, 0x92, 0x92, 0x92, 0xb9, 0xb9, 0x92, 0x92,
    0x92, 0xb9, 0xb9, 0xc0, 0xc0, 0xc0, 0xc0, 0x80, 0xb0, 0xb9, 0xb0, 0xab,
    0x84, 0x84, 0xab, 0x84, 0x84, 0xab, 0x80, 0x87, 0x80, 0x7d, 0x73, 0x75,
    0xbf, 0xaa, 0xaa, 0xb5, 0xb5, 0xbf, 0x74, 0x7e, 0x7e, 0x7e, 0x76, 0x96,
    0x9d, 0x96, 0x9d, 0x9d, 0x9d, 0x96, 0x96, 0x96, 0x96, 0x96, 0x76, 0x76,
    0x76, 0x76, 0x91, 0xa5, 0xc2, 0xa0, 0x94, 0x90, 0x41, 0x31, 0x30, 0x31,
    0x6f, 0x18, 0x8d, 0x8f, 0xa3, 0x03, 0x00, 0x00, 0x00, 0x00, 0x00, 0x00,
    0x00, 0x00, 0x00, 0x00, 0x00, 0x00, 0x00, 0x00, 0x00, 0x00, 0x00, 0x00,
    0x00, 0x00, 0x00, 0x00, 0x00, 0x00, 0x00, 0x00, 0x00, 0x00, 0x00, 0x00,
    0x00, 0x00, 0x00, 0x00, 0x00, 0x00, 0x00, 0x00, 0x00, 0x00, 0x00, 0x00,
    0x00, 0x00, 0x00, 0x00, 0x00, 0x00, 0x00, 0x00, 0x00, 0x00, 0x00, 0x00,
    0x00, 0x00, 0x00, 0x00, 0x00, 0x00, 0x00, 0x00, 0x00, 0x00, 0x00, 0x00,
    0x00, 0x00, 0x00, 0x00, 0x00, 0x00, 0x00, 0x00, 0x00, 0x00, 0x00, 0x00,
    0x00, 0x00, 0x00, 0x00, 0x00, 0x00, 0x00, 0x00, 0x00, 0x00, 0x00, 0x00,
    0x00, 0x00, 0x00, 0x00, 0x00, 0x00, 0x00, 0x00, 0x00, 0x00, 0x00, 0x00,
    0x00, 0x00, 0x00, 0x00, 0x00, 0x00, 0x00, 0x00, 0x00, 0x00, 0x00, 0x00,
    0x00, 0x00, 0x00, 0x00, 0x00, 0x00, 0x00, 0x00, 0x00, 0x00, 0x00, 0x00,
    0x00, 0x00, 0x00, 0x00, 0x00, 0x00, 0x00, 0x00, 0x00, 0x00, 0x00, 0x00,
    0x00, 0x00, 0x00, 0x00, 0x00, 0x00, 0x00, 0x00, 0x00, 0x00, 0x00, 0x00,
    0x00, 0x00, 0x00, 0x00, 0x00, 0x00, 0x00, 0x00, 0x00, 0x00, 0x00, 0x00,
    0x00, 0x00, 0x00, 0x00, 0x00, 0x00, 0x00, 0x00, 0x00, 0x00, 0x00, 0x00,
    0x00, 0x00, 0x00, 0x00, 0x00, 0x00, 0x00, 0x00, 0x00, 0x00, 0x00, 0x00,
    0x00, 0x00, 0x00, 0x00, 0x00, 0x00, 0x00, 0x00, 0x00, 0x00, 0x00, 0x00,
    0x00, 0x00, 0x00, 0x00, 0x00, 0x00, 0x00, 0x00, 0x00, 0x00, 0x00, 0x2f,
    0x73, 0x73, 0x7d, 0x7f, 0x7d, 0x9a, 0x81, 0xa1, 0xa1, 0xa1, 0xab, 0xb0,
    0xb0, 0xb9, 0xb9, 0xb9, 0xb9, 0xb9, 0xb9, 0x92, 0x92, 0xb9, 0xb9, 0x92,
    0xb9, 0xb9, 0xb9, 0xc0, 0xc0, 0xc0, 0x81, 0xc0, 0xc0, 0x80, 0xb0, 0x84,
    0x84, 0x7f, 0x84, 0xab, 0x84, 0x80, 0x87, 0x87, 0x7f, 0x7d, 0x77, 0x75,
    0xbf, 0xaa, 0xaa, 0xb5, 0xb5, 0xbf, 0xc2, 0x75, 0x75, 0xa5, 0x96, 0x96,
    0x96, 0x96, 0x96, 0x9d, 0x9d, 0x9d, 0x96, 0x76, 0x76, 0x91, 0x91, 0x91,
    0xa5, 0x75, 0xa5, 0x75, 0xc2, 0x74, 0xbf, 0x70, 0x35, 0x31, 0x30, 0x31,
    0x59, 0x4a, 0x09, 0xc5, 0xa3, 0x03, 0x00, 0x00, 0x00, 0x00, 0x00, 0x00,
    0x00, 0x00, 0x00, 0x00, 0x00, 0x00, 0x00, 0x00, 0x00, 0x00, 0x00, 0x00,
    0x00, 0x00, 0x00, 0x00, 0x00, 0x00, 0x00, 0x00, 0x00, 0x00, 0x00, 0x00,
    0x00, 0x00, 0x00, 0x00, 0x00, 0x00, 0x00, 0x00, 0x00, 0x00, 0x00, 0x00,
    0x00, 0x00, 0x00, 0x00, 0x00, 0x00, 0x00, 0x00, 0x00, 0x00, 0x00, 0x00,
    0x00, 0x00, 0x00, 0x00, 0x00, 0x00, 0x00, 0x00, 0x00, 0x00, 0x00, 0x00,
    0x00, 0x00, 0x00, 0x00, 0x00, 0x00, 0x00, 0x00, 0x00, 0x00, 0x00, 0x00,
    0x00, 0x00, 0x00, 0x00, 0x00, 0x00, 0x00, 0x00, 0x00, 0x00, 0x00, 0x00,
    0x00, 0x00, 0x00, 0x00, 0x00, 0x00, 0x00, 0x00, 0x00, 0x00, 0x00, 0x00,
    0x00, 0x00, 0x00, 0x00, 0x00, 0x00, 0x00, 0x00, 0x00, 0x00, 0x00, 0x00,
    0x00, 0x00, 0x00, 0x00, 0x00, 0x00, 0x00, 0x00, 0x00, 0x00, 0x00, 0x00,
    0x00, 0x00, 0x00, 0x00, 0x00, 0x00, 0x00, 0x00, 0x00, 0x00, 0x00, 0x00,
    0x00, 0x00, 0x00, 0x00, 0x00, 0x00, 0x00, 0x00, 0x00, 0x00, 0x00, 0x00,
    0x00, 0x00, 0x00, 0x00, 0x00, 0x00, 0x00, 0x00, 0x00, 0x00, 0x00, 0x00,
    0x00, 0x00, 0x00, 0x00, 0x00, 0x00, 0x00, 0x00, 0x00, 0x00, 0x00, 0x00,
    0x00, 0x00, 0x00, 0x00, 0x00, 0x00, 0x00, 0x00, 0x00, 0x00, 0x00, 0x00,
    0x00, 0x00, 0x00, 0x00, 0x00, 0x00, 0x00, 0x00, 0x00, 0x00, 0x00, 0x00,
    0x00, 0x00, 0x00, 0x00, 0x00, 0x00, 0x00, 0x00, 0x00, 0x00, 0x00, 0x2f,
    0x77, 0x77, 0x79, 0x7d, 0x83, 0x99, 0x81, 0xa1, 0xa1, 0x84, 0xb0, 0xb0,
    0xb0, 0xb0, 0xb9, 0xb9, 0xb0, 0xb0, 0xb9, 0xb9, 0xb9, 0xb9, 0xb9, 0xb9,
    0xb9, 0xb9, 0x80, 0xc0, 0xc0, 0xc0, 0x81, 0x81, 0x81, 0xc0, 0x84, 0x84,
    0x84, 0x7c, 0x7f, 0x87, 0x80, 0x87, 0x87, 0xb9, 0x7f, 0x7d, 0x73, 0x7e,
    0xb5, 0xaa, 0xaa, 0xb5, 0xb5, 0xbf, 0x74, 0x74, 0xa5, 0x96, 0x96, 0x96,
    0x96, 0x96, 0x96, 0x76, 0x91, 0x91, 0xa5, 0x75, 0x75, 0x75, 0x75, 0xc2,
    0xc2, 0xc2, 0x75, 0xc2, 0xc2, 0x74, 0xbf, 0x70, 0x3c, 0x31, 0x30, 0x43,
    0x1c, 0x24, 0x24, 0xa3, 0xa3, 0x04, 0x00, 0x00, 0x00, 0x00, 0x00, 0x00,
    0x00, 0x00, 0x00, 0x00, 0x00, 0x00, 0x00, 0x00, 0x00, 0x00, 0x00, 0x00,
    0x00, 0x00, 0x00, 0x00, 0x00, 0x00, 0x00, 0x00, 0x00, 0x00, 0x00, 0x00,
    0x00, 0x00, 0x00, 0x00, 0x00, 0x00, 0x00, 0x00, 0x00, 0x00, 0x00, 0x00,
    0x00, 0x00, 0x00, 0x00, 0x00, 0x00, 0x00, 0x00, 0x00, 0x00, 0x00, 0x00,
    0x00, 0x00, 0x00, 0x00, 0x00, 0x00, 0x00, 0x00, 0x00, 0x00, 0x00, 0x00,
    0x00, 0x00, 0x00, 0x00, 0x00, 0x00, 0x00, 0x00, 0x00, 0x00, 0x00, 0x00,
    0x00, 0x00, 0x00, 0x00, 0x00, 0x00, 0x00, 0x00, 0x00, 0x00, 0x00, 0x00,
    0x00, 0x00, 0x00, 0x00, 0x00, 0x00, 0x00, 0x00, 0x00, 0x00, 0x00, 0x00,
    0x00, 0x00, 0x00, 0x00, 0x00, 0x00, 0x00, 0x00, 0x00, 0x00, 0x00, 0x00,
    0x00, 0x00, 0x00, 0x00, 0x00, 0x00, 0x00, 0x00, 0x00, 0x00, 0x00, 0x00,
    0x00, 0x00, 0x00, 0x00, 0x00, 0x00, 0x00, 0x00, 0x00, 0x00, 0x00, 0x00,
    0x00, 0x00, 0x00, 0x00, 0x00, 0x00, 0x00, 0x00, 0x00, 0x00, 0x00, 0x00,
    0x00, 0x00, 0x00, 0x00, 0x00, 0x00, 0x00, 0x00, 0x00, 0x00, 0x00, 0x00,
    0x00, 0x00, 0x00, 0x00, 0x00, 0x00, 0x00, 0x00, 0x00, 0x00, 0x00, 0x00,
    0x00, 0x00, 0x00, 0x00, 0x00, 0x00, 0x00, 0x00, 0x00, 0x00, 0x00, 0x00,
    0x00, 0x00, 0x00, 0x00, 0x00, 0x00, 0x00, 0x00, 0x00, 0x00, 0x00, 0x00,
    0x00, 0x00, 0x00, 0x00, 0x00, 0x00, 0x00, 0x00, 0x00, 0x00, 0x00, 0x2f,
    0x76, 0x7e, 0x73, 0x7d, 0x7f, 0x98, 0x99, 0xa1, 0xa1, 0x84, 0xb0, 0xb0,
    0xb0, 0xb0, 0xb9, 0xb9, 0xb0, 0xc0, 0x80, 0xb9, 0xb0, 0x80, 0xc0, 0xa1,
    0x81, 0x9a, 0x82, 0x98, 0x79, 0x79, 0x99, 0x81, 0x81, 0x81, 0xc0, 0x83,
    0xa1, 0x7f, 0x7f, 0xab, 0xb0, 0x87, 0xb9, 0x87, 0x83, 0x7d, 0x73, 0x7e,
    0xbf, 0xaa, 0xaa, 0xaa, 0xb5, 0xbf, 0xbf, 0xc2, 0xa5, 0x96, 0x96, 0x76,
    0x91, 0x91, 0xa5, 0x75, 0xc2, 0x74, 0x74, 0xbf, 0xbf, 0xbf, 0x74, 0xbf,
    0xbf, 0x74, 0x74, 0xa0, 0xa0, 0x74, 0xbf, 0x70, 0x6f, 0x31, 0x30, 0x43,
    0x1c, 0x09, 0x1e, 0xc5, 0xa3, 0x04, 0x00, 0x00, 0x00, 0x00, 0x00, 0x00,
    0x00, 0x00, 0x00, 0x00, 0x00, 0x00, 0x00, 0x00, 0x00, 0x00, 0x00, 0x00,
    0x00, 0x00, 0x00, 0x00, 0x00, 0x00, 0x00, 0x00, 0x00, 0x00, 0x00, 0x00,
    0x00, 0x00, 0x00, 0x00, 0x00, 0x00, 0x00, 0x00, 0x00, 0x00, 0x00, 0x00,
    0x00, 0x00, 0x00, 0x00, 0x00, 0x00, 0x00, 0x00, 0x00, 0x00, 0x00, 0x00,
    0x00, 0x00, 0x00, 0x00, 0x00, 0x00, 0x00, 0x00, 0x00, 0x00, 0x00, 0x00,
    0x00, 0x00, 0x00, 0x00, 0x00, 0x00, 0x00, 0x00, 0x00, 0x00, 0x00, 0x00,
    0x00, 0x00, 0x00, 0x00, 0x00, 0x00, 0x00, 0x00, 0x00, 0x00, 0x00, 0x00,
    0x00, 0x00, 0x00, 0x00, 0x00, 0x00, 0x00, 0x00, 0x00, 0x00, 0x00, 0x00,
    0x00, 0x00, 0x00, 0x00, 0x00, 0x00, 0x00, 0x00, 0x00, 0x00, 0x00, 0x00,
    0x00, 0x00, 0x00, 0x00, 0x00, 0x00, 0x00, 0x00, 0x00, 0x00, 0x00, 0x00,
    0x00, 0x00, 0x00, 0x00, 0x00, 0x00, 0x00, 0x00, 0x00, 0x00, 0x00, 0x00,
    0x00, 0x00, 0x00, 0x00, 0x00, 0x00, 0x00, 0x00, 0x00, 0x00, 0x00, 0x00,
    0x00, 0x00, 0x00, 0x00, 0x00, 0x00, 0x00, 0x00, 0x00, 0x00, 0x00, 0x00,
    0x00, 0x00, 0x00, 0x00, 0x00, 0x00, 0x00, 0x00, 0x00, 0x00, 0x00, 0x00,
    0x00, 0x00, 0x00, 0x00, 0x00, 0x00, 0x00, 0x00, 0x00, 0x00, 0x00, 0x00,
    0x00, 0x00, 0x00, 0x00, 0x00, 0x00, 0x00, 0x00, 0x00, 0x00, 0x00, 0x00,
    0x00, 0x00, 0x00, 0x00, 0x00, 0x00, 0x00, 0x00, 0x00, 0x00, 0x00, 0x2f,
    0x75, 0x74, 0x79, 0x83, 0x7f, 0x78, 0x99, 0x7f, 0xa1, 0x84, 0xb0, 0xb0,
    0xb0, 0xb9, 0xb9, 0xb9, 0x80, 0xc0, 0xc0, 0xc0, 0x81, 0x9a, 0x78, 0x98,
    0x98, 0x97, 0x9d, 0x77, 0x76, 0x76, 0x77, 0x97, 0x82, 0x99, 0x99, 0x81,
    0x7c, 0x7f, 0xa1, 0x84, 0xb0, 0x87, 0xb9, 0xb9, 0x7f, 0x7d, 0x78, 0x91,
    0x74, 0xaa, 0xaa, 0xaa, 0xb5, 0xaa, 0xbf, 0xc2, 0xa5, 0xa5, 0xa5, 0xa5,
    0xa5, 0x75, 0x75, 0xc2, 0x74, 0xbf, 0xb5, 0xaa, 0xb8, 0xb8, 0xb8, 0xaa,
    0xb5, 0xb5, 0xbf, 0x74, 0x74, 0xbf, 0xb5, 0x70, 0x6f, 0x31, 0x31, 0x43,
    0x1e, 0xc5, 0xc5, 0x90, 0x8c, 0x0d, 0x00, 0x00, 0x00, 0x00, 0x00, 0x00,
    0x00, 0x00, 0x00, 0x00, 0x00, 0x00, 0x00, 0x00, 0x00, 0x00, 0x00, 0x00,
    0x00, 0x00, 0x00, 0x00, 0x00, 0x00, 0x00, 0x00, 0x00, 0x00, 0x00, 0x00,
    0x00, 0x00, 0x00, 0x00, 0x00, 0x00, 0x00, 0x00, 0x00, 0x00, 0x00, 0x00,
    0x00, 0x00, 0x00, 0x00, 0x00, 0x00, 0x00, 0x00, 0x00, 0x00, 0x00, 0x00,
    0x00, 0x00, 0x00, 0x00, 0x00, 0x00, 0x00, 0x00, 0x00, 0x00, 0x00, 0x00,
    0x00, 0x00, 0x00, 0x00, 0x00, 0x00, 0x00, 0x00, 0x00, 0x00, 0x00, 0x00,
    0x00, 0x00, 0x00, 0x00, 0x00, 0x00, 0x00, 0x00, 0x00, 0x00, 0x00, 0x00,
    0x00, 0x00, 0x00, 0x00, 0x00, 0x00, 0x00, 0x00, 0x00, 0x00, 0x00, 0x00,
    0x00, 0x00, 0x00, 0x00, 0x00, 0x00, 0x00, 0x00, 0x00, 0x00, 0x00, 0x00,
    0x00, 0x00, 0x00, 0x00, 0x00, 0x00, 0x00, 0x00, 0x00, 0x00, 0x00, 0x00,
    0x00, 0x00, 0x00, 0x00, 0x00, 0x00, 0x00, 0x00, 0x00, 0x00, 0x00, 0x00,
    0x00, 0x00, 0x00, 0x00, 0x00, 0x00, 0x00, 0x00, 0x00, 0x00, 0x00, 0x00,
    0x00, 0x00, 0x00, 0x00, 0x00, 0x00, 0x00, 0x00, 0x00, 0x00, 0x00, 0x00,
    0x00, 0x00, 0x00, 0x00, 0x00, 0x00, 0x00, 0x00, 0x00, 0x00, 0x00, 0x00,
    0x00, 0x00, 0x00, 0x00, 0x00, 0x00, 0x00, 0x00, 0x00, 0x00, 0x00, 0x00,
    0x00, 0x00, 0x00, 0x00, 0x00, 0x00, 0x00, 0x00, 0x00, 0x00, 0x00, 0x00,
    0x00, 0x00, 0x00, 0x00, 0x00, 0x00, 0x00, 0x00, 0x00, 0x00, 0x00, 0x71,
    0x74, 0x77, 0x83, 0x83, 0x7f, 0x97, 0x99, 0x7f, 0xa1, 0x84, 0xab, 0xb0,
    0xb0, 0xb9, 0xb9, 0xb0, 0x80, 0x80, 0x84, 0x99, 0x98, 0x98, 0x9a, 0x99,
    0x97, 0x9d, 0x77, 0x91, 0x75, 0xc2, 0x75, 0x7e, 0x76, 0x82, 0x82, 0x81,
    0x99, 0x7d, 0xa1, 0xa1, 0xab, 0xb0, 0xb9, 0xb9, 0x7f, 0x7d, 0x98, 0x77,
    0x74, 0xaa, 0xc4, 0xb8, 0xc4, 0xaa, 0xbf, 0xa0, 0xa5, 0xa5, 0x76, 0xa5,
    0xa5, 0x75, 0xa0, 0x74, 0xbf, 0xbf, 0xb5, 0xaa, 0xb8, 0xc4, 0xc4, 0xb8,
    0xb8, 0xb8, 0xb5, 0xbf, 0xbf, 0xbf, 0xb5, 0x1f, 0x43, 0x31, 0x30, 0x43,
    0x2a, 0xa4, 0xa4, 0x8f, 0x1f, 0x0d, 0x00, 0x00, 0x00, 0x00, 0x00, 0x00,
    0x00, 0x00, 0x00, 0x00, 0x00, 0x00, 0x00, 0x00, 0x00, 0x00, 0x00, 0x00,
    0x00, 0x00, 0x00, 0x00, 0x00, 0x00, 0x00, 0x00, 0x00, 0x00, 0x00, 0x00,
    0x00, 0x00, 0x00, 0x00, 0x00, 0x00, 0x00, 0x00, 0x00, 0x00, 0x00, 0x00,
    0x00, 0x00, 0x00, 0x00, 0x00, 0x00, 0x00, 0x00, 0x00, 0x00, 0x00, 0x00,
    0x00, 0x00, 0x00, 0x00, 0x00, 0x00, 0x00, 0x00, 0x00, 0x00, 0x00, 0x00,
    0x00, 0x00, 0x00, 0x00, 0x00, 0x00, 0x00, 0x00, 0x00, 0x00, 0x00, 0x00,
    0x00, 0x00, 0x00, 0x00, 0x00, 0x00, 0x00, 0x00, 0x00, 0x00, 0x00, 0x00,
    0x00, 0x00, 0x00, 0x00, 0x00, 0x00, 0x00, 0x00, 0x00, 0x00, 0x00, 0x00,
    0x00, 0x00, 0x00, 0x00, 0x00, 0x00, 0x00, 0x00, 0x00, 0x00, 0x00, 0x00,
    0x00, 0x00, 0x00, 0x00, 0x00, 0x00, 0x00, 0x00, 0x00, 0x00, 0x00, 0x00,
    0x00, 0x00, 0x00, 0x00, 0x00, 0x00, 0x00, 0x00, 0x00, 0x00, 0x00, 0x00,
    0x00, 0x00, 0x00, 0x00, 0x00, 0x00, 0x00, 0x00, 0x00, 0x00, 0x00, 0x00,
    0x00, 0x00, 0x00, 0x00, 0x00, 0x00, 0x00, 0x00, 0x00, 0x00, 0x00, 0x00,
    0x00, 0x00, 0x00, 0x00, 0x00, 0x00, 0x00, 0x00, 0x00, 0x00, 0x00, 0x00,
    0x00, 0x00, 0x00, 0x00, 0x00, 0x00, 0x00, 0x00, 0x00, 0x00, 0x00, 0x00,
    0x00, 0x00, 0x00, 0x00, 0x00, 0x00, 0x00, 0x00, 0x00, 0x00, 0x00, 0x00,
    0x00, 0x00, 0x00, 0x00, 0x00, 0x00, 0x00, 0x00, 0x00, 0x00, 0x00, 0x71,
    0x73, 0x7d, 0x7c, 0x7c, 0x7d, 0x96, 0x82, 0xa1, 0xa1, 0xab, 0xb0, 0xb0,
    0xb0, 0xb0, 0xb0, 0xc0, 0xc0, 0xc0, 0x81, 0x82, 0x78, 0x97, 0x9e, 0x9e,
    0x99, 0x9e, 0x9d, 0x96, 0xa5, 0x91, 0x75, 0x7e, 0x7e, 0x77, 0x82, 0x81,
    0x81, 0x98, 0x7c, 0xa1, 0xab, 0x87, 0xb9, 0xb9, 0x7f, 0x83, 0x9a, 0x77,
    0x74, 0xaa, 0xc4, 0xc4, 0xa4, 0xaa, 0xbf, 0x74, 0xa0, 0xa5, 0xa5, 0x95,
    0x95, 0x94, 0xbf, 0xb5, 0xbf, 0xa0, 0x94, 0xaa, 0xb8, 0xc4, 0xa4, 0xa4,
    0xc4, 0xc4, 0xb8, 0xb5, 0xb5, 0xb5, 0x8f, 0x24, 0x43, 0x31, 0x30, 0x43,
    0x2a, 0x8c, 0xa4, 0x8c, 0x25, 0x3e, 0x00, 0x00, 0x00, 0x00, 0x00, 0x00,
    0x00, 0x00, 0x00, 0x00, 0x00, 0x00, 0x00, 0x00, 0x00, 0x00, 0x00, 0x00,
    0x00, 0x00, 0x00, 0x00, 0x00, 0x00, 0x00, 0x00, 0x00, 0x00, 0x00, 0x00,
    0x00, 0x00, 0x00, 0x00, 0x00, 0x00, 0x00, 0x00, 0x00, 0x00, 0x00, 0x00,
    0x00, 0x00, 0x00, 0x00, 0x00, 0x00, 0x00, 0x00, 0x00, 0x00, 0x00, 0x00,
    0x00, 0x00, 0x00, 0x00, 0x00, 0x00, 0x00, 0x00, 0x00, 0x00, 0x00, 0x00,
    0x00, 0x00, 0x00, 0x00, 0x00, 0x00, 0x00, 0x00, 0x00, 0x00, 0x00, 0x00,
    0x00, 0x00, 0x00, 0x00, 0x00, 0x00, 0x00, 0x00, 0x00, 0x00, 0x00, 0x00,
    0x00, 0x00, 0x00, 0x00, 0x00, 0x00, 0x00, 0x00, 0x00, 0x00, 0x00, 0x00,
    0x00, 0x00, 0x00, 0x00, 0x00, 0x00, 0x00, 0x00, 0x00, 0x00, 0x00, 0x00,
    0x00, 0x00, 0x00, 0x00, 0x00, 0x00, 0x00, 0x00, 0x00, 0x00, 0x00, 0x00,
    0x00, 0x00, 0x00, 0x00, 0x00, 0x00, 0x00, 0x00, 0x00, 0x00, 0x00, 0x00,
    0x00, 0x00, 0x00, 0x00, 0x00, 0x00, 0x00, 0x00, 0x00, 0x00, 0x00, 0x00,
    0x00, 0x00, 0x00, 0x00, 0x00, 0x00, 0x00, 0x00, 0x00, 0x00, 0x00, 0x00,
    0x00, 0x00, 0x00, 0x00, 0x00, 0x00, 0x00, 0x00, 0x00, 0x00, 0x00, 0x00,
    0x00, 0x00, 0x00, 0x00, 0x00, 0x00, 0x00, 0x00, 0x00, 0x00, 0x00, 0x00,
    0x00, 0x00, 0x00, 0x00, 0x00, 0x00, 0x00, 0x00, 0x00, 0x00, 0x00, 0x00,
    0x00, 0x00, 0x00, 0x00, 0x00, 0x00, 0x00, 0x00, 0x00, 0x00, 0x00, 0x12,
    0x72, 0x7c, 0x83, 0x78, 0x7a, 0x72, 0x9e, 0xa1, 0x7f, 0xab, 0xb0, 0xb0,
    0xb0, 0x80, 0xa1, 0x9a, 0x98, 0x9a, 0x9a, 0x76, 0x76, 0x96, 0x9e, 0xb9,
    0x9e, 0xb8, 0xb8, 0xb8, 0xc4, 0xb5, 0x76, 0xa5, 0xc2, 0x75, 0x77, 0x96,
    0x99, 0x9a, 0x98, 0x7c, 0xab, 0x87, 0xb9, 0xb9, 0x80, 0x7f, 0x7d, 0x9d,
    0x74, 0xc4, 0xa4, 0xa3, 0xa4, 0xa4, 0xa4, 0xb8, 0xa0, 0xa5, 0x9e, 0xc6,
    0xa4, 0xa3, 0xa4, 0xa4, 0xa3, 0x8f, 0x94, 0xb5, 0xb8, 0xa3, 0xa3, 0xa3,
    0xa4, 0xa4, 0xc4, 0xb8, 0xaa, 0xb8, 0x70, 0x3c, 0x43, 0x31, 0x30, 0x43,
    0x5b, 0xc1, 0xa3, 0x9f, 0x11, 0x10, 0x00, 0x00, 0x00, 0x00, 0x00, 0x00,
    0x00, 0x00, 0x00, 0x00, 0x00, 0x00, 0x00, 0x00, 0x00, 0x00, 0x00, 0x00,
    0x00, 0x00, 0x00, 0x00, 0x00, 0x00, 0x00, 0x00, 0x00, 0x00, 0x00, 0x00,
    0x00, 0x00, 0x00, 0x00, 0x00, 0x00, 0x00, 0x00, 0x00, 0x00, 0x00, 0x00,
    0x00, 0x00, 0x00, 0x00, 0x00, 0x00, 0x00, 0x00, 0x00, 0x00, 0x00, 0x00,
    0x00, 0x00, 0x00, 0x00, 0x00, 0x00, 0x00, 0x00, 0x00, 0x00, 0x00, 0x00,
    0x00, 0x00, 0x00, 0x00, 0x00, 0x00, 0x00, 0x00, 0x00, 0x00, 0x00, 0x00,
    0x00, 0x00, 0x00, 0x00, 0x00, 0x00, 0x00, 0x00, 0x00, 0x00, 0x00, 0x00,
    0x00, 0x00, 0x00, 0x00, 0x00, 0x00, 0x00, 0x00, 0x00, 0x00, 0x00, 0x00,
    0x00, 0x00, 0x00, 0x00, 0x00, 0x00, 0x00, 0x00, 0x00, 0x00, 0x00, 0x00,
    0x00, 0x00, 0x00, 0x00, 0x00, 0x00, 0x00, 0x00, 0x00, 0x00, 0x00, 0x00,
    0x00, 0x00, 0x00, 0x00, 0x00, 0x00, 0x00, 0x00, 0x00, 0x00, 0x00, 0x00,
    0x00, 0x00, 0x00, 0x00, 0x00, 0x00, 0x00, 0x00, 0x00, 0x00, 0x00, 0x00,
    0x00, 0x00, 0x00, 0x00, 0x00, 0x00, 0x00, 0x00, 0x00, 0x00, 0x00, 0x00,
    0x00, 0x00, 0x00, 0x00, 0x00, 0x00, 0x00, 0x00, 0x00, 0x00, 0x00, 0x00,
    0x00, 0x00, 0x00, 0x00, 0x00, 0x00, 0x00, 0x00, 0x00, 0x00, 0x00, 0x00,
    0x00, 0x00, 0x00, 0x00, 0x00, 0x00, 0x00, 0x00, 0x00, 0x00, 0x00, 0x00,
    0x00, 0x00, 0x00, 0x00, 0x00, 0x00, 0x00, 0x00, 0x00, 0x00, 0x00, 0x00,
    0x71, 0x72, 0x72, 0x71, 0x0c, 0x06, 0x82, 0xa1, 0x7f, 0xab, 0xb0, 0xb0,
    0xb0, 0xa1, 0x7c, 0x98, 0x77, 0x91, 0x7e, 0x74, 0x75, 0x9e, 0xbd, 0x54,
    0xc5, 0xa4, 0xa3, 0xaf, 0xc4, 0xc4, 0xa0, 0x96, 0xa0, 0xb5, 0x7e, 0x91,
    0x7c, 0x98, 0x78, 0x7c, 0x84, 0xb0, 0xb9, 0x92, 0x87, 0x7f, 0x9a, 0x96,
    0xbf, 0xc4, 0xa4, 0xaf, 0xa3, 0xc4, 0xa3, 0xa3, 0x94, 0xc6, 0x4f, 0x8e,
    0xaf, 0xaf, 0xaf, 0xa3, 0xaf, 0xa4, 0x8f, 0xc5, 0xa4, 0xaf, 0xaf, 0xa3,
    0xa4, 0xc4, 0xc4, 0xb8, 0xb8, 0x8e, 0x1f, 0x43, 0x31, 0x31, 0x30, 0x43,
    0x36, 0x12, 0x88, 0x0d, 0x08, 0x00, 0x00, 0x00, 0x00, 0x00, 0x00, 0x00,
    0x00, 0x00, 0x00, 0x00, 0x00, 0x00, 0x00, 0x00, 0x00, 0x00, 0x00, 0x00,
    0x00, 0x00, 0x00, 0x00, 0x00, 0x00, 0x00, 0x00, 0x00, 0x00, 0x00, 0x00,
    0x00, 0x00, 0x00, 0x00, 0x00, 0x00, 0x00, 0x00, 0x00, 0x00, 0x00, 0x00,
    0x00, 0x00, 0x00, 0x00, 0x00, 0x00, 0x00, 0x00, 0x00, 0x00, 0x00, 0x00,
    0x00, 0x00, 0x00, 0x00, 0x00, 0x00, 0x00, 0x00, 0x00, 0x00, 0x00, 0x00,
    0x00, 0x00, 0x00, 0x00, 0x00, 0x00, 0x00, 0x00, 0x00, 0x00, 0x00, 0x00,
    0x00, 0x00, 0x00, 0x00, 0x00, 0x00, 0x00, 0x00, 0x00, 0x00, 0x00, 0x00,
    0x00, 0x00, 0x00, 0x00, 0x00, 0x00, 0x00, 0x00, 0x00, 0x00, 0x00, 0x00,
    0x00, 0x00, 0x00, 0x00, 0x00, 0x00, 0x00, 0x00, 0x00, 0x00, 0x00, 0x00,
    0x00, 0x00, 0x00, 0x00, 0x00, 0x00, 0x00, 0x00, 0x00, 0x00, 0x00, 0x00,
    0x00, 0x00, 0x00, 0x00, 0x00, 0x00, 0x00, 0x00, 0x00, 0x00, 0x00, 0x00,
    0x00, 0x00, 0x00, 0x00, 0x00, 0x00, 0x00, 0x00, 0x00, 0x00, 0x00, 0x00,
    0x00, 0x00, 0x00, 0x00, 0x00, 0x00, 0x00, 0x00, 0x00, 0x00, 0x00, 0x00,
    0x00, 0x00, 0x00, 0x00, 0x00, 0x00, 0x00, 0x00, 0x00, 0x00, 0x00, 0x00,
    0x00, 0x00, 0x00, 0x00, 0x00, 0x00, 0x00, 0x00, 0x00, 0x00, 0x00, 0x00,
    0x00, 0x00, 0x00, 0x00, 0x00, 0x00, 0x00, 0x00, 0x00, 0x00, 0x00, 0x00,
    0x00, 0x00, 0x00, 0x00, 0x00, 0x00, 0x00, 0x00, 0x00, 0x00, 0x00, 0x00,
    0x00, 0x0c, 0x0c, 0x00, 0x07, 0x90, 0x9e, 0x7f, 0xa1, 0xab, 0xb0, 0x80,
    0x84, 0xa1, 0x7d, 0x98, 0x73, 0x77, 0xc2, 0xc4, 0xb8, 0x9e, 0x53, 0xc6,
    0xaf, 0xaf, 0xa9, 0xa9, 0xaf, 0xa4, 0xb5, 0x95, 0xb5, 0xc4, 0xb5, 0x91,
    0x77, 0x77, 0x73, 0x9a, 0x84, 0xb0, 0xb9, 0x92, 0xb9, 0x7f, 0x9a, 0x96,
    0xb5, 0xc4, 0xa4, 0xa3, 0xaf, 0xa3, 0xb8, 0xa4, 0xa3, 0x90, 0x2c, 0x8c,
    0x8c, 0x69, 0xa9, 0x69, 0xaf, 0xa3, 0x8e, 0x9f, 0xaf, 0x9b, 0xa3, 0xa4,
    0xc4, 0xc4, 0xb8, 0xb8, 0xc5, 0x11, 0x59, 0x43, 0x43, 0x31, 0x30, 0x43,
    0x36, 0x00, 0x00, 0x00, 0x00, 0x00, 0x00, 0x00, 0x00, 0x00, 0x00, 0x00,
    0x00, 0x00, 0x00, 0x00, 0x00, 0x00, 0x00, 0x00, 0x00, 0x00, 0x00, 0x00,
    0x00, 0x00, 0x00, 0x00, 0x00, 0x00, 0x00, 0x00, 0x00, 0x00, 0x00, 0x00,
    0x00, 0x00, 0x00, 0x00, 0x00, 0x00, 0x00, 0x00, 0x00, 0x00, 0x00, 0x00,
    0x00, 0x00, 0x00, 0x00, 0x00, 0x00, 0x00, 0x00, 0x00, 0x00, 0x00, 0x00,
    0x00, 0x00, 0x00, 0x00, 0x00, 0x00, 0x00, 0x00, 0x00, 0x00, 0x00, 0x00,
    0x00, 0x00, 0x00, 0x00, 0x00, 0x00, 0x00, 0x00, 0x00, 0x00, 0x00, 0x00,
    0x00, 0x00, 0x00, 0x00, 0x00, 0x00, 0x00, 0x00, 0x00, 0x00, 0x00, 0x00,
    0x00, 0x00, 0x00, 0x00, 0x00, 0x00, 0x00, 0x00, 0x00, 0x00, 0x00, 0x00,
    0x00, 0x00, 0x00, 0x00, 0x00, 0x00, 0x00, 0x00, 0x00, 0x00, 0x00, 0x00,
    0x00, 0x00, 0x00, 0x00, 0x00, 0x00, 0x00, 0x00, 0x00, 0x00, 0x00, 0x00,
    0x00, 0x00, 0x00, 0x00, 0x00, 0x00, 0x00, 0x00, 0x00, 0x00, 0x00, 0x00,
    0x00, 0x00, 0x00, 0x00, 0x00, 0x00, 0x00, 0x00, 0x00, 0x00, 0x00, 0x00,
    0x00, 0x00, 0x00, 0x00, 0x00, 0x00, 0x00, 0x00, 0x00, 0x00, 0x00, 0x00,
    0x00, 0x00, 0x00, 0x00, 0x00, 0x00, 0x00, 0x00, 0x00, 0x00, 0x00, 0x00,
    0x00, 0x00, 0x00, 0x00, 0x00, 0x00, 0x00, 0x00, 0x00, 0x00, 0x00, 0x00,
    0x00, 0x00, 0x00, 0x00, 0x00, 0x00, 0x00, 0x00, 0x00, 0x00, 0x00, 0x00,
    0x00, 0x00, 0x00, 0x00, 0x00, 0x00, 0x00, 0x00, 0x00, 0x00, 0x00, 0x00,
    0x00, 0x00, 0x00, 0x00, 0x03, 0x95, 0x9e, 0x7f, 0x83, 0x84, 0xb0, 0xb0,
    0x84, 0x83, 0x9a, 0x78, 0x77, 0x91, 0x73, 0x76, 0xc4, 0xa4, 0x95, 0x95,
    0x9b, 0x4f, 0x24, 0xb4, 0x9c, 0xaf, 0xc5, 0xb5, 0xc4, 0xb5, 0xa0, 0x74,
    0xc2, 0x91, 0x9d, 0x98, 0x7f, 0xb0, 0x92, 0xbd, 0xb9, 0x7f, 0x98, 0x76,
    0xb5, 0xc4, 0xa4, 0xa3, 0xa3, 0xaf, 0xa3, 0xb8, 0xb8, 0xa4, 0x8f, 0xaf,
    0x46, 0x33, 0xb4, 0xa9, 0xa9, 0x9c, 0x8c, 0x9b, 0xaf, 0xa4, 0xa4, 0xa4,
    0xb8, 0xb8, 0xb8, 0xc5, 0x8e, 0x1f, 0x43, 0x43, 0x43, 0x31, 0x30, 0x3c,
    0x48, 0x2f, 0x00, 0x00, 0x00, 0x00, 0x00, 0x00, 0x00, 0x00, 0x00, 0x00,
    0x00, 0x00, 0x00, 0x00, 0x00, 0x00, 0x00, 0x00, 0x00, 0x00, 0x00, 0x00,
    0x00, 0x00, 0x00, 0x00, 0x00, 0x00, 0x00, 0x00, 0x00, 0x00, 0x00, 0x00,
    0x00, 0x00, 0x00, 0x00, 0x00, 0x00, 0x00, 0x00, 0x00, 0x00, 0x00, 0x00,
    0x00, 0x00, 0x00, 0x00, 0x00, 0x00, 0x00, 0x00, 0x00, 0x00, 0x00, 0x00,
    0x00, 0x00, 0x00, 0x00, 0x00, 0x00, 0x00, 0x00, 0x00, 0x00, 0x00, 0x00,
    0x00, 0x00, 0x00, 0x00, 0x00, 0x00, 0x00, 0x00, 0x00, 0x00, 0x00, 0x00,
    0x00, 0x00, 0x00, 0x00, 0x00, 0x00, 0x00, 0x00, 0x00, 0x00, 0x00, 0x00,
    0x00, 0x00, 0x00, 0x00, 0x00, 0x00, 0x00, 0x00, 0x00, 0x00, 0x00, 0x00,
    0x00, 0x00, 0x00, 0x00, 0x00, 0x00, 0x00, 0x00, 0x00, 0x00, 0x00, 0x00,
    0x00, 0x00, 0x00, 0x00, 0x00, 0x00, 0x00, 0x00, 0x00, 0x00, 0x00, 0x00,
    0x00, 0x00, 0x00, 0x00, 0x00, 0x00, 0x00, 0x00, 0x00, 0x00, 0x00, 0x00,
    0x00, 0x00, 0x00, 0x00, 0x00, 0x00, 0x00, 0x00, 0x00, 0x00, 0x00, 0x00,
    0x00, 0x00, 0x00, 0x00, 0x00, 0x00, 0x00, 0x00, 0x00, 0x00, 0x00, 0x00,
    0x00, 0x00, 0x00, 0x00, 0x00, 0x00, 0x00, 0x00, 0x00, 0x00, 0x00, 0x00,
    0x00, 0x00, 0x00, 0x00, 0x00, 0x00, 0x00, 0x00, 0x00, 0x00, 0x00, 0x00,
    0x00, 0x00, 0x00, 0x00, 0x00, 0x00, 0x00, 0x00, 0x00, 0x00, 0x00, 0x00,
    0x00, 0x00, 0x00, 0x00, 0x00, 0x00, 0x00, 0x00, 0x00, 0x00, 0x00, 0x00,
    0x00, 0x00, 0x00, 0x00, 0x04, 0x95, 0x9e, 0xa1, 0x83, 0x7f, 0x84, 0xab,
    0x84, 0x83, 0x9a, 0x98, 0x9d, 0x75, 0x74, 0x73, 0x82, 0xa0, 0xc4, 0xc5,
    0x69, 0x90, 0x70, 0xb4, 0x9b, 0xaf, 0xa4, 0xc4, 0xbf, 0x74, 0xbf, 0x74,
    0x75, 0x91, 0x73, 0x98, 0x84, 0xb0, 0xbd, 0xbd, 0x92, 0x7f, 0x98, 0x76,
    0xbf, 0xc4, 0xa4, 0xa3, 0xa3, 0xa4, 0xa3, 0xaf, 0xb8, 0x94, 0xb8, 0xa3,
    0xa3, 0x8b, 0xb4, 0xb4, 0xa9, 0x9c, 0xa3, 0xc5, 0xb8, 0xa4, 0xa4, 0xb8,
    0xb8, 0xb8, 0xb8, 0xc5, 0x11, 0x48, 0x43, 0x43, 0x43, 0x31, 0x31, 0x3c,
    0x48, 0x10, 0x00, 0x00, 0x00, 0x00, 0x00, 0x00, 0x00, 0x00, 0x00, 0x00,
    0x00, 0x00, 0x00, 0x00, 0x00, 0x00, 0x00, 0x00, 0x00, 0x00, 0x00, 0x00,
    0x00, 0x00, 0x00, 0x00, 0x00, 0x00, 0x00, 0x00, 0x00, 0x00, 0x00, 0x00,
    0x00, 0x00, 0x00, 0x00, 0x00, 0x00, 0x00, 0x00, 0x00, 0x00, 0x00, 0x00,
    0x00, 0x00, 0x00, 0x00, 0x00, 0x00, 0x00, 0x00, 0x00, 0x00, 0x00, 0x00,
    0x00, 0x00, 0x00, 0x00, 0x00, 0x00, 0x00, 0x00, 0x00, 0x00, 0x00, 0x00,
    0x00, 0x00, 0x00, 0x00, 0x00, 0x00, 0x00, 0x00, 0x00, 0x00, 0x00, 0x00,
    0x00, 0x00, 0x00, 0x00, 0x00, 0x00, 0x00, 0x00, 0x00, 0x00, 0x00, 0x00,
    0x00, 0x00, 0x00, 0x00, 0x00, 0x00, 0x00, 0x00, 0x00, 0x00, 0x00, 0x00,
    0x00, 0x00, 0x00, 0x00, 0x00, 0x00, 0x00, 0x00, 0x00, 0x00, 0x00, 0x00,
    0x00, 0x00, 0x00, 0x00, 0x00, 0x00, 0x00, 0x00, 0x00, 0x00, 0x00, 0x00,
    0x00, 0x00, 0x00, 0x00, 0x00, 0x00, 0x00, 0x00, 0x00, 0x00, 0x00, 0x00,
    0x00, 0x00, 0x00, 0x00, 0x00, 0x00, 0x00, 0x00, 0x00, 0x00, 0x00, 0x00,
    0x00, 0x00, 0x00, 0x00, 0x00, 0x00, 0x00, 0x00, 0x00, 0x00, 0x00, 0x00,
    0x00, 0x00, 0x00, 0x00, 0x00, 0x00, 0x00, 0x00, 0x00, 0x00, 0x00, 0x00,
    0x00, 0x00, 0x00, 0x00, 0x00, 0x00, 0x00, 0x00, 0x00, 0x00, 0x00, 0x00,
    0x00, 0x00, 0x00, 0x00, 0x00, 0x00, 0x00, 0x00, 0x00, 0x00, 0x00, 0x00,
    0x00, 0x00, 0x00, 0x00, 0x00, 0x00, 0x00, 0x00, 0x00, 0x00, 0x00, 0x00,
    0x00, 0x00, 0x00, 0x00, 0x06, 0x95, 0x9e, 0x7f, 0x83, 0x84, 0x84, 0x84,
    0x84, 0x81, 0x99, 0x9a, 0x78, 0x73, 0x75, 0xb5, 0x76, 0x81, 0x99, 0x95,
    0x94, 0xc5, 0xa4, 0xc5, 0xc4, 0xb5, 0xbf, 0x74, 0xbf, 0xaa, 0x74, 0x75,
    0x7e, 0x91, 0x73, 0x9a, 0x84, 0xb0, 0xbd, 0xbd, 0xbd, 0x7f, 0x98, 0x76,
    0xa0, 0xaa, 0xc4, 0xa4, 0xa3, 0xa4, 0xc4, 0xa3, 0xaf, 0xc4, 0x94, 0xa0,
    0x94, 0x8e, 0x8e, 0x8f, 0x8f, 0x94, 0x94, 0xb8, 0xc4, 0xb8, 0xaa, 0xb8,
    0xb8, 0xb8, 0xb8, 0x8e, 0x1c, 0x43, 0x43, 0x43, 0x43, 0x31, 0x30, 0x48,
    0x48, 0x03, 0x00, 0x00, 0x00, 0x00, 0x00, 0x00, 0x00, 0x00, 0x00, 0x00,
    0x00, 0x00, 0x00, 0x00, 0x00, 0x00, 0x00, 0x00, 0x00, 0x00, 0x00, 0x00,
    0x00, 0x00, 0x00, 0x00, 0x00, 0x00, 0x00, 0x00, 0x00, 0x00, 0x00, 0x00,
    0x00, 0x00, 0x00, 0x00, 0x00, 0x00, 0x00, 0x00, 0x00, 0x00, 0x00, 0x00,
    0x00, 0x00, 0x00, 0x00, 0x00, 0x00, 0x00, 0x00, 0x00, 0x00, 0x00, 0x00,
    0x00, 0x00, 0x00, 0x00, 0x00, 0x00, 0x00, 0x00, 0x00, 0x00, 0x00, 0x00,
    0x00, 0x00, 0x00, 0x00, 0x00, 0x00, 0x00, 0x00, 0x00, 0x00, 0x00, 0x00,
    0x00, 0x00, 0x00, 0x00, 0x00, 0x00, 0x00, 0x00, 0x00, 0x00, 0x00, 0x00,
    0x00, 0x00, 0x00, 0x00, 0x00, 0x00, 0x00, 0x00, 0x00, 0x00, 0x00, 0x00,
    0x00, 0x00, 0x00, 0x00, 0x00, 0x00, 0x00, 0x00, 0x00, 0x00, 0x00, 0x00,
    0x00, 0x00, 0x00, 0x00, 0x00, 0x00, 0x00, 0x00, 0x00, 0x00, 0x00, 0x00,
    0x00, 0x00, 0x00, 0x00, 0x00, 0x00, 0x00, 0x00, 0x00, 0x00, 0x00, 0x00,
    0x00, 0x00, 0x00, 0x00, 0x00, 0x00, 0x00, 0x00, 0x00, 0x00, 0x00, 0x00,
    0x00, 0x00, 0x00, 0x00, 0x00, 0x00, 0x00, 0x00, 0x00, 0x00, 0x00, 0x00,
    0x00, 0x00, 0x00, 0x00, 0x00, 0x00, 0x00, 0x00, 0x00, 0x00, 0x00, 0x00,
    0x00, 0x00, 0x00, 0x00, 0x00, 0x00, 0x00, 0x00, 0x00, 0x00, 0x00, 0x00,
    0x00, 0x00, 0x00, 0x00, 0x00, 0x00, 0x00, 0x00, 0x00, 0x00, 0x00, 0x00,
    0x00, 0x00, 0x00, 0x00, 0x00, 0x00, 0x00, 0x00, 0x00, 0x00, 0x00, 0x00,
    0x00, 0x00, 0x00, 0x0c, 0x06, 0x95, 0x9d, 0x7f, 0x83, 0x7f, 0xa1, 0x7f,
    0xa1, 0xa1, 0x81, 0x99, 0x9a, 0x78, 0x73, 0x91, 0x74, 0x74, 0x76, 0x9a,
    0x81, 0x81, 0x99, 0x9d, 0xa5, 0xc2, 0xbf, 0xaa, 0xaa, 0x74, 0x75, 0x75,
    0x7e, 0x91, 0x73, 0x7d, 0xa1, 0xb0, 0xbd, 0xbd, 0xb9, 0x7c, 0x78, 0x96,
    0x75, 0xbf, 0xaa, 0xc4, 0xa4, 0xa4, 0xa4, 0xa4, 0xa4, 0xa3, 0xa3, 0xb8,
    0x94, 0xa0, 0xa0, 0x94, 0xbf, 0xaa, 0xc4, 0xc4, 0xaa, 0xb5, 0xb5, 0xaa,
    0xb8, 0xb8, 0x8e, 0x09, 0x2a, 0x43, 0x43, 0x43, 0x43, 0x31, 0x31, 0x48,
    0x48, 0x04, 0x00, 0x00, 0x00, 0x00, 0x00, 0x00, 0x00, 0x00, 0x00, 0x00,
    0x00, 0x00, 0x00, 0x00, 0x00, 0x00, 0x00, 0x00, 0x00, 0x00, 0x00, 0x00,
    0x00, 0x00, 0x00, 0x00, 0x00, 0x00, 0x00, 0x00, 0x00, 0x00, 0x00, 0x00,
    0x00, 0x00, 0x00, 0x00, 0x00, 0x00, 0x00, 0x00, 0x00, 0x00, 0x00, 0x00,
    0x00, 0x00, 0x00, 0x00, 0x00, 0x00, 0x00, 0x00, 0x00, 0x00, 0x00, 0x00,
    0x00, 0x00, 0x00, 0x00, 0x00, 0x00, 0x00, 0x00, 0x00, 0x00, 0x00, 0x00,
    0x00, 0x00, 0x00, 0x00, 0x00, 0x00, 0x00, 0x00, 0x00, 0x00, 0x00, 0x00,
    0x00, 0x00, 0x00, 0x00, 0x00, 0x00, 0x00, 0x00, 0x00, 0x00, 0x00, 0x00,
    0x00, 0x00, 0x00, 0x00, 0x00, 0x00, 0x00, 0x00, 0x00, 0x00, 0x00, 0x00,
    0x00, 0x00, 0x00, 0x00, 0x00, 0x00, 0x00, 0x00, 0x00, 0x00, 0x00, 0x00,
    0x00, 0x00, 0x00, 0x00, 0x00, 0x00, 0x00, 0x00, 0x00, 0x00, 0x00, 0x00,
    0x00, 0x00, 0x00, 0x00, 0x00, 0x00, 0x00, 0x00, 0x00, 0x00, 0x00, 0x00,
    0x00, 0x00, 0x00, 0x00, 0x00, 0x00, 0x00, 0x00, 0x00, 0x00, 0x00, 0x00,
    0x00, 0x00, 0x00, 0x00, 0x00, 0x00, 0x00, 0x00, 0x00, 0x00, 0x00, 0x00,
    0x00, 0x00, 0x00, 0x00, 0x00, 0x00, 0x00, 0x00, 0x00, 0x00, 0x00, 0x00,
    0x00, 0x00, 0x00, 0x00, 0x00, 0x00, 0x00, 0x00, 0x00, 0x00, 0x00, 0x00,
    0x00, 0x00, 0x00, 0x00, 0x00, 0x00, 0x00, 0x00, 0x00, 0x00, 0x00, 0x00,
    0x00, 0x00, 0x00, 0x00, 0x00, 0x00, 0x00, 0x00, 0x00, 0x00, 0x00, 0x00,
    0x00, 0x00, 0x00, 0x14, 0x06, 0x95, 0x96, 0x84, 0x83, 0xa1, 0xa1, 0x84,
    0x99, 0x82, 0x99, 0x81, 0x99, 0x9a, 0x82, 0x78, 0x73, 0x7e, 0x74, 0x74,
    0xc2, 0xc2, 0xc2, 0x74, 0xb5, 0xaa, 0xaa, 0xb5, 0x74, 0xc2, 0xc2, 0x7e,
    0x91, 0x76, 0x73, 0x98, 0x83, 0x80, 0xb9, 0xbd, 0x80, 0x9a, 0x97, 0x96,
    0xa5, 0xc2, 0xbf, 0xaa, 0xb8, 0xc4, 0xa4, 0xa4, 0xa4, 0xc4, 0xa4, 0xa4,
    0xc4, 0xc4, 0xc4, 0xb8, 0xaa, 0xaa, 0xbf, 0x94, 0xbf, 0xbf, 0xb5, 0xb5,
    0xb5, 0xb8, 0x8e, 0x49, 0x3c, 0x43, 0x43, 0x43, 0x43, 0x31, 0x31, 0x48,
    0x48, 0x04, 0x00, 0x00, 0x00, 0x00, 0x00, 0x00, 0x00, 0x00, 0x00, 0x00,
    0x00, 0x00, 0x00, 0x00, 0x00, 0x00, 0x00, 0x00, 0x00, 0x00, 0x00, 0x00,
    0x00, 0x00, 0x00, 0x00, 0x00, 0x00, 0x00, 0x00, 0x00, 0x00, 0x00, 0x00,
    0x00, 0x00, 0x00, 0x00, 0x00, 0x00, 0x00, 0x00, 0x00, 0x00, 0x00, 0x00,
    0x00, 0x00, 0x00, 0x00, 0x00, 0x00, 0x00, 0x00, 0x00, 0x00, 0x00, 0x00,
    0x00, 0x00, 0x00, 0x00, 0x00, 0x00, 0x00, 0x00, 0x00, 0x00, 0x00, 0x00,
    0x00, 0x00, 0x00, 0x00, 0x00, 0x00, 0x00, 0x00, 0x00, 0x00, 0x00, 0x00,
    0x00, 0x00, 0x00, 0x00, 0x00, 0x00, 0x00, 0x00, 0x00, 0x00, 0x00, 0x00,
    0x00, 0x00, 0x00, 0x00, 0x00, 0x00, 0x00, 0x00, 0x00, 0x00, 0x00, 0x00,
    0x00, 0x00, 0x00, 0x00, 0x00, 0x00, 0x00, 0x00, 0x00, 0x00, 0x00, 0x00,
    0x00, 0x00, 0x00, 0x00, 0x00, 0x00, 0x00, 0x00, 0x00, 0x00, 0x00, 0x00,
    0x00, 0x00, 0x00, 0x00, 0x00, 0x00, 0x00, 0x00, 0x00, 0x00, 0x00, 0x00,
    0x00, 0x00, 0x00, 0x00, 0x00, 0x00, 0x00, 0x00, 0x00, 0x00, 0x00, 0x00,
    0x00, 0x00, 0x00, 0x00, 0x00, 0x00, 0x00, 0x00, 0x00, 0x00, 0x00, 0x00,
    0x00, 0x00, 0x00, 0x00, 0x00, 0x00, 0x00, 0x00, 0x00, 0x00, 0x00, 0x00,
    0x00, 0x00, 0x00, 0x00, 0x00, 0x00, 0x00, 0x00, 0x00, 0x00, 0x00, 0x00,
    0x00, 0x00, 0x00, 0x00, 0x00, 0x00, 0x00, 0x00, 0x00, 0x00, 0x00, 0x00,
    0x00, 0x00, 0x00, 0x00, 0x00, 0x00, 0x00, 0x00, 0x00, 0x00, 0x00, 0x00,
    0x00, 0x00, 0x00, 0x02, 0x90, 0x95, 0x9d, 0xa1, 0x83, 0xa1, 0x83, 0x7f,
    0x99, 0x9d, 0x99, 0xc0, 0xc0, 0x81, 0x99, 0x99, 0x98, 0x78, 0x97, 0x77,
    0x76, 0x91, 0x7e, 0x75, 0xc2, 0xc2, 0x75, 0x75, 0xc2, 0x75, 0x7e, 0x76,
    0x76, 0x96, 0x97, 0x82, 0x99, 0xa1, 0x80, 0xb9, 0x81, 0x9a, 0x78, 0x9d,
    0x76, 0xa5, 0xc2, 0xb5, 0xb8, 0xc4, 0xc4, 0xc4, 0xa4, 0xc4, 0xc4, 0xb8,
    0xb8, 0xb5, 0xbf, 0xbf, 0x74, 0xa0, 0xa0, 0x74, 0x74, 0x94, 0x94, 0xb5,
    0xb5, 0xb8, 0xc5, 0x5c, 0x48, 0x43, 0x43, 0x43, 0x43, 0x31, 0x31, 0x48,
    0x48, 0x05, 0x00, 0x00, 0x00, 0x00, 0x00, 0x00, 0x00, 0x00, 0x00, 0x00,
    0x00, 0x00, 0x00, 0x00, 0x00, 0x00, 0x00, 0x00, 0x00, 0x00, 0x00, 0x00,
    0x00, 0x00, 0x00, 0x00, 0x00, 0x00, 0x00, 0x00, 0x00, 0x00, 0x00, 0x00,
    0x00, 0x00, 0x00, 0x00, 0x00, 0x00, 0x00, 0x00, 0x00, 0x00, 0x00, 0x00,
    0x00, 0x00, 0x00, 0x00, 0x00, 0x00, 0x00, 0x00, 0x00, 0x00, 0x00, 0x00,
    0x00, 0x00, 0x00, 0x00, 0x00, 0x00, 0x00, 0x00, 0x00, 0x00, 0x00, 0x00,
    0x00, 0x00, 0x00, 0x00, 0x00, 0x00, 0x00, 0x00, 0x00, 0x00, 0x00, 0x00,
    0x00, 0x00, 0x00, 0x00, 0x00, 0x00, 0x00, 0x00, 0x00, 0x00, 0x00, 0x00,
    0x00, 0x00, 0x00, 0x00, 0x00, 0x00, 0x00, 0x00, 0x00, 0x00, 0x00, 0x00,
    0x00, 0x00, 0x00, 0x00, 0x00, 0x00, 0x00, 0x00, 0x00, 0x00, 0x00, 0x00,
    0x00, 0x00, 0x00, 0x00, 0x00, 0x00, 0x00, 0x00, 0x00, 0x00, 0x00, 0x00,
    0x00, 0x00, 0x00, 0x00, 0x00, 0x00, 0x00, 0x00, 0x00, 0x00, 0x00, 0x00,
    0x00, 0x00, 0x00, 0x00, 0x00, 0x00, 0x00, 0x00, 0x00, 0x00, 0x00, 0x00,
    0x00, 0x00, 0x00, 0x00, 0x00, 0x00, 0x00, 0x00, 0x00, 0x00, 0x00, 0x00,
    0x00, 0x00, 0x00, 0x00, 0x00, 0x00, 0x00, 0x00, 0x00, 0x00, 0x00, 0x00,
    0x00, 0x00, 0x00, 0x00, 0x00, 0x00, 0x00, 0x00, 0x00, 0x00, 0x00, 0x00,
    0x00, 0x00, 0x00, 0x00, 0x00, 0x00, 0x00, 0x00, 0x00, 0x00, 0x00, 0x00,
    0x00, 0x00, 0x00, 0x00, 0x00, 0x00, 0x00, 0x00, 0x00, 0x00, 0x00, 0x00,
    0x00, 0x00, 0x00, 0x10, 0x70, 0x95, 0x96, 0x81, 0x83, 0xa1, 0x83, 0xa1,
    0x84, 0x9d, 0x96, 0x9e, 0x82, 0x99, 0x81, 0x81, 0x99, 0x99, 0x82, 0x82,
    0x78, 0x97, 0x9d, 0x96, 0x76, 0x91, 0x7e, 0x75, 0xc2, 0xa0, 0xa0, 0xa0,
    0xc2, 0x76, 0x97, 0x9a, 0x99, 0x81, 0x80, 0x80, 0x99, 0x98, 0x78, 0x73,
    0x9d, 0x96, 0xa5, 0xbf, 0xb8, 0xa4, 0xa4, 0xa3, 0xa4, 0xa4, 0xa4, 0xc4,
    0xb8, 0xaa, 0xbf, 0x74, 0xa0, 0xa0, 0xa0, 0xa0, 0x94, 0x94, 0xb5, 0xb8,
    0xc5, 0x8c, 0x8b, 0xca, 0x48, 0x43, 0x43, 0x43, 0x31, 0x30, 0x43, 0x3f,
    0x48, 0x05, 0x00, 0x00, 0x00, 0x00, 0x00, 0x00, 0x00, 0x00, 0x00, 0x00,
    0x00, 0x00, 0x00, 0x00, 0x00, 0x00, 0x00, 0x00, 0x00, 0x00, 0x00, 0x00,
    0x00, 0x00, 0x00, 0x00, 0x00, 0x00, 0x00, 0x00, 0x00, 0x00, 0x00, 0x00,
    0x00, 0x00, 0x00, 0x00, 0x00, 0x00, 0x00, 0x00, 0x00, 0x00, 0x00, 0x00,
    0x00, 0x00, 0x00, 0x00, 0x00, 0x00, 0x00, 0x00, 0x00, 0x00, 0x00, 0x00,
    0x00, 0x00, 0x00, 0x00, 0x00, 0x00, 0x00, 0x00, 0x00, 0x00, 0x00, 0x00,
    0x00, 0x00, 0x00, 0x00, 0x00, 0x00, 0x00, 0x00, 0x00, 0x00, 0x00, 0x00,
    0x00, 0x00, 0x00, 0x00, 0x00, 0x00, 0x00, 0x00, 0x00, 0x00, 0x00, 0x00,
    0x00, 0x00, 0x00, 0x00, 0x00, 0x00, 0x00, 0x00, 0x00, 0x00, 0x00, 0x00,
    0x00, 0x00, 0x00, 0x00, 0x00, 0x00, 0x00, 0x00, 0x00, 0x00, 0x00, 0x00,
    0x00, 0x00, 0x00, 0x00, 0x00, 0x00, 0x00, 0x00, 0x00, 0x00, 0x00, 0x00,
    0x00, 0x00, 0x00, 0x00, 0x00, 0x00, 0x00, 0x00, 0x00, 0x00, 0x00, 0x00,
    0x00, 0x00, 0x00, 0x00, 0x00, 0x00, 0x00, 0x00, 0x00, 0x00, 0x00, 0x00,
    0x00, 0x00, 0x00, 0x00, 0x00, 0x00, 0x00, 0x00, 0x00, 0x00, 0x00, 0x00,
    0x00, 0x00, 0x00, 0x00, 0x00, 0x00, 0x00, 0x00, 0x00, 0x00, 0x00, 0x00,
    0x00, 0x00, 0x00, 0x00, 0x00, 0x00, 0x00, 0x00, 0x00, 0x00, 0x00, 0x00,
    0x00, 0x00, 0x00, 0x00, 0x00, 0x00, 0x00, 0x00, 0x00, 0x00, 0x00, 0x00,
    0x00, 0x00, 0x00, 0x00, 0x00, 0x00, 0x00, 0x00, 0x00, 0x00, 0x00, 0x00,
    0x00, 0x00, 0x00, 0x10, 0x8f, 0x95, 0x95, 0x81, 0xa1, 0x83, 0xa1, 0xa1,
    0x84, 0x81, 0xa0, 0xbf, 0x95, 0x9d, 0x9e, 0x9e, 0x9e, 0x82, 0x9e, 0x9d,
    0x96, 0x76, 0xa5, 0xc2, 0xbf, 0xb5, 0xb5, 0xaa, 0xaa, 0xb8, 0xb8, 0xb5,
    0xa0, 0x95, 0x9d, 0x81, 0x99, 0x81, 0xc0, 0xc0, 0x81, 0x9a, 0x78, 0x98,
    0x78, 0x97, 0x96, 0xa0, 0xb5, 0xc5, 0x8c, 0xaf, 0xaf, 0xaf, 0xaf, 0xaf,
    0xaf, 0xa3, 0xa4, 0xa4, 0xc4, 0xc5, 0xb8, 0xc5, 0xc5, 0xa4, 0xa4, 0x8c,
    0xaf, 0x69, 0x9c, 0x0f, 0x43, 0x43, 0x43, 0x43, 0x43, 0x30, 0x43, 0x3f,
    0x48, 0x05, 0x00, 0x00, 0x00, 0x00, 0x00, 0x00, 0x00, 0x00, 0x00, 0x00,
    0x00, 0x00, 0x00, 0x00, 0x00, 0x00, 0x00, 0x00, 0x00, 0x00, 0x00, 0x00,
    0x00, 0x00, 0x00, 0x00, 0x00, 0x00, 0x00, 0x00, 0x00, 0x00, 0x00, 0x00,
    0x00, 0x00, 0x00, 0x00, 0x00, 0x00, 0x00, 0x00, 0x00, 0x00, 0x00, 0x00,
    0x00, 0x00, 0x00, 0x00, 0x00, 0x00, 0x00, 0x00, 0x00, 0x00, 0x00, 0x00,
    0x00, 0x00, 0x00, 0x00, 0x00, 0x00, 0x00, 0x00, 0x00, 0x00, 0x00, 0x00,
    0x00, 0x00, 0x00, 0x00, 0x00, 0x00, 0x00, 0x00, 0x00, 0x00, 0x00, 0x00,
    0x00, 0x00, 0x00, 0x00, 0x00, 0x00, 0x00, 0x00, 0x00, 0x00, 0x00, 0x00,
    0x00, 0x00, 0x00, 0x00, 0x00, 0x00, 0x00, 0x00, 0x00, 0x00, 0x00, 0x00,
    0x00, 0x00, 0x00, 0x00, 0x00, 0x00, 0x00, 0x00, 0x00, 0x00, 0x00, 0x00,
    0x00, 0x00, 0x00, 0x00, 0x00, 0x00, 0x00, 0x00, 0x00, 0x00, 0x00, 0x00,
    0x00, 0x00, 0x00, 0x00, 0x00, 0x00, 0x00, 0x00, 0x00, 0x00, 0x00, 0x00,
    0x00, 0x00, 0x00, 0x00, 0x00, 0x00, 0x00, 0x00, 0x00, 0x00, 0x00, 0x00,
    0x00, 0x00, 0x00, 0x00, 0x00, 0x00, 0x00, 0x00, 0x00, 0x00, 0x00, 0x00,
    0x00, 0x00, 0x00, 0x00, 0x00, 0x00, 0x00, 0x00, 0x00, 0x00, 0x00, 0x00,
    0x00, 0x00, 0x00, 0x00, 0x00, 0x00, 0x00, 0x00, 0x00, 0x00, 0x00, 0x00,
    0x00, 0x00, 0x00, 0x00, 0x00, 0x00, 0x00, 0x00, 0x00, 0x00, 0x00, 0x00,
    0x00, 0x00, 0x00, 0x00, 0x00, 0x00, 0x00, 0x00, 0x00, 0x00, 0x00, 0x00,
    0x00, 0x00, 0x00, 0x08, 0x8f, 0x90, 0x95, 0x81, 0x83, 0x83, 0xa1, 0xa1,
    0xa1, 0xb0, 0x82, 0xbf, 0xb5, 0xb5, 0x94, 0xa0, 0xa5, 0xa5, 0x94, 0xaa,
    0xb8, 0xc4, 0xa3, 0xaf, 0xaf, 0xa3, 0xa3, 0xa4, 0xa4, 0xa4, 0xc5, 0x94,
    0x95, 0x95, 0x9e, 0x81, 0x99, 0x81, 0xc0, 0xc0, 0x81, 0x7c, 0x9a, 0x9a,
    0x99, 0x9a, 0x78, 0xa5, 0x94, 0xb5, 0xa4, 0x8c, 0xaf, 0x9c, 0x9b, 0x69,
    0x69, 0x9b, 0x69, 0x69, 0x69, 0xa9, 0x69, 0x69, 0xa9, 0x9b, 0xaf, 0x9c,
    0x9c, 0x9b, 0xc8, 0x59, 0x3c, 0x3c, 0x43, 0x43, 0x31, 0x30, 0x43, 0x47,
    0x48, 0x05, 0x00, 0x00, 0x00, 0x00, 0x00, 0x00, 0x00, 0x00, 0x00, 0x00,
    0x00, 0x00, 0x00, 0x00, 0x00, 0x00, 0x00, 0x00, 0x00, 0x00, 0x00, 0x00,
    0x00, 0x00, 0x00, 0x00, 0x00, 0x00, 0x00, 0x00, 0x00, 0x00, 0x00, 0x00,
    0x00, 0x00, 0x00, 0x00, 0x00, 0x00, 0x00, 0x00, 0x00, 0x00, 0x00, 0x00,
    0x00, 0x00, 0x00, 0x00, 0x00, 0x00, 0x00, 0x00, 0x00, 0x00, 0x00, 0x00,
    0x00, 0x00, 0x00, 0x00, 0x00, 0x00, 0x00, 0x00, 0x00, 0x00, 0x00, 0x00,
    0x00, 0x00, 0x00, 0x00, 0x00, 0x00, 0x00, 0x00, 0x00, 0x00, 0x00, 0x00,
    0x00, 0x00, 0x00, 0x00, 0x00, 0x00, 0x00, 0x00, 0x00, 0x00, 0x00, 0x00,
    0x00, 0x00, 0x00, 0x00, 0x00, 0x00, 0x00, 0x00, 0x00, 0x00, 0x00, 0x00,
    0x00, 0x00, 0x00, 0x00, 0x00, 0x00, 0x00, 0x00, 0x00, 0x00, 0x00, 0x00,
    0x00, 0x00, 0x00, 0x00, 0x00, 0x00, 0x00, 0x00, 0x00, 0x00, 0x00, 0x00,
    0x00, 0x00, 0x00, 0x00, 0x00, 0x00, 0x00, 0x00, 0x00, 0x00, 0x00, 0x00,
    0x00, 0x00, 0x00, 0x00, 0x00, 0x00, 0x00, 0x00, 0x00, 0x00, 0x00, 0x00,
    0x00, 0x00, 0x00, 0x00, 0x00, 0x00, 0x00, 0x00, 0x00, 0x00, 0x00, 0x00,
    0x00, 0x00, 0x00, 0x00, 0x00, 0x00, 0x00, 0x00, 0x00, 0x00, 0x00, 0x00,
    0x00, 0x00, 0x00, 0x00, 0x00, 0x00, 0x00, 0x00, 0x00, 0x00, 0x00, 0x00,
    0x00, 0x00, 0x00, 0x00, 0x00, 0x00, 0x00, 0x00, 0x00, 0x00, 0x00, 0x00,
    0x00, 0x00, 0x00, 0x00, 0x00, 0x00, 0x00, 0x00, 0x00, 0x00, 0x00, 0x00,
    0x00, 0x00, 0x00, 0x86, 0x8f, 0x90, 0x95, 0x81, 0x83, 0x83, 0xa1, 0xa1,
    0x84, 0x84, 0xb0, 0x97, 0x94, 0x94, 0x8e, 0x8f, 0x8e, 0x8e, 0x8e, 0x8e,
    0x8e, 0x8e, 0xc5, 0x9f, 0x8c, 0x9f, 0x8c, 0x8c, 0xa4, 0x8f, 0xb5, 0xa0,
    0x95, 0x9e, 0x9e, 0xc0, 0x81, 0x7f, 0x80, 0xc0, 0xc0, 0x83, 0x7d, 0x99,
    0x7c, 0x99, 0x99, 0x97, 0xa5, 0x94, 0xaa, 0xa4, 0xaf, 0x9c, 0x8b, 0x8b,
    0x9c, 0x9c, 0x9c, 0x69, 0xa9, 0xa9, 0x9b, 0xaf, 0xaf, 0xaf, 0x9c, 0xaf,
    0xaf, 0x8c, 0x17, 0x59, 0x48, 0x3c, 0x43, 0x43, 0x31, 0x30, 0x3c, 0x47,
    0x3f, 0x06, 0x0c, 0x00, 0x00, 0x00, 0x00, 0x00, 0x00, 0x00, 0x00, 0x00,
    0x00, 0x00, 0x00, 0x00, 0x00, 0x00, 0x00, 0x00, 0x00, 0x00, 0x00, 0x00,
    0x00, 0x00, 0x00, 0x00, 0x00, 0x00, 0x00, 0x00, 0x00, 0x00, 0x00, 0x00,
    0x00, 0x00, 0x00, 0x00, 0x00, 0x00, 0x00, 0x00, 0x00, 0x00, 0x00, 0x00,
    0x00, 0x00, 0x00, 0x00, 0x00, 0x00, 0x00, 0x00, 0x00, 0x00, 0x00, 0x00,
    0x00, 0x00, 0x00, 0x00, 0x00, 0x00, 0x00, 0x00, 0x00, 0x00, 0x00, 0x00,
    0x00, 0x00, 0x00, 0x00, 0x00, 0x00, 0x00, 0x00, 0x00, 0x00, 0x00, 0x00,
    0x00, 0x00, 0x00, 0x00, 0x00, 0x00, 0x00, 0x00, 0x00, 0x00, 0x00, 0x00,
    0x00, 0x00, 0x00, 0x00, 0x00, 0x00, 0x00, 0x00, 0x00, 0x00, 0x00, 0x00,
    0x00, 0x00, 0x00, 0x00, 0x00, 0x00, 0x00, 0x00, 0x00, 0x00, 0x00, 0x00,
    0x00, 0x00, 0x00, 0x00, 0x00, 0x00, 0x00, 0x00, 0x00, 0x00, 0x00, 0x00,
    0x00, 0x00, 0x00, 0x00, 0x00, 0x00, 0x00, 0x00, 0x00, 0x00, 0x00, 0x00,
    0x00, 0x00, 0x00, 0x00, 0x00, 0x00, 0x00, 0x00, 0x00, 0x00, 0x00, 0x00,
    0x00, 0x00, 0x00, 0x00, 0x00, 0x00, 0x00, 0x00, 0x00, 0x00, 0x00, 0x00,
    0x00, 0x00, 0x00, 0x00, 0x00, 0x00, 0x00, 0x00, 0x00, 0x00, 0x00, 0x00,
    0x00, 0x00, 0x00, 0x00, 0x00, 0x00, 0x00, 0x00, 0x00, 0x00, 0x00, 0x00,
    0x00, 0x00, 0x00, 0x00, 0x00, 0x00, 0x00, 0x00, 0x00, 0x00, 0x00, 0x00,
    0x00, 0x00, 0x00, 0x00, 0x00, 0x00, 0x00, 0x00, 0x00, 0x00, 0x00, 0x00,
    0x00, 0x00, 0x00, 0x03, 0x8f, 0x90, 0x95, 0x99, 0xa1, 0x83, 0xa1, 0xa1,
    0xa1, 0x7f, 0xab, 0xb0, 0x9e, 0x95, 0xa0, 0x94, 0x94, 0x8f, 0x8f, 0x8f,
    0x8f, 0x8f, 0x8f, 0x8e, 0x8e, 0x8e, 0xc5, 0xc5, 0x8e, 0x94, 0x95, 0x9e,
    0x99, 0xc0, 0xc0, 0xc0, 0x81, 0xc0, 0x80, 0xc0, 0xc0, 0x81, 0x81, 0x81,
    0x81, 0x81, 0x81, 0x9a, 0x78, 0x96, 0x95, 0xa0, 0xb8, 0xc5, 0x8c, 0xa3,
    0xaf, 0x9b, 0x9c, 0x9c, 0x9c, 0xaf, 0x8c, 0x8c, 0xa3, 0xa3, 0xa3, 0x8c,
    0xc5, 0x8f, 0x1e, 0x2a, 0x3c, 0x3c, 0x43, 0x43, 0x31, 0x30, 0x48, 0x47,
    0x47, 0x06, 0x0c, 0x00, 0x00, 0x00, 0x00, 0x00, 0x00, 0x00, 0x00, 0x00,
    0x00, 0x00, 0x00, 0x00, 0x00, 0x00, 0x00, 0x00, 0x00, 0x00, 0x00, 0x00,
    0x00, 0x00, 0x00, 0x00, 0x00, 0x00, 0x00, 0x00, 0x00, 0x00, 0x00, 0x00,
    0x00, 0x00, 0x00, 0x00, 0x00, 0x00, 0x00, 0x00, 0x00, 0x00, 0x00, 0x00,
    0x00, 0x00, 0x00, 0x00, 0x00, 0x00, 0x00, 0x00, 0x00, 0x00, 0x00, 0x00,
    0x00, 0x00, 0x00, 0x00, 0x00, 0x00, 0x00, 0x00, 0x00, 0x00, 0x00, 0x00,
    0x00, 0x00, 0x00, 0x00, 0x00, 0x00, 0x00, 0x00, 0x00, 0x00, 0x00, 0x00,
    0x00, 0x00, 0x00, 0x00, 0x00, 0x00, 0x00, 0x00, 0x00, 0x00, 0x00, 0x00,
    0x00, 0x00, 0x00, 0x00, 0x00, 0x00, 0x00, 0x00, 0x00, 0x00, 0x00, 0x00,
    0x00, 0x00, 0x00, 0x00, 0x00, 0x00, 0x00, 0x00, 0x00, 0x00, 0x00, 0x00,
    0x00, 0x00, 0x00, 0x00, 0x00, 0x00, 0x00, 0x00, 0x00, 0x00, 0x00, 0x00,
    0x00, 0x00, 0x00, 0x00, 0x00, 0x00, 0x00, 0x00, 0x00, 0x00, 0x00, 0x00,
    0x00, 0x00, 0x00, 0x00, 0x00, 0x00, 0x00, 0x00, 0x00, 0x00, 0x00, 0x00,
    0x00, 0x00, 0x00, 0x00, 0x00, 0x00, 0x00, 0x00, 0x00, 0x00, 0x00, 0x00,
    0x00, 0x00, 0x00, 0x00, 0x00, 0x00, 0x00, 0x00, 0x00, 0x00, 0x00, 0x00,
    0x00, 0x00, 0x00, 0x00, 0x00, 0x00, 0x00, 0x00, 0x00, 0x00, 0x00, 0x00,
    0x00, 0x00, 0x00, 0x00, 0x00, 0x00, 0x00, 0x00, 0x00, 0x00, 0x00, 0x00,
    0x00, 0x00, 0x00, 0x00, 0x00, 0x00, 0x00, 0x00, 0x00, 0x00, 0x00, 0x00,
    0x00, 0x00, 0x00, 0x03, 0x8f, 0x90, 0x95, 0x82, 0xa1, 0xa1, 0xa1, 0xa1,
    0xa1, 0x7f, 0x84, 0xab, 0xb0, 0x99, 0x9d, 0xa0, 0xa0, 0x95, 0xa5, 0xa5,
    0x90, 0x90, 0x90, 0x95, 0x95, 0x95, 0x95, 0x9e, 0x99, 0xc0, 0xb9, 0xb9,
    0xb9, 0x80, 0x80, 0xc0, 0xc0, 0xc0, 0x80, 0xc0, 0xc0, 0xc0, 0xc0, 0xc0,
    0x81, 0x81, 0x81, 0x99, 0x82, 0x82, 0x82, 0x9d, 0x96, 0x95, 0xa0, 0x94,
    0x94, 0x8f, 0x8e, 0xb8, 0xc5, 0xc5, 0xc5, 0xc5, 0xc5, 0xc5, 0xb8, 0x94,
    0x94, 0x8f, 0x70, 0x23, 0x59, 0x3c, 0x43, 0x43, 0x31, 0x31, 0x48, 0x3f,
    0x47, 0x06, 0x01, 0x00, 0x00, 0x00, 0x00, 0x00, 0x00, 0x00, 0x00, 0x00,
    0x00, 0x00, 0x00, 0x00, 0x00, 0x00, 0x00, 0x00, 0x00, 0x00, 0x00, 0x00,
    0x00, 0x00, 0x00, 0x00, 0x00, 0x00, 0x00, 0x00, 0x00, 0x00, 0x00, 0x00,
    0x00, 0x00, 0x00, 0x00, 0x00, 0x00, 0x00, 0x00, 0x00, 0x00, 0x00, 0x00,
    0x00, 0x00, 0x00, 0x00, 0x00, 0x00, 0x00, 0x00, 0x00, 0x00, 0x00, 0x00,
    0x00, 0x00, 0x00, 0x00, 0x00, 0x00, 0x00, 0x00, 0x00, 0x00, 0x00, 0x00,
    0x00, 0x00, 0x00, 0x00, 0x00, 0x00, 0x00, 0x00, 0x00, 0x00, 0x00, 0x00,
    0x00, 0x00, 0x00, 0x00, 0x00, 0x00, 0x00, 0x00, 0x00, 0x00, 0x00, 0x00,
    0x00, 0x00, 0x00, 0x00, 0x00, 0x00, 0x00, 0x00, 0x00, 0x00, 0x00, 0x00,
    0x00, 0x00, 0x00, 0x00, 0x00, 0x00, 0x00, 0x00, 0x00, 0x00, 0x00, 0x00,
    0x00, 0x00, 0x00, 0x00, 0x00, 0x00, 0x00, 0x00, 0x00, 0x00, 0x00, 0x00,
    0x00, 0x00, 0x00, 0x00, 0x00, 0x00, 0x00, 0x00, 0x00, 0x00, 0x00, 0x00,
    0x00, 0x00, 0x00, 0x00, 0x00, 0x00, 0x00, 0x00, 0x00, 0x00, 0x00, 0x00,
    0x00, 0x00, 0x00, 0x00, 0x00, 0x00, 0x00, 0x00, 0x00, 0x00, 0x00, 0x00,
    0x00, 0x00, 0x00, 0x00, 0x00, 0x00, 0x00, 0x00, 0x00, 0x00, 0x00, 0x00,
    0x00, 0x00, 0x00, 0x00, 0x00, 0x00, 0x00, 0x00, 0x00, 0x00, 0x00, 0x00,
    0x00, 0x00, 0x00, 0x00, 0x00, 0x00, 0x00, 0x00, 0x00, 0x00, 0x00, 0x00,
    0x00, 0x00, 0x00, 0x00, 0x00, 0x00, 0x00, 0x00, 0x00, 0x00, 0x00, 0x00,
    0x00, 0x00, 0x00, 0x03, 0x8f, 0x90, 0x95, 0x82, 0x7f, 0xa1, 0xa1, 0xa1,
    0xa1, 0xa1, 0xa1, 0x84, 0x84, 0xb0, 0xb0, 0x99, 0x9e, 0x9e, 0x9e, 0x99,
    0x81, 0x81, 0xc0, 0xc0, 0xb9, 0xbd, 0xbd, 0xbd, 0xbd, 0x92, 0xb9, 0xb9,
    0xb9, 0xb9, 0xb9, 0x80, 0xc0, 0xc0, 0x80, 0x80, 0xc0, 0x80, 0xc0, 0x80,
    0xc0, 0xc0, 0x81, 0x99, 0x99, 0x82, 0x82, 0x78, 0x78, 0x9e, 0x9e, 0x9d,
    0x96, 0x96, 0x95, 0x95, 0xa5, 0xa0, 0xa0, 0xa0, 0x94, 0x94, 0xa0, 0x94,
    0xb5, 0x8f, 0x70, 0x1e, 0x2a, 0x48, 0x43, 0x43, 0x31, 0x43, 0x48, 0x47,
    0x47, 0x06, 0x01, 0x00, 0x00, 0x00, 0x00, 0x00, 0x00, 0x00, 0x00, 0x00,
    0x00, 0x00, 0x00, 0x00, 0x00, 0x00, 0x00, 0x00, 0x00, 0x00, 0x00, 0x00,
    0x00, 0x00, 0x00, 0x00, 0x00, 0x00, 0x00, 0x00, 0x00, 0x00, 0x00, 0x00,
    0x00, 0x00, 0x00, 0x00, 0x00, 0x00, 0x00, 0x00, 0x00, 0x00, 0x00, 0x00,
    0x00, 0x00, 0x00, 0x00, 0x00, 0x00, 0x00, 0x00, 0x00, 0x00, 0x00, 0x00,
    0x00, 0x00, 0x00, 0x00, 0x00, 0x00, 0x00, 0x00, 0x00, 0x00, 0x00, 0x00,
    0x00, 0x00, 0x00, 0x00, 0x00, 0x00, 0x00, 0x00, 0x00, 0x00, 0x00, 0x00,
    0x00, 0x00, 0x00, 0x00, 0x00, 0x00, 0x00, 0x00, 0x00, 0x00, 0x00, 0x00,
    0x00, 0x00, 0x00, 0x00, 0x00, 0x00, 0x00, 0x00, 0x00, 0x00, 0x00, 0x00,
    0x00, 0x00, 0x00, 0x00, 0x00, 0x00, 0x00, 0x00, 0x00, 0x00, 0x00, 0x00,
    0x00, 0x00, 0x00, 0x00, 0x00, 0x00, 0x00, 0x00, 0x00, 0x00, 0x00, 0x00,
    0x00, 0x00, 0x00, 0x00, 0x00, 0x00, 0x00, 0x00, 0x00, 0x00, 0x00, 0x00,
    0x00, 0x00, 0x00, 0x00, 0x00, 0x00, 0x00, 0x00, 0x00, 0x00, 0x00, 0x00,
    0x00, 0x00, 0x00, 0x00, 0x00, 0x00, 0x00, 0x00, 0x00, 0x00, 0x00, 0x00,
    0x00, 0x00, 0x00, 0x00, 0x00, 0x00, 0x00, 0x00, 0x00, 0x00, 0x00, 0x00,
    0x00, 0x00, 0x00, 0x00, 0x00, 0x00, 0x00, 0x00, 0x00, 0x00, 0x00, 0x00,
    0x00, 0x00, 0x00, 0x00, 0x00, 0x00, 0x00, 0x00, 0x00, 0x00, 0x00, 0x00,
    0x00, 0x00, 0x00, 0x00, 0x00, 0x00, 0x00, 0x00, 0x00, 0x00, 0x00, 0x00,
    0x00, 0x00, 0x00, 0x03, 0x8f, 0x90, 0x95, 0x9e, 0xa1, 0x83, 0xa1, 0xa1,
    0xa1, 0xa1, 0xa1, 0xa1, 0x84, 0xab, 0xb0, 0xb0, 0xb0, 0xc0, 0xb9, 0x92,
    0x92, 0xbd, 0xbd, 0xbd, 0xbd, 0xbd, 0xbd, 0xbd, 0xbd, 0xbd, 0xbd, 0xbd,
    0xb9, 0xb9, 0xb9, 0xb9, 0x80, 0xc0, 0xc0, 0x80, 0xb0, 0x80, 0x80, 0x80,
    0x80, 0xc0, 0xc0, 0x81, 0x99, 0x9a, 0x82, 0x82, 0x78, 0x78, 0x97, 0x9d,
    0x9d, 0x9d, 0x96, 0x96, 0x96, 0x95, 0xa5, 0xa5, 0xa5, 0xc2, 0xa0, 0xbf,
    0xb5, 0x8f, 0x11, 0x1e, 0x59, 0x48, 0x43, 0x43, 0x31, 0x43, 0x48, 0x47,
    0x32, 0xc1, 0x01, 0x00, 0x00, 0x00, 0x00, 0x00, 0x00, 0x00, 0x00, 0x00,
    0x00, 0x00, 0x00, 0x00, 0x00, 0x00, 0x00, 0x00, 0x00, 0x00, 0x00, 0x00,
    0x00, 0x00, 0x00, 0x00, 0x00, 0x00, 0x00, 0x00, 0x00, 0x00, 0x00, 0x00,
    0x00, 0x00, 0x00, 0x00, 0x00, 0x00, 0x00, 0x00, 0x00, 0x00, 0x00, 0x00,
    0x00, 0x00, 0x00, 0x00, 0x00, 0x00, 0x00, 0x00, 0x00, 0x00, 0x00, 0x00,
    0x00, 0x00, 0x00, 0x00, 0x00, 0x00, 0x00, 0x00, 0x00, 0x00, 0x00, 0x00,
    0x00, 0x00, 0x00, 0x00, 0x00, 0x00, 0x00, 0x00, 0x00, 0x00, 0x00, 0x00,
    0x00, 0x00, 0x00, 0x00, 0x00, 0x00, 0x00, 0x00, 0x00, 0x00, 0x00, 0x00,
    0x00, 0x00, 0x00, 0x00, 0x00, 0x00, 0x00, 0x00, 0x00, 0x00, 0x00, 0x00,
    0x00, 0x00, 0x00, 0x00, 0x00, 0x00, 0x00, 0x00, 0x00, 0x00, 0x00, 0x00,
    0x00, 0x00, 0x00, 0x00, 0x00, 0x00, 0x00, 0x00, 0x00, 0x00, 0x00, 0x00,
    0x00, 0x00, 0x00, 0x00, 0x00, 0x00, 0x00, 0x00, 0x00, 0x00, 0x00, 0x00,
    0x00, 0x00, 0x00, 0x00, 0x00, 0x00, 0x00, 0x00, 0x00, 0x00, 0x00, 0x00,
    0x00, 0x00, 0x00, 0x00, 0x00, 0x00, 0x00, 0x00, 0x00, 0x00, 0x00, 0x00,
    0x00, 0x00, 0x00, 0x00, 0x00, 0x00, 0x00, 0x00, 0x00, 0x00, 0x00, 0x00,
    0x00, 0x00, 0x00, 0x00, 0x00, 0x00, 0x00, 0x00, 0x00, 0x00, 0x00, 0x00,
    0x00, 0x00, 0x00, 0x00, 0x00, 0x00, 0x00, 0x00, 0x00, 0x00, 0x00, 0x00,
    0x00, 0x00, 0x00, 0x00, 0x00, 0x00, 0x00, 0x00, 0x00, 0x00, 0x00, 0x00,
    0x00, 0x00, 0x00, 0x03, 0x8e, 0x90, 0x95, 0x9d, 0x83, 0xa1, 0xa1, 0xa1,
    0xa1, 0xa1, 0xa1, 0xa1, 0x84, 0xab, 0xab, 0xab, 0xb0, 0xb9, 0xb9, 0x92,
    0x92, 0xbd, 0xbd, 0xbd, 0xbd, 0xbd, 0xbd, 0xbd, 0xbd, 0xbd, 0xbd, 0xbd,
    0x92, 0xb9, 0xb9, 0xc0, 0xc0, 0xc0, 0xc0, 0x80, 0xb9, 0xb9, 0xb9, 0xb9,
    0xb9, 0x80, 0x80, 0x81, 0x83, 0x7d, 0x98, 0x98, 0x82, 0x78, 0x97, 0x9d,
    0x9d, 0x96, 0x96, 0x76, 0x76, 0xa5, 0xa5, 0xa5, 0x75, 0xa0, 0x74, 0xbf,
    0xb5, 0x8f, 0x11, 0x1a, 0x23, 0x59, 0x3c, 0x43, 0x31, 0x48, 0x3f, 0x47,
    0x32, 0xc1, 0x01, 0x00, 0x00, 0x00, 0x00, 0x00, 0x00, 0x00, 0x00, 0x00,
    0x00, 0x00, 0x00, 0x00, 0x00, 0x00, 0x00, 0x00, 0x00, 0x00, 0x00, 0x00,
    0x00, 0x00, 0x00, 0x00, 0x00, 0x00, 0x00, 0x00, 0x00, 0x00, 0x00, 0x00,
    0x00, 0x00, 0x00, 0x00, 0x00, 0x00, 0x00, 0x00, 0x00, 0x00, 0x00, 0x00,
    0x00, 0x00, 0x00, 0x00, 0x00, 0x00, 0x00, 0x00, 0x00, 0x00, 0x00, 0x00,
    0x00, 0x00, 0x00, 0x00, 0x00, 0x00, 0x00, 0x00, 0x00, 0x00, 0x00, 0x00,
    0x00, 0x00, 0x00, 0x00, 0x00, 0x00, 0x00, 0x00, 0x00, 0x00, 0x00, 0x00,
    0x00, 0x00, 0x00, 0x00, 0x00, 0x00, 0x00, 0x00, 0x00, 0x00, 0x00, 0x00,
    0x00, 0x00, 0x00, 0x00, 0x00, 0x00, 0x00, 0x00, 0x00, 0x00, 0x00, 0x00,
    0x00, 0x00, 0x00, 0x00, 0x00, 0x00, 0x00, 0x00, 0x00, 0x00, 0x00, 0x00,
    0x00, 0x00, 0x00, 0x00, 0x00, 0x00, 0x00, 0x00, 0x00, 0x00, 0x00, 0x00,
    0x00, 0x00, 0x00, 0x00, 0x00, 0x00, 0x00, 0x00, 0x00, 0x00, 0x00, 0x00,
    0x00, 0x00, 0x00, 0x00, 0x00, 0x00, 0x00, 0x00, 0x00, 0x00, 0x00, 0x00,
    0x00, 0x00, 0x00, 0x00, 0x00, 0x00, 0x00, 0x00, 0x00, 0x00, 0x00, 0x00,
    0x00, 0x00, 0x00, 0x00, 0x00, 0x00, 0x00, 0x00, 0x00, 0x00, 0x00, 0x00,
    0x00, 0x00, 0x00, 0x00, 0x00, 0x00, 0x00, 0x00, 0x00, 0x00, 0x00, 0x00,
    0x00, 0x00, 0x00, 0x00, 0x00, 0x00, 0x00, 0x00, 0x00, 0x00, 0x00, 0x00,
    0x00, 0x00, 0x00, 0x00, 0x00, 0x00, 0x00, 0x00, 0x00, 0x00, 0x00, 0x00,
    0x00, 0x00, 0x00, 0x04, 0x8e, 0x90, 0x95, 0x95, 0x9a, 0xa1, 0xa1, 0xa1,
    0xa1, 0xa1, 0xa1, 0xa1, 0xa1, 0x84, 0x84, 0xab, 0xb0, 0xb0, 0xb0, 0xb9,
    0xb9, 0x92, 0xbd, 0xbd, 0xbd, 0xbd, 0xbd, 0xbd, 0xbd, 0xbd, 0xbd, 0xbd,
    0x92, 0xb9, 0xb9, 0x80, 0x7f, 0x80, 0x80, 0x80, 0xb9, 0xb9, 0xb9, 0xb9,
    0xb9, 0x80, 0x80, 0x7f, 0x83, 0x7d, 0x9a, 0x9a, 0x98, 0x78, 0x97, 0x9d,
    0x96, 0x96, 0x76, 0x76, 0xa5, 0xa5, 0xa5, 0x75, 0xc2, 0xa0, 0x74, 0xbf,
    0xb5, 0x8f, 0x70, 0x1a, 0x23, 0x59, 0x3c, 0x43, 0x43, 0x48, 0x47, 0x47,
    0x32, 0xc1, 0x01, 0x00, 0x00, 0x00, 0x00, 0x00, 0x00, 0x00, 0x00, 0x00,
    0x00, 0x00, 0x00, 0x00, 0x00, 0x00, 0x00, 0x00, 0x00, 0x00, 0x00, 0x00,
    0x00, 0x00, 0x00, 0x00, 0x00, 0x00, 0x00, 0x00, 0x00, 0x00, 0x00, 0x00,
    0x00, 0x00, 0x00, 0x00, 0x00, 0x00, 0x00, 0x00, 0x00, 0x00, 0x00, 0x00,
    0x00, 0x00, 0x00, 0x00, 0x00, 0x00, 0x00, 0x00, 0x00, 0x00, 0x00, 0x00,
    0x00, 0x00, 0x00, 0x00, 0x00, 0x00, 0x00, 0x00, 0x00, 0x00, 0x00, 0x00,
    0x00, 0x00, 0x00, 0x00, 0x00, 0x00, 0x00, 0x00, 0x00, 0x00, 0x00, 0x00,
    0x00, 0x00, 0x00, 0x00, 0x00, 0x00, 0x00, 0x00, 0x00, 0x00, 0x00, 0x00,
    0x00, 0x00, 0x00, 0x00, 0x00, 0x00, 0x00, 0x00, 0x00, 0x00, 0x00, 0x00,
    0x00, 0x00, 0x00, 0x00, 0x00, 0x00, 0x00, 0x00, 0x00, 0x00, 0x00, 0x00,
    0x00, 0x00, 0x00, 0x00, 0x00, 0x00, 0x00, 0x00, 0x00, 0x00, 0x00, 0x00,
    0x00, 0x00, 0x00, 0x00, 0x00, 0x00, 0x00, 0x00, 0x00, 0x00, 0x00, 0x00,
    0x00, 0x00, 0x00, 0x00, 0x00, 0x00, 0x00, 0x00, 0x00, 0x00, 0x00, 0x00,
    0x00, 0x00, 0x00, 0x00, 0x00, 0x00, 0x00, 0x00, 0x00, 0x00, 0x00, 0x00,
    0x00, 0x00, 0x00, 0x00, 0x00, 0x00, 0x00, 0x00, 0x00, 0x00, 0x00, 0x00,
    0x00, 0x00, 0x00, 0x00, 0x00, 0x00, 0x00, 0x00, 0x00, 0x00, 0x00, 0x00,
    0x00, 0x00, 0x00, 0x00, 0x00, 0x00, 0x00, 0x00, 0x00, 0x00, 0x00, 0x00,
    0x00, 0x00, 0x00, 0x00, 0x00, 0x00, 0x00, 0x00, 0x00, 0x00, 0x00, 0x00,
    0x00, 0x00, 0x00, 0x03, 0x8e, 0x90, 0x95, 0x95, 0x97, 0x7c, 0xa1, 0x83,
    0xa1, 0xa1, 0xa1, 0xa1, 0xa1, 0x84, 0x84, 0xab, 0xab, 0xb0, 0xb0, 0xb9,
    0xb9, 0x92, 0x92, 0x92, 0xbd, 0xbd, 0xbd, 0xbd, 0xbd, 0xbd, 0xbd, 0xbd,
    0x92, 0xb9, 0xb9, 0x87, 0x80, 0x7f, 0x80, 0x80, 0xb9, 0x80, 0xb9, 0xb9,
    0xb9, 0xb9, 0x80, 0xa1, 0x83, 0x7c, 0x7d, 0x9a, 0x98, 0x78, 0x97, 0x9d,
    0x96, 0x76, 0x76, 0x91, 0xa5, 0xa5, 0x75, 0xc2, 0xa0, 0x74, 0x74, 0xbf,
    0xb5, 0x8f, 0x70, 0x1a, 0x23, 0x59, 0x3c, 0x43, 0x48, 0x47, 0x47, 0x32,
    0xc3, 0x8a, 0x0c, 0x00, 0x00, 0x00, 0x00, 0x00, 0x00, 0x00, 0x00, 0x00,
    0x00, 0x00, 0x00, 0x00, 0x00, 0x00, 0x00, 0x00, 0x00, 0x00, 0x00, 0x00,
    0x00, 0x00, 0x00, 0x00, 0x00, 0x00, 0x00, 0x00, 0x00, 0x00, 0x00, 0x00,
    0x00, 0x00, 0x00, 0x00, 0x00, 0x00, 0x00, 0x00, 0x00, 0x00, 0x00, 0x00,
    0x00, 0x00, 0x00, 0x00, 0x00, 0x00, 0x00, 0x00, 0x00, 0x00, 0x00, 0x00,
    0x00, 0x00, 0x00, 0x00, 0x00, 0x00, 0x00, 0x00, 0x00, 0x00, 0x00, 0x00,
    0x00, 0x00, 0x00, 0x00, 0x00, 0x00, 0x00, 0x00, 0x00, 0x00, 0x00, 0x00,
    0x00, 0x00, 0x00, 0x00, 0x00, 0x00, 0x00, 0x00, 0x00, 0x00, 0x00, 0x00,
    0x00, 0x00, 0x00, 0x00, 0x00, 0x00, 0x00, 0x00, 0x00, 0x00, 0x00, 0x00,
    0x00, 0x00, 0x00, 0x00, 0x00, 0x00, 0x00, 0x00, 0x00, 0x00, 0x00, 0x00,
    0x00, 0x00, 0x00, 0x00, 0x00, 0x00, 0x00, 0x00, 0x00, 0x00, 0x00, 0x00,
    0x00, 0x00, 0x00, 0x00, 0x00, 0x00, 0x00, 0x00, 0x00, 0x00, 0x00, 0x00,
    0x00, 0x00, 0x00, 0x00, 0x00, 0x00, 0x00, 0x00, 0x00, 0x00, 0x00, 0x00,
    0x00, 0x00, 0x00, 0x00, 0x00, 0x00, 0x00, 0x00, 0x00, 0x00, 0x00, 0x00,
    0x00, 0x00, 0x00, 0x00, 0x00, 0x00, 0x00, 0x00, 0x00, 0x00, 0x00, 0x00,
    0x00, 0x00, 0x00, 0x00, 0x00, 0x00, 0x00, 0x00, 0x00, 0x00, 0x00, 0x00,
    0x00, 0x00, 0x00, 0x00, 0x00, 0x00, 0x00, 0x00, 0x00, 0x00, 0x00, 0x00,
    0x00, 0x00, 0x00, 0x00, 0x00, 0x00, 0x00, 0x00, 0x00, 0x00, 0x00, 0x00,
    0x00, 0x00, 0x00, 0x03, 0x8e, 0x94, 0x95, 0x95, 0x96, 0x9a, 0xa1, 0x83,
    0xa1, 0xa1, 0xa1, 0xa1, 0xa1, 0xab, 0xab, 0xab, 0xab, 0xb0, 0xb0, 0xb0,
    0xb0, 0xb9, 0xb9, 0x92, 0x92, 0xbd, 0xbd, 0xbd, 0xbd, 0xbd, 0xbd, 0xbd,
    0x92, 0xb9, 0xb0, 0x80, 0x84, 0x7f, 0x7f, 0x80, 0xb0, 0x80, 0x80, 0xb0,
    0x80, 0xb9, 0x80, 0x83, 0x83, 0x83, 0x7d, 0x9a, 0x98, 0x78, 0x97, 0x9d,
    0x96, 0x76, 0x91, 0x91, 0xa5, 0x75, 0xc2, 0xc2, 0xa0, 0xa0, 0x74, 0xbf,
    0xb5, 0x8f, 0x70, 0x1a, 0x1f, 0x2a, 0x3c, 0x3c, 0x47, 0x47, 0x32, 0xc3,
    0xcb, 0x8a, 0x0c, 0x00, 0x00, 0x00, 0x00, 0x00, 0x00, 0x00, 0x00, 0x00,
    0x00, 0x00, 0x00, 0x00, 0x00, 0x00, 0x00, 0x00, 0x00, 0x00, 0x00, 0x00,
    0x00, 0x00, 0x00, 0x00, 0x00, 0x00, 0x00, 0x00, 0x00, 0x00, 0x00, 0x00,
    0x00, 0x00, 0x00, 0x00, 0x00, 0x00, 0x00, 0x00, 0x00, 0x00, 0x00, 0x00,
    0x00, 0x00, 0x00, 0x00, 0x00, 0x00, 0x00, 0x00, 0x00, 0x00, 0x00, 0x00,
    0x00, 0x00, 0x00, 0x00, 0x00, 0x00, 0x00, 0x00, 0x00, 0x00, 0x00, 0x00,
    0x00, 0x00, 0x00, 0x00, 0x00, 0x00, 0x00, 0x00, 0x00, 0x00, 0x00, 0x00,
    0x00, 0x00, 0x00, 0x00, 0x00, 0x00, 0x00, 0x00, 0x00, 0x00, 0x00, 0x00,
    0x00, 0x00, 0x00, 0x00, 0x00, 0x00, 0x00, 0x00, 0x00, 0x00, 0x00, 0x00,
    0x00, 0x00, 0x00, 0x00, 0x00, 0x00, 0x00, 0x00, 0x00, 0x00, 0x00, 0x00,
    0x00, 0x00, 0x00, 0x00, 0x00, 0x00, 0x00, 0x00, 0x00, 0x00, 0x00, 0x00,
    0x00, 0x00, 0x00, 0x00, 0x00, 0x00, 0x00, 0x00, 0x00, 0x00, 0x00, 0x00,
    0x00, 0x00, 0x00, 0x00, 0x00, 0x00, 0x00, 0x00, 0x00, 0x00, 0x00, 0x00,
    0x00, 0x00, 0x00, 0x00, 0x00, 0x00, 0x00, 0x00, 0x00, 0x00, 0x00, 0x00,
    0x00, 0x00, 0x00, 0x00, 0x00, 0x00, 0x00, 0x00, 0x00, 0x00, 0x00, 0x00,
    0x00, 0x00, 0x00, 0x00, 0x00, 0x00, 0x00, 0x00, 0x00, 0x00, 0x00, 0x00,
    0x00, 0x00, 0x00, 0x00, 0x00, 0x00, 0x00, 0x00, 0x00, 0x00, 0x00, 0x00,
    0x00, 0x00, 0x00, 0x00, 0x00, 0x00, 0x00, 0x00, 0x00, 0x00, 0x00, 0x00,
    0x00, 0x00, 0x00, 0x08, 0x8d, 0x8f, 0x90, 0x95, 0x96, 0x78, 0xa1, 0xa1,
    0xa1, 0xa1, 0xa1, 0x83, 0xa1, 0x84, 0xab, 0xab, 0xab, 0xab, 0xab, 0xb0,
    0xb0, 0xb0, 0xb9, 0xb9, 0xb9, 0x92, 0xbd, 0xbd, 0xbd, 0xbd, 0x92, 0xb9,
    0xb9, 0xb0, 0x80, 0x84, 0x84, 0x7f, 0x7f, 0x80, 0xb0, 0x80, 0x80, 0x80,
    0x80, 0x80, 0x84, 0xa1, 0x7c, 0x78, 0x7d, 0x9a, 0x98, 0x78, 0x97, 0x9d,
    0x96, 0x76, 0x91, 0xa5, 0xa5, 0xa5, 0x75, 0xc2, 0xa0, 0xa0, 0x74, 0xbf,
    0xb5, 0x8f, 0x8f, 0x1a, 0x23, 0x59, 0x3c, 0x48, 0x47, 0x32, 0xce, 0xc3,
    0xca, 0x8a, 0x0c, 0x00, 0x00, 0x00, 0x00, 0x00, 0x00, 0x00, 0x00, 0x00,
    0x00, 0x00, 0x00, 0x00, 0x00, 0x00, 0x00, 0x00, 0x00, 0x00, 0x00, 0x00,
    0x00, 0x00, 0x00, 0x00, 0x00, 0x00, 0x00, 0x00, 0x00, 0x00, 0x00, 0x00,
    0x00, 0x00, 0x00, 0x00, 0x00, 0x00, 0x00, 0x00, 0x00, 0x00, 0x00, 0x00,
    0x00, 0x00, 0x00, 0x00, 0x00, 0x00, 0x00, 0x00, 0x00, 0x00, 0x00, 0x00,
    0x00, 0x00, 0x00, 0x00, 0x00, 0x00, 0x00, 0x00, 0x00, 0x00, 0x00, 0x00,
    0x00, 0x00, 0x00, 0x00, 0x00, 0x00, 0x00, 0x00, 0x00, 0x00, 0x00, 0x00,
    0x00, 0x00, 0x00, 0x00, 0x00, 0x00, 0x00, 0x00, 0x00, 0x00, 0x00, 0x00,
    0x00, 0x00, 0x00, 0x00, 0x00, 0x00, 0x00, 0x00, 0x00, 0x00, 0x00, 0x00,
    0x00, 0x00, 0x00, 0x00, 0x00, 0x00, 0x00, 0x00, 0x00, 0x00, 0x00, 0x00,
    0x00, 0x00, 0x00, 0x00, 0x00, 0x00, 0x00, 0x00, 0x00, 0x00, 0x00, 0x00,
    0x00, 0x00, 0x00, 0x00, 0x00, 0x00, 0x00, 0x00, 0x00, 0x00, 0x00, 0x00,
    0x00, 0x00, 0x00, 0x00, 0x00, 0x00, 0x00, 0x00, 0x00, 0x00, 0x00, 0x00,
    0x00, 0x00, 0x00, 0x00, 0x00, 0x00, 0x00, 0x00, 0x00, 0x00, 0x00, 0x00,
    0x00, 0x00, 0x00, 0x00, 0x00, 0x00, 0x00, 0x00, 0x00, 0x00, 0x00, 0x00,
    0x00, 0x00, 0x00, 0x00, 0x00, 0x00, 0x00, 0x00, 0x00, 0x00, 0x00, 0x00,
    0x00, 0x00, 0x00, 0x00, 0x00, 0x00, 0x00, 0x00, 0x00, 0x00, 0x00, 0x00,
    0x00, 0x00, 0x00, 0x00, 0x00, 0x00, 0x00, 0x00, 0x00, 0x00, 0x00, 0x00,
    0x00, 0x00, 0x00, 0x85, 0x8c, 0x8e, 0x94, 0xa0, 0x95, 0x97, 0x7c, 0x83,
    0xa1, 0xa1, 0xa1, 0xa1, 0x84, 0x84, 0xab, 0xab, 0xab, 0xab, 0xb0, 0xab,
    0xb0, 0xb0, 0xb9, 0xb9, 0xb9, 0xb9, 0x92, 0x92, 0x92, 0xb9, 0xb9, 0xb9,
    0xb0, 0x80, 0x80, 0x84, 0x84, 0x84, 0x84, 0x80, 0xb0, 0x80, 0x84, 0x84,
    0x84, 0x84, 0x7f, 0x83, 0x7c, 0x98, 0x9a, 0x9a, 0x98, 0x98, 0x97, 0x9d,
    0x77, 0x76, 0x91, 0xa5, 0xa5, 0x75, 0x75, 0xc2, 0xa0, 0xa0, 0x74, 0xbf,
    0xb5, 0x8f, 0x8f, 0x1a, 0x23, 0x59, 0x3c, 0x2a, 0x32, 0x32, 0xcb, 0xca,
    0xc9, 0x8a, 0x0c, 0x00, 0x00, 0x00, 0x00, 0x00, 0x00, 0x00, 0x00, 0x00,
    0x00, 0x00, 0x00, 0x00, 0x00, 0x00, 0x00, 0x00, 0x00, 0x00, 0x00, 0x00,
    0x00, 0x00, 0x00, 0x00, 0x00, 0x00, 0x00, 0x00, 0x00, 0x00, 0x00, 0x00,
    0x00, 0x00, 0x00, 0x00, 0x00, 0x00, 0x00, 0x00, 0x00, 0x00, 0x00, 0x00,
    0x00, 0x00, 0x00, 0x00, 0x00, 0x00, 0x00, 0x00, 0x00, 0x00, 0x00, 0x00,
    0x00, 0x00, 0x00, 0x00, 0x00, 0x00, 0x00, 0x00, 0x00, 0x00, 0x00, 0x00,
    0x00, 0x00, 0x00, 0x00, 0x00, 0x00, 0x00, 0x00, 0x00, 0x00, 0x00, 0x00,
    0x00, 0x00, 0x00, 0x00, 0x00, 0x00, 0x00, 0x00, 0x00, 0x00, 0x00, 0x00,
    0x00, 0x00, 0x00, 0x00, 0x00, 0x00, 0x00, 0x00, 0x00, 0x00, 0x00, 0x00,
    0x00, 0x00, 0x00, 0x00, 0x00, 0x00, 0x00, 0x00, 0x00, 0x00, 0x00, 0x00,
    0x00, 0x00, 0x00, 0x00, 0x00, 0x00, 0x00, 0x00, 0x00, 0x00, 0x00, 0x00,
    0x00, 0x00, 0x00, 0x00, 0x00, 0x00, 0x00, 0x00, 0x00, 0x00, 0x00, 0x00,
    0x00, 0x00, 0x00, 0x00, 0x00, 0x00, 0x00, 0x00, 0x00, 0x00, 0x00, 0x00,
    0x00, 0x00, 0x00, 0x00, 0x00, 0x00, 0x00, 0x00, 0x00, 0x00, 0x00, 0x00,
    0x00, 0x00, 0x00, 0x00, 0x00, 0x00, 0x00, 0x00, 0x00, 0x00, 0x00, 0x00,
    0x00, 0x00, 0x00, 0x00, 0x00, 0x00, 0x00, 0x00, 0x00, 0x00, 0x00, 0x00,
    0x00, 0x00, 0x00, 0x00, 0x00, 0x00, 0x00, 0x00, 0x00, 0x00, 0x00, 0x00,
    0x00, 0x00, 0x00, 0x00, 0x00, 0x00, 0x00, 0x00, 0x00, 0x00, 0x00, 0x00,
    0x00, 0x00, 0x00, 0x85, 0x8b, 0x8d, 0x8f, 0x94, 0xa5, 0x97, 0x7d, 0x7c,
    0x83, 0xa1, 0xa1, 0xa1, 0x84, 0xab, 0xab, 0xab, 0xb0, 0xb0, 0xab, 0xb0,
    0xb0, 0xb0, 0xb9, 0xb9, 0xb9, 0xb9, 0xb9, 0x92, 0x92, 0x92, 0xb9, 0xb9,
    0xb0, 0xb0, 0x80, 0xab, 0x84, 0x80, 0xb0, 0x80, 0xb0, 0x84, 0x84, 0x80,
    0x7c, 0x7c, 0xa1, 0x7c, 0x7c, 0x7c, 0x9a, 0x98, 0x98, 0x78, 0x97, 0x97,
    0x9d, 0x76, 0x91, 0x7e, 0x75, 0x75, 0xc2, 0xc2, 0xc2, 0xa0, 0x74, 0xbf,
    0xb5, 0x8f, 0x70, 0x1a, 0x23, 0x23, 0x59, 0x2a, 0x32, 0xc3, 0xcd, 0x61,
    0x64, 0x89, 0x00, 0x00, 0x00, 0x00, 0x00, 0x00, 0x00, 0x00, 0x00, 0x00,
    0x00, 0x00, 0x00, 0x00, 0x00, 0x00, 0x00, 0x00, 0x00, 0x00, 0x00, 0x00,
    0x00, 0x00, 0x00, 0x00, 0x00, 0x00, 0x00, 0x00, 0x00, 0x00, 0x00, 0x00,
    0x00, 0x00, 0x00, 0x00, 0x00, 0x00, 0x00, 0x00, 0x00, 0x00, 0x00, 0x00,
    0x00, 0x00, 0x00, 0x00, 0x00, 0x00, 0x00, 0x00, 0x00, 0x00, 0x00, 0x00,
    0x00, 0x00, 0x00, 0x00, 0x00, 0x00, 0x00, 0x00, 0x00, 0x00, 0x00, 0x00,
    0x00, 0x00, 0x00, 0x00, 0x00, 0x00, 0x00, 0x00, 0x00, 0x00, 0x00, 0x00,
    0x00, 0x00, 0x00, 0x00, 0x00, 0x00, 0x00, 0x00, 0x00, 0x00, 0x00, 0x00,
    0x00, 0x00, 0x00, 0x00, 0x00, 0x00, 0x00, 0x00, 0x00, 0x00, 0x00, 0x00,
    0x00, 0x00, 0x00, 0x00, 0x00, 0x00, 0x00, 0x00, 0x00, 0x00, 0x00, 0x00,
    0x00, 0x00, 0x00, 0x00, 0x00, 0x00, 0x00, 0x00, 0x00, 0x00, 0x00, 0x00,
    0x00, 0x00, 0x00, 0x00, 0x00, 0x00, 0x00, 0x00, 0x00, 0x00, 0x00, 0x00,
    0x00, 0x00, 0x00, 0x00, 0x00, 0x00, 0x00, 0x00, 0x00, 0x00, 0x00, 0x00,
    0x00, 0x00, 0x00, 0x00, 0x00, 0x00, 0x00, 0x00, 0x00, 0x00, 0x00, 0x00,
    0x00, 0x00, 0x00, 0x00, 0x00, 0x00, 0x00, 0x00, 0x00, 0x00, 0x00, 0x00,
    0x00, 0x00, 0x00, 0x00, 0x00, 0x00, 0x00, 0x00, 0x00, 0x00, 0x00, 0x00,
    0x00, 0x00, 0x00, 0x00, 0x00, 0x00, 0x00, 0x00, 0x00, 0x00, 0x00, 0x00,
    0x00, 0x00, 0x00, 0x00, 0x00, 0x00, 0x00, 0x00, 0x00, 0x00, 0x00, 0x00,
    0x00, 0x00, 0x00, 0x85, 0x8b, 0x8c, 0x8e, 0x94, 0xa5, 0x96, 0x9a, 0x7c,
    0xa1, 0xa1, 0xa1, 0xa1, 0xa1, 0x84, 0xab, 0xab, 0xab, 0xab, 0xb0, 0xb0,
    0xb0, 0xb0, 0xb9, 0xb9, 0xb9, 0xb9, 0xb9, 0x92, 0x92, 0xb9, 0xb9, 0xb9,
    0xb0, 0xb0, 0xb0, 0x80, 0x87, 0x87, 0xb0, 0xb0, 0x80, 0x84, 0x80, 0x84,
    0x7f, 0xa1, 0x83, 0x7c, 0x7c, 0x9a, 0x9a, 0x98, 0x78, 0x78, 0x97, 0x9d,
    0x9d, 0x76, 0x91, 0x7e, 0x7e, 0x75, 0xc2, 0xc2, 0xc2, 0xa0, 0x74, 0xbf,
    0xb5, 0x8f, 0x70, 0x1a, 0x1f, 0x23, 0x59, 0x2a, 0xc3, 0xcd, 0x61, 0x64,
    0x66, 0x88, 0x00, 0x00, 0x00, 0x00, 0x00, 0x00, 0x00, 0x00, 0x00, 0x00,
    0x00, 0x00, 0x00, 0x00, 0x00, 0x00, 0x00, 0x00, 0x00, 0x00, 0x00, 0x00,
    0x00, 0x00, 0x00, 0x00, 0x00, 0x00, 0x00, 0x00, 0x00, 0x00, 0x00, 0x00,
    0x00, 0x00, 0x00, 0x00, 0x00, 0x00, 0x00, 0x00, 0x00, 0x00, 0x00, 0x00,
    0x00, 0x00, 0x00, 0x00, 0x00, 0x00, 0x00, 0x00, 0x00, 0x00, 0x00, 0x00,
    0x00, 0x00, 0x00, 0x00, 0x00, 0x00, 0x00, 0x00, 0x00, 0x00, 0x00, 0x00,
    0x00, 0x00, 0x00, 0x00, 0x00, 0x00, 0x00, 0x00, 0x00, 0x00, 0x00, 0x00,
    0x00, 0x00, 0x00, 0x00, 0x00, 0x00, 0x00, 0x00, 0x00, 0x00, 0x00, 0x00,
    0x00, 0x00, 0x00, 0x00, 0x00, 0x00, 0x00, 0x00, 0x00, 0x00, 0x00, 0x00,
    0x00, 0x00, 0x00, 0x00, 0x00, 0x00, 0x00, 0x00, 0x00, 0x00, 0x00, 0x00,
    0x00, 0x00, 0x00, 0x00, 0x00, 0x00, 0x00, 0x00, 0x00, 0x00, 0x00, 0x00,
    0x00, 0x00, 0x00, 0x00, 0x00, 0x00, 0x00, 0x00, 0x00, 0x00, 0x00, 0x00,
    0x00, 0x00, 0x00, 0x00, 0x00, 0x00, 0x00, 0x00, 0x00, 0x00, 0x00, 0x00,
    0x00, 0x00, 0x00, 0x00, 0x00, 0x00, 0x00, 0x00, 0x00, 0x00, 0x00, 0x00,
    0x00, 0x00, 0x00, 0x00, 0x00, 0x00, 0x00, 0x00, 0x00, 0x00, 0x00, 0x00,
    0x00, 0x00, 0x00, 0x00, 0x00, 0x00, 0x00, 0x00, 0x00, 0x00, 0x00, 0x00,
    0x00, 0x00, 0x00, 0x00, 0x00, 0x00, 0x00, 0x00, 0x00, 0x00, 0x00, 0x00,
    0x00, 0x00, 0x00, 0x00, 0x00, 0x00, 0x00, 0x00, 0x00, 0x00, 0x00, 0x00,
    0x00, 0x00, 0x00, 0x85, 0x8b, 0x8c, 0x8d, 0x8f, 0xa0, 0x96, 0x9a, 0x83,
    0xa1, 0xa1, 0xa1, 0xa1, 0xa1, 0x84, 0xab, 0xab, 0xab, 0xab, 0xb0, 0xb0,
    0xb0, 0xb0, 0xb9, 0xb9, 0xb9, 0x92, 0x92, 0xb9, 0x92, 0x92, 0xb9, 0xb9,
    0xb9, 0xb9, 0xb9, 0xb9, 0xb9, 0xb9, 0xb9, 0xb0, 0x80, 0x80, 0x84, 0x7f,
    0x84, 0xa1, 0x7c, 0x7c, 0x7d, 0x9a, 0x98, 0x98, 0x78, 0x78, 0x97, 0x9d,
    0x96, 0x76, 0x76, 0x91, 0x75, 0x75, 0xc2, 0xc2, 0xa0, 0xa0, 0x74, 0xbf,
    0xb5, 0x8f, 0x70, 0x1a, 0x1f, 0x23, 0x59, 0x2a, 0x4d, 0x61, 0x63, 0x93,
    0x67, 0x88, 0x00, 0x00, 0x00, 0x00, 0x00, 0x00, 0x00, 0x00, 0x00, 0x00,
    0x00, 0x00, 0x00, 0x00, 0x00, 0x00, 0x00, 0x00, 0x00, 0x00, 0x00, 0x00,
    0x00, 0x00, 0x00, 0x00, 0x00, 0x00, 0x00, 0x00, 0x00, 0x00, 0x00, 0x00,
    0x00, 0x00, 0x00, 0x00, 0x00, 0x00, 0x00, 0x00, 0x00, 0x00, 0x00, 0x00,
    0x00, 0x00, 0x00, 0x00, 0x00, 0x00, 0x00, 0x00, 0x00, 0x00, 0x00, 0x00,
    0x00, 0x00, 0x00, 0x00, 0x00, 0x00, 0x00, 0x00, 0x00, 0x00, 0x00, 0x00,
    0x00, 0x00, 0x00, 0x00, 0x00, 0x00, 0x00, 0x00, 0x00, 0x00, 0x00, 0x00,
    0x00, 0x00, 0x00, 0x00, 0x00, 0x00, 0x00, 0x00, 0x00, 0x00, 0x00, 0x00,
    0x00, 0x00, 0x00, 0x00, 0x00, 0x00, 0x00, 0x00, 0x00, 0x00, 0x00, 0x00,
    0x00, 0x00, 0x00, 0x00, 0x00, 0x00, 0x00, 0x00, 0x00, 0x00, 0x00, 0x00,
    0x00, 0x00, 0x00, 0x00, 0x00, 0x00, 0x00, 0x00, 0x00, 0x00, 0x00, 0x00,
    0x00, 0x00, 0x00, 0x00, 0x00, 0x00, 0x00, 0x00, 0x00, 0x00, 0x00, 0x00,
    0x00, 0x00, 0x00, 0x00, 0x00, 0x00, 0x00, 0x00, 0x00, 0x00, 0x00, 0x00,
    0x00, 0x00, 0x00, 0x00, 0x00, 0x00, 0x00, 0x00, 0x00, 0x00, 0x00, 0x00,
    0x00, 0x00, 0x00, 0x00, 0x00, 0x00, 0x00, 0x00, 0x00, 0x00, 0x00, 0x00,
    0x00, 0x00, 0x00, 0x00, 0x00, 0x00, 0x00, 0x00, 0x00, 0x00, 0x00, 0x00,
    0x00, 0x00, 0x00, 0x00, 0x00, 0x00, 0x00, 0x00, 0x00, 0x00, 0x00, 0x00,
    0x00, 0x00, 0x00, 0x00, 0x00, 0x00, 0x00, 0x00, 0x00, 0x00, 0x00, 0x00,
    0x00, 0x00, 0x00, 0x07, 0x8a, 0x8b, 0x8c, 0x8e, 0xa0, 0x95, 0x9a, 0xa1,
    0xa1, 0xa1, 0xa1, 0xa1, 0xa1, 0x84, 0xab, 0xab, 0xab, 0x84, 0xb0, 0xb0,
    0xb0, 0xb9, 0xb9, 0xb9, 0xb9, 0x92, 0xbd, 0xbd, 0xbd, 0xbd, 0x92, 0x92,
    0x92, 0xb9, 0xb9, 0xb9, 0xb9, 0xb9, 0xb9, 0xb0, 0x80, 0x84, 0x84, 0xa1,
    0x7f, 0x83, 0x7c, 0x7c, 0x9a, 0x98, 0x98, 0x98, 0x78, 0x78, 0x97, 0x9d,
    0x96, 0x76, 0x91, 0x91, 0x75, 0x75, 0xc2, 0xc2, 0xc2, 0xa0, 0xa0, 0xbf,
    0x94, 0x8f, 0x70, 0x1a, 0x1e, 0x1f, 0x24, 0x2a, 0x5c, 0x63, 0x93, 0x67,
    0x69, 0x88, 0x00, 0x00, 0x00, 0x00, 0x00, 0x00, 0x00, 0x00, 0x00, 0x00,
    0x00, 0x00, 0x00, 0x00, 0x00, 0x00, 0x00, 0x00, 0x00, 0x00, 0x00, 0x00,
    0x00, 0x00, 0x00, 0x00, 0x00, 0x00, 0x00, 0x00, 0x00, 0x00, 0x00, 0x00,
    0x00, 0x00, 0x00, 0x00, 0x00, 0x00, 0x00, 0x00, 0x00, 0x00, 0x00, 0x00,
    0x00, 0x00, 0x00, 0x00, 0x00, 0x00, 0x00, 0x00, 0x00, 0x00, 0x00, 0x00,
    0x00, 0x00, 0x00, 0x00, 0x00, 0x00, 0x00, 0x00, 0x00, 0x00, 0x00, 0x00,
    0x00, 0x00, 0x00, 0x00, 0x00, 0x00, 0x00, 0x00, 0x00, 0x00, 0x00, 0x00,
    0x00, 0x00, 0x00, 0x00, 0x00, 0x00, 0x00, 0x00, 0x00, 0x00, 0x00, 0x00,
    0x00, 0x00, 0x00, 0x00, 0x00, 0x00, 0x00, 0x00, 0x00, 0x00, 0x00, 0x00,
    0x00, 0x00, 0x00, 0x00, 0x00, 0x00, 0x00, 0x00, 0x00, 0x00, 0x00, 0x00,
    0x00, 0x00, 0x00, 0x00, 0x00, 0x00, 0x00, 0x00, 0x00, 0x00, 0x00, 0x00,
    0x00, 0x00, 0x00, 0x00, 0x00, 0x00, 0x00, 0x00, 0x00, 0x00, 0x00, 0x00,
    0x00, 0x00, 0x00, 0x00, 0x00, 0x00, 0x00, 0x00, 0x00, 0x00, 0x00, 0x00,
    0x00, 0x00, 0x00, 0x00, 0x00, 0x00, 0x00, 0x00, 0x00, 0x00, 0x00, 0x00,
    0x00, 0x00, 0x00, 0x00, 0x00, 0x00, 0x00, 0x00, 0x00, 0x00, 0x00, 0x00,
    0x00, 0x00, 0x00, 0x00, 0x00, 0x00, 0x00, 0x00, 0x00, 0x00, 0x00, 0x00,
    0x00, 0x00, 0x00, 0x00, 0x00, 0x00, 0x00, 0x00, 0x00, 0x00, 0x00, 0x00,
    0x00, 0x00, 0x00, 0x00, 0x00, 0x00, 0x00, 0x00, 0x00, 0x00, 0x00, 0x00,
    0x00, 0x00, 0x00, 0x14, 0x8a, 0x8b, 0x8c, 0x8c, 0x94, 0x95, 0x98, 0x83,
    0xa1, 0xa1, 0xa1, 0xa1, 0x84, 0x84, 0xab, 0xab, 0xab, 0xab, 0xb0, 0xb0,
    0xb0, 0xb9, 0xb9, 0xb9, 0x92, 0x92, 0x92, 0xbd, 0xbd, 0xbd, 0xbd, 0xbd,
    0xbd, 0xbd, 0xb9, 0xb9, 0xb9, 0xb9, 0xb9, 0xb0, 0x80, 0x84, 0x7f, 0xa1,
    0xa1, 0x83, 0x7d, 0x7c, 0x9a, 0x9a, 0x98, 0x78, 0x78, 0x97, 0x9d, 0x77,
    0x76, 0x76, 0x91, 0x91, 0x75, 0x75, 0xc2, 0xc2, 0xc2, 0xa0, 0xa0, 0x94,
    0xb5, 0x8f, 0x70, 0x17, 0x1e, 0x1e, 0x1f, 0x1a, 0x5d, 0x8b, 0x9b, 0x9b,
    0x69, 0x88, 0x00, 0x00, 0x00, 0x00, 0x00, 0x00, 0x00, 0x00, 0x00, 0x00,
    0x00, 0x00, 0x00, 0x00, 0x00, 0x00, 0x00, 0x00, 0x00, 0x00, 0x00, 0x00,
    0x00, 0x00, 0x00, 0x00, 0x00, 0x00, 0x00, 0x00, 0x00, 0x00, 0x00, 0x00,
    0x00, 0x00, 0x00, 0x00, 0x00, 0x00, 0x00, 0x00, 0x00, 0x00, 0x00, 0x00,
    0x00, 0x00, 0x00, 0x00, 0x00, 0x00, 0x00, 0x00, 0x00, 0x00, 0x00, 0x00,
    0x00, 0x00, 0x00, 0x00, 0x00, 0x00, 0x00, 0x00, 0x00, 0x00, 0x00, 0x00,
    0x00, 0x00, 0x00, 0x00, 0x00, 0x00, 0x00, 0x00, 0x00, 0x00, 0x00, 0x00,
    0x00, 0x00, 0x00, 0x00, 0x00, 0x00, 0x00, 0x00, 0x00, 0x00, 0x00, 0x00,
    0x00, 0x00, 0x00, 0x00, 0x00, 0x00, 0x00, 0x00, 0x00, 0x00, 0x00, 0x00,
    0x00, 0x00, 0x00, 0x00, 0x00, 0x00, 0x00, 0x00, 0x00, 0x00, 0x00, 0x00,
    0x00, 0x00, 0x00, 0x00, 0x00, 0x00, 0x00, 0x00, 0x00, 0x00, 0x00, 0x00,
    0x00, 0x00, 0x00, 0x00, 0x00, 0x00, 0x00, 0x00, 0x00, 0x00, 0x00, 0x00,
    0x00, 0x00, 0x00, 0x00, 0x00, 0x00, 0x00, 0x00, 0x00, 0x00, 0x00, 0x00,
    0x00, 0x00, 0x00, 0x00, 0x00, 0x00, 0x00, 0x00, 0x00, 0x00, 0x00, 0x00,
    0x00, 0x00, 0x00, 0x00, 0x00, 0x00, 0x00, 0x00, 0x00, 0x00, 0x00, 0x00,
    0x00, 0x00, 0x00, 0x00, 0x00, 0x00, 0x00, 0x00, 0x00, 0x00, 0x00, 0x00,
    0x00, 0x00, 0x00, 0x00, 0x00, 0x00, 0x00, 0x00, 0x00, 0x00, 0x00, 0x00,
    0x00, 0x00, 0x00, 0x00, 0x00, 0x00, 0x00, 0x00, 0x00, 0x00, 0x00, 0x00,
    0x00, 0x00, 0x00, 0x01, 0x8a, 0x8b, 0x8c, 0x8c, 0x8e, 0xa5, 0x98, 0xa1,
    0xa1, 0xa1, 0xa1, 0xa1, 0x84, 0x84, 0xab, 0xab, 0xab, 0xb0, 0xb0, 0xb0,
    0xb0, 0xb9, 0xb9, 0x92, 0x92, 0x92, 0xbd, 0xbd, 0xbd, 0xbd, 0xbd, 0xbd,
    0xbd, 0xbd, 0x92, 0xb9, 0xb9, 0xb9, 0xb0, 0x80, 0x84, 0x80, 0x7f, 0x83,
    0x83, 0x7c, 0x7d, 0x9a, 0x9a, 0x98, 0x98, 0x78, 0x78, 0x97, 0x9d, 0x76,
    0x76, 0x76, 0x91, 0x7e, 0x75, 0x75, 0xc2, 0xa0, 0xa0, 0xa0, 0x74, 0x94,
    0xbf, 0x8f, 0x70, 0x70, 0x1a, 0x1a, 0x1e, 0x18, 0x5e, 0x93, 0x9b, 0x9b,
    0x69, 0x86, 0x00, 0x00, 0x00, 0x00, 0x00, 0x00, 0x00, 0x00, 0x00, 0x00,
    0x00, 0x00, 0x00, 0x00, 0x00, 0x00, 0x00, 0x00, 0x00, 0x00, 0x00, 0x00,
    0x00, 0x00, 0x00, 0x00, 0x00, 0x00, 0x00, 0x00, 0x00, 0x00, 0x00, 0x00,
    0x00, 0x00, 0x00, 0x00, 0x00, 0x00, 0x00, 0x00, 0x00, 0x00, 0x00, 0x00,
    0x00, 0x00, 0x00, 0x00, 0x00, 0x00, 0x00, 0x00, 0x00, 0x00, 0x00, 0x00,
    0x00, 0x00, 0x00, 0x00, 0x00, 0x00, 0x00, 0x00, 0x00, 0x00, 0x00, 0x00,
    0x00, 0x00, 0x00, 0x00, 0x00, 0x00, 0x00, 0x00, 0x00, 0x00, 0x00, 0x00,
    0x00, 0x00, 0x00, 0x00, 0x00, 0x00, 0x00, 0x00, 0x00, 0x00, 0x00, 0x00,
    0x00, 0x00, 0x00, 0x00, 0x00, 0x00, 0x00, 0x00, 0x00, 0x00, 0x00, 0x00,
    0x00, 0x00, 0x00, 0x00, 0x00, 0x00, 0x00, 0x00, 0x00, 0x00, 0x00, 0x00,
    0x00, 0x00, 0x00, 0x00, 0x00, 0x00, 0x00, 0x00, 0x00, 0x00, 0x00, 0x00,
    0x00, 0x00, 0x00, 0x00, 0x00, 0x00, 0x00, 0x00, 0x00, 0x00, 0x00, 0x00,
    0x00, 0x00, 0x00, 0x00, 0x00, 0x00, 0x00, 0x00, 0x00, 0x00, 0x00, 0x00,
    0x00, 0x00, 0x00, 0x00, 0x00, 0x00, 0x00, 0x00, 0x00, 0x00, 0x00, 0x00,
    0x00, 0x00, 0x00, 0x00, 0x00, 0x00, 0x00, 0x00, 0x00, 0x00, 0x00, 0x00,
    0x00, 0x00, 0x00, 0x00, 0x00, 0x00, 0x00, 0x00, 0x00, 0x00, 0x00, 0x00,
    0x00, 0x00, 0x00, 0x00, 0x00, 0x00, 0x00, 0x00, 0x00, 0x00, 0x00, 0x00,
    0x00, 0x00, 0x00, 0x00, 0x00, 0x00, 0x00, 0x00, 0x00, 0x00, 0x00, 0x00,
    0x00, 0x00, 0x00, 0x00, 0x89, 0x8b, 0x8c, 0x9f, 0xa4, 0xa0, 0x98, 0x7c,
    0xa1, 0xa1, 0xa1, 0xa1, 0x84, 0x84, 0xab, 0xab, 0xab, 0xab, 0xb0, 0xab,
    0xb0, 0xb9, 0xb9, 0xb9, 0x92, 0x92, 0xbd, 0xbd, 0xbd, 0xbd, 0xbd, 0xbd,
    0xbd, 0xbd, 0x92, 0xb9, 0xb9, 0xb9, 0xb0, 0x80, 0x7f, 0x80, 0x83, 0xa1,
    0x83, 0x7c, 0x7d, 0x9a, 0x9a, 0x98, 0x98, 0x78, 0x78, 0x97, 0x9d, 0x77,
    0x76, 0x76, 0x91, 0x7e, 0x75, 0x75, 0xc2, 0xa0, 0xa0, 0x74, 0x74, 0x94,
    0xbf, 0x8f, 0x8f, 0x70, 0x70, 0x17, 0x1a, 0x49, 0x62, 0x9b, 0x9b, 0x9b,
    0xa9, 0x86, 0x00, 0x00, 0x00, 0x00, 0x00, 0x00, 0x00, 0x00, 0x00, 0x00,
    0x00, 0x00, 0x00, 0x00, 0x00, 0x00, 0x00, 0x00, 0x00, 0x00, 0x00, 0x00,
    0x00, 0x00, 0x00, 0x00, 0x00, 0x00, 0x00, 0x00, 0x00, 0x00, 0x00, 0x00,
    0x00, 0x00, 0x00, 0x00, 0x00, 0x00, 0x00, 0x00, 0x00, 0x00, 0x00, 0x00,
    0x00, 0x00, 0x00, 0x00, 0x00, 0x00, 0x00, 0x00, 0x00, 0x00, 0x00, 0x00,
    0x00, 0x00, 0x00, 0x00, 0x00, 0x00, 0x00, 0x00, 0x00, 0x00, 0x00, 0x00,
    0x00, 0x00, 0x00, 0x00, 0x00, 0x00, 0x00, 0x00, 0x00, 0x00, 0x00, 0x00,
    0x00, 0x00, 0x00, 0x00, 0x00, 0x00, 0x00, 0x00, 0x00, 0x00, 0x00, 0x00,
    0x00, 0x00, 0x00, 0x00, 0x00, 0x00, 0x00, 0x00, 0x00, 0x00, 0x00, 0x00,
    0x00, 0x00, 0x00, 0x00, 0x00, 0x00, 0x00, 0x00, 0x00, 0x00, 0x00, 0x00,
    0x00, 0x00, 0x00, 0x00, 0x00, 0x00, 0x00, 0x00, 0x00, 0x00, 0x00, 0x00,
    0x00, 0x00, 0x00, 0x00, 0x00, 0x00, 0x00, 0x00, 0x00, 0x00, 0x00, 0x00,
    0x00, 0x00, 0x00, 0x00, 0x00, 0x00, 0x00, 0x00, 0x00, 0x00, 0x00, 0x00,
    0x00, 0x00, 0x00, 0x00, 0x00, 0x00, 0x00, 0x00, 0x00, 0x00, 0x00, 0x00,
    0x00, 0x00, 0x00, 0x00, 0x00, 0x00, 0x00, 0x00, 0x00, 0x00, 0x00, 0x00,
    0x00, 0x00, 0x00, 0x00, 0x00, 0x00, 0x00, 0x00, 0x00, 0x00, 0x00, 0x00,
    0x00, 0x00, 0x00, 0x00, 0x00, 0x00, 0x00, 0x00, 0x00, 0x00, 0x00, 0x00,
    0x00, 0x00, 0x00, 0x00, 0x00, 0x00, 0x00, 0x00, 0x00, 0x00, 0x00, 0x00,
    0x00, 0x00, 0x00, 0x00, 0x88, 0x93, 0x8b, 0x8d, 0xa3, 0xaa, 0x78, 0x7c,
    0xa1, 0xa1, 0xa1, 0xa1, 0xa1, 0x84, 0x84, 0x84, 0xab, 0xab, 0xab, 0xab,
    0xb0, 0xb9, 0xb9, 0xb9, 0x92, 0x92, 0xbd, 0xbd, 0xbd, 0xbd, 0xbd, 0x92,
    0xbd, 0x92, 0xb9, 0xb9, 0xb9, 0xb9, 0x80, 0x80, 0x84, 0x84, 0xa1, 0x7f,
    0x83, 0x7c, 0x7c, 0x9a, 0x9a, 0x9a, 0x98, 0x78, 0x78, 0x97, 0x9d, 0x9d,
    0x76, 0x76, 0x91, 0x7e, 0x75, 0x75, 0xa0, 0xa0, 0x74, 0x74, 0x94, 0x94,
    0x94, 0x8f, 0x8f, 0x70, 0x70, 0x17, 0x1a, 0x56, 0x9c, 0x9b, 0x9c, 0x9b,
    0x69, 0x85, 0x00, 0x00, 0x00, 0x00, 0x00, 0x00, 0x00, 0x00, 0x00, 0x00,
    0x00, 0x00, 0x00, 0x00, 0x00, 0x00, 0x00, 0x00, 0x00, 0x00, 0x00, 0x00,
    0x00, 0x00, 0x00, 0x00, 0x00, 0x00, 0x00, 0x00, 0x00, 0x00, 0x00, 0x00,
    0x00, 0x00, 0x00, 0x00, 0x00, 0x00, 0x00, 0x00, 0x00, 0x00, 0x00, 0x00,
    0x00, 0x00, 0x00, 0x00, 0x00, 0x00, 0x00, 0x00, 0x00, 0x00, 0x00, 0x00,
    0x00, 0x00, 0x00, 0x00, 0x00, 0x00, 0x00, 0x00, 0x00, 0x00, 0x00, 0x00,
    0x00, 0x00, 0x00, 0x00, 0x00, 0x00, 0x00, 0x00, 0x00, 0x00, 0x00, 0x00,
    0x00, 0x00, 0x00, 0x00, 0x00, 0x00, 0x00, 0x00, 0x00, 0x00, 0x00, 0x00,
    0x00, 0x00, 0x00, 0x00, 0x00, 0x00, 0x00, 0x00, 0x00, 0x00, 0x00, 0x00,
    0x00, 0x00, 0x00, 0x00, 0x00, 0x00, 0x00, 0x00, 0x00, 0x00, 0x00, 0x00,
    0x00, 0x00, 0x00, 0x00, 0x00, 0x00, 0x00, 0x00, 0x00, 0x00, 0x00, 0x00,
    0x00, 0x00, 0x00, 0x00, 0x00, 0x00, 0x00, 0x00, 0x00, 0x00, 0x00, 0x00,
    0x00, 0x00, 0x00, 0x00, 0x00, 0x00, 0x00, 0x00, 0x00, 0x00, 0x00, 0x00,
    0x00, 0x00, 0x00, 0x00, 0x00, 0x00, 0x00, 0x00, 0x00, 0x00, 0x00, 0x00,
    0x00, 0x00, 0x00, 0x00, 0x00, 0x00, 0x00, 0x00, 0x00, 0x00, 0x00, 0x00,
    0x00, 0x00, 0x00, 0x00, 0x00, 0x00, 0x00, 0x00, 0x00, 0x00, 0x00, 0x00,
    0x00, 0x00, 0x00, 0x00, 0x00, 0x00, 0x00, 0x00, 0x00, 0x00, 0x00, 0x00,
    0x00, 0x00, 0x00, 0x00, 0x00, 0x00, 0x00, 0x00, 0x00, 0x00, 0x00, 0x00,
    0x00, 0x00, 0x00, 0x00, 0x10, 0x93, 0x8b, 0x8d, 0xa3, 0xa3, 0xa5, 0x83,
    0x83, 0xa1, 0xa1, 0xa1, 0x84, 0x84, 0x84, 0x84, 0x84, 0x84, 0xab, 0xab,
    0xb0, 0xb9, 0xb9, 0xb9, 0x92, 0x92, 0xbd, 0xbd, 0xbd, 0xbd, 0xbd, 0xbd,
    0x92, 0xb9, 0xb9, 0xb9, 0xb9, 0xb9, 0xb0, 0x80, 0x84, 0x84, 0x7f, 0xa1,
    0x83, 0x7c, 0x7c, 0x7d, 0x9a, 0x98, 0x98, 0x78, 0x78, 0x97, 0x9d, 0x9d,
    0x76, 0x91, 0x91, 0x7e, 0x75, 0x75, 0xc2, 0xa0, 0x74, 0x74, 0xbf, 0x94,
    0x94, 0x8f, 0x8f, 0x70, 0x70, 0x70, 0x70, 0x9f, 0x9b, 0x9b, 0x9b, 0x9b,
    0x69, 0x85, 0x00, 0x00, 0x00, 0x00, 0x00, 0x00, 0x00, 0x00, 0x00, 0x00,
    0x00, 0x00, 0x00, 0x00, 0x00, 0x00, 0x00, 0x00, 0x00, 0x00, 0x00, 0x00,
    0x00, 0x00, 0x00, 0x00, 0x00, 0x00, 0x00, 0x00, 0x00, 0x00, 0x00, 0x00,
    0x00, 0x00, 0x00, 0x00, 0x00, 0x00, 0x00, 0x00, 0x00, 0x00, 0x00, 0x00,
    0x00, 0x00, 0x00, 0x00, 0x00, 0x00, 0x00, 0x00, 0x00, 0x00, 0x00, 0x00,
    0x00, 0x00, 0x00, 0x00, 0x00, 0x00, 0x00, 0x00, 0x00, 0x00, 0x00, 0x00,
    0x00, 0x00, 0x00, 0x00, 0x00, 0x00, 0x00, 0x00, 0x00, 0x00, 0x00, 0x00,
    0x00, 0x00, 0x00, 0x00, 0x00, 0x00, 0x00, 0x00, 0x00, 0x00, 0x00, 0x00,
    0x00, 0x00, 0x00, 0x00, 0x00, 0x00, 0x00, 0x00, 0x00, 0x00, 0x00, 0x00,
    0x00, 0x00, 0x00, 0x00, 0x00, 0x00, 0x00, 0x00, 0x00, 0x00, 0x00, 0x00,
    0x00, 0x00, 0x00, 0x00, 0x00, 0x00, 0x00, 0x00, 0x00, 0x00, 0x00, 0x00,
    0x00, 0x00, 0x00, 0x00, 0x00, 0x00, 0x00, 0x00, 0x00, 0x00, 0x00, 0x00,
    0x00, 0x00, 0x00, 0x00, 0x00, 0x00, 0x00, 0x00, 0x00, 0x00, 0x00, 0x00,
    0x00, 0x00, 0x00, 0x00, 0x00, 0x00, 0x00, 0x00, 0x00, 0x00, 0x00, 0x00,
    0x00, 0x00, 0x00, 0x00, 0x00, 0x00, 0x00, 0x00, 0x00, 0x00, 0x00, 0x00,
    0x00, 0x00, 0x00, 0x00, 0x00, 0x00, 0x00, 0x00, 0x00, 0x00, 0x00, 0x00,
    0x00, 0x00, 0x00, 0x00, 0x00, 0x00, 0x00, 0x00, 0x00, 0x00, 0x00, 0x00,
    0x00, 0x00, 0x00, 0x00, 0x00, 0x00, 0x00, 0x00, 0x00, 0x00, 0x00, 0x00,
    0x00, 0x00, 0x00, 0x00, 0x07, 0x8a, 0x9c, 0x8d, 0x8c, 0x69, 0xaa, 0x9a,
    0x7c, 0xa1, 0xa1, 0xa1, 0x84, 0x84, 0xa1, 0x84, 0x84, 0x84, 0xab, 0xab,
    0xb0, 0xb0, 0xb9, 0x92, 0x92, 0x92, 0xbd, 0xbd, 0xbd, 0xbd, 0xbd, 0x92,
    0xb9, 0xb9, 0xb9, 0xb9, 0xb9, 0xb9, 0x80, 0x84, 0x7f, 0x7f, 0xa1, 0x83,
    0x83, 0x7c, 0x7d, 0x9a, 0x9a, 0x98, 0x98, 0x78, 0x78, 0x97, 0x9d, 0x9d,
    0x76, 0x76, 0x91, 0x7e, 0x75, 0xc2, 0xa0, 0xa0, 0xbf, 0x74, 0x94, 0x94,
    0x94, 0x8f, 0x8f, 0x8f, 0x70, 0x70, 0x8e, 0x9c, 0x69, 0x9b, 0x93, 0x67,
    0x8a, 0x14, 0x00, 0x00, 0x00, 0x00, 0x00, 0x00, 0x00, 0x00, 0x00, 0x00,
    0x00, 0x00, 0x00, 0x00, 0x00, 0x00, 0x00, 0x00, 0x00, 0x00, 0x00, 0x00,
    0x00, 0x00, 0x00, 0x00, 0x00, 0x00, 0x00, 0x00, 0x00, 0x00, 0x00, 0x00,
    0x00, 0x00, 0x00, 0x00, 0x00, 0x00, 0x00, 0x00, 0x00, 0x00, 0x00, 0x00,
    0x00, 0x00, 0x00, 0x00, 0x00, 0x00, 0x00, 0x00, 0x00, 0x00, 0x00, 0x00,
    0x00, 0x00, 0x00, 0x00, 0x00, 0x00, 0x00, 0x00, 0x00, 0x00, 0x00, 0x00,
    0x00, 0x00, 0x00, 0x00, 0x00, 0x00, 0x00, 0x00, 0x00, 0x00, 0x00, 0x00,
    0x00, 0x00, 0x00, 0x00, 0x00, 0x00, 0x00, 0x00, 0x00, 0x00, 0x00, 0x00,
    0x00, 0x00, 0x00, 0x00, 0x00, 0x00, 0x00, 0x00, 0x00, 0x00, 0x00, 0x00,
    0x00, 0x00, 0x00, 0x00, 0x00, 0x00, 0x00, 0x00, 0x00, 0x00, 0x00, 0x00,
    0x00, 0x00, 0x00, 0x00, 0x00, 0x00, 0x00, 0x00, 0x00, 0x00, 0x00, 0x00,
    0x00, 0x00, 0x00, 0x00, 0x00, 0x00, 0x00, 0x00, 0x00, 0x00, 0x00, 0x00,
    0x00, 0x00, 0x00, 0x00, 0x00, 0x00, 0x00, 0x00, 0x00, 0x00, 0x00, 0x00,
    0x00, 0x00, 0x00, 0x00, 0x00, 0x00, 0x00, 0x00, 0x00, 0x00, 0x00, 0x00,
    0x00, 0x00, 0x00, 0x00, 0x00, 0x00, 0x00, 0x00, 0x00, 0x00, 0x00, 0x00,
    0x00, 0x00, 0x00, 0x00, 0x00, 0x00, 0x00, 0x00, 0x00, 0x00, 0x00, 0x00,
    0x00, 0x00, 0x00, 0x00, 0x00, 0x00, 0x00, 0x00, 0x00, 0x00, 0x00, 0x00,
    0x00, 0x00, 0x00, 0x00, 0x00, 0x00, 0x00, 0x00, 0x00, 0x00, 0x00, 0x00,
    0x00, 0x00, 0x00, 0x00, 0x01, 0x89, 0x9c, 0x8c, 0x8c, 0x9b, 0xaf, 0x96,
    0x83, 0x7c, 0xa1, 0xa1, 0xa1, 0x84, 0x84, 0x84, 0x84, 0x84, 0xab, 0x84,
    0xab, 0xb0, 0xb0, 0xb9, 0x92, 0x92, 0x92, 0xbd, 0xbd, 0xbd, 0x92, 0xb9,
    0xb9, 0xb9, 0xb9, 0xb9, 0xb9, 0xb9, 0x80, 0x80, 0x7f, 0x83, 0x83, 0x83,
    0x7c, 0x7d, 0x7d, 0x7d, 0x9a, 0x98, 0x98, 0x78, 0x97, 0x97, 0x97, 0x9d,
    0x76, 0x76, 0x91, 0xa5, 0x75, 0xc2, 0xa0, 0x74, 0x74, 0xbf, 0x94, 0x94,
    0x94, 0x8f, 0x8f, 0x8f, 0x70, 0x70, 0x9f, 0xa9, 0x9b, 0x93, 0x93, 0x67,
    0x89, 0x00, 0x00, 0x00, 0x00, 0x00, 0x00, 0x00, 0x00, 0x00, 0x00, 0x00,
    0x00, 0x00, 0x00, 0x00, 0x00, 0x00, 0x00, 0x00, 0x00, 0x00, 0x00, 0x00,
    0x00, 0x00, 0x00, 0x00, 0x00, 0x00, 0x00, 0x00, 0x00, 0x00, 0x00, 0x00,
    0x00, 0x00, 0x00, 0x00, 0x00, 0x00, 0x00, 0x00, 0x00, 0x00, 0x00, 0x00,
    0x00, 0x00, 0x00, 0x00, 0x00, 0x00, 0x00, 0x00, 0x00, 0x00, 0x00, 0x00,
    0x00, 0x00, 0x00, 0x00, 0x00, 0x00, 0x00, 0x00, 0x00, 0x00, 0x00, 0x00,
    0x00, 0x00, 0x00, 0x00, 0x00, 0x00, 0x00, 0x00, 0x00, 0x00, 0x00, 0x00,
    0x00, 0x00, 0x00, 0x00, 0x00, 0x00, 0x00, 0x00, 0x00, 0x00, 0x00, 0x00,
    0x00, 0x00, 0x00, 0x00, 0x00, 0x00, 0x00, 0x00, 0x00, 0x00, 0x00, 0x00,
    0x00, 0x00, 0x00, 0x00, 0x00, 0x00, 0x00, 0x00, 0x00, 0x00, 0x00, 0x00,
    0x00, 0x00, 0x00, 0x00, 0x00, 0x00, 0x00, 0x00, 0x00, 0x00, 0x00, 0x00,
    0x00, 0x00, 0x00, 0x00, 0x00, 0x00, 0x00, 0x00, 0x00, 0x00, 0x00, 0x00,
    0x00, 0x00, 0x00, 0x00, 0x00, 0x00, 0x00, 0x00, 0x00, 0x00, 0x00, 0x00,
    0x00, 0x00, 0x00, 0x00, 0x00, 0x00, 0x00, 0x00, 0x00, 0x00, 0x00, 0x00,
    0x00, 0x00, 0x00, 0x00, 0x00, 0x00, 0x00, 0x00, 0x00, 0x00, 0x00, 0x00,
    0x00, 0x00, 0x00, 0x00, 0x00, 0x00, 0x00, 0x00, 0x00, 0x00, 0x00, 0x00,
    0x00, 0x00, 0x00, 0x00, 0x00, 0x00, 0x00, 0x00, 0x00, 0x00, 0x00, 0x00,
    0x00, 0x00, 0x00, 0x00, 0x00, 0x00, 0x00, 0x00, 0x00, 0x00, 0x00, 0x00,
    0x00, 0x00, 0x00, 0x00, 0x00, 0x86, 0x9c, 0x9c, 0x8b, 0x9b, 0xa9, 0xb5,
    0x83, 0x7c, 0xa1, 0xa1, 0xa1, 0x84, 0x84, 0x84, 0x84, 0x84, 0x84, 0x84,
    0x84, 0xab, 0xb0, 0xb0, 0xb9, 0xb9, 0xb9, 0x92, 0x92, 0x92, 0xb9, 0xb9,
    0xb9, 0xb9, 0xb9, 0xb9, 0xb0, 0xb0, 0x80, 0x84, 0x83, 0x83, 0x83, 0xa1,
    0x98, 0x98, 0x7c, 0x9a, 0x98, 0x98, 0x78, 0x78, 0x78, 0x97, 0x97, 0x9d,
    0x96, 0x76, 0x91, 0xa5, 0x75, 0xc2, 0xa0, 0xa0, 0x74, 0xbf, 0xbf, 0x94,
    0xb5, 0x8f, 0x8f, 0x8f, 0x8f, 0x8f, 0x9b, 0xa9, 0x93, 0x93, 0x66, 0x66,
    0x86, 0x00, 0x00, 0x00, 0x00, 0x00, 0x00, 0x00, 0x00, 0x00, 0x00, 0x00,
    0x00, 0x00, 0x00, 0x00, 0x00, 0x00, 0x00, 0x00, 0x00, 0x00, 0x00, 0x00,
    0x00, 0x00, 0x00, 0x00, 0x00, 0x00, 0x00, 0x00, 0x00, 0x00, 0x00, 0x00,
    0x00, 0x00, 0x00, 0x00, 0x00, 0x00, 0x00, 0x00, 0x00, 0x00, 0x00, 0x00,
    0x00, 0x00, 0x00, 0x00, 0x00, 0x00, 0x00, 0x00, 0x00, 0x00, 0x00, 0x00,
    0x00, 0x00, 0x00, 0x00, 0x00, 0x00, 0x00, 0x00, 0x00, 0x00, 0x00, 0x00,
    0x00, 0x00, 0x00, 0x00, 0x00, 0x00, 0x00, 0x00, 0x00, 0x00, 0x00, 0x00,
    0x00, 0x00, 0x00, 0x00, 0x00, 0x00, 0x00, 0x00, 0x00, 0x00, 0x00, 0x00,
    0x00, 0x00, 0x00, 0x00, 0x00, 0x00, 0x00, 0x00, 0x00, 0x00, 0x00, 0x00,
    0x00, 0x00, 0x00, 0x00, 0x00, 0x00, 0x00, 0x00, 0x00, 0x00, 0x00, 0x00,
    0x00, 0x00, 0x00, 0x00, 0x00, 0x00, 0x00, 0x00, 0x00, 0x00, 0x00, 0x00,
    0x00, 0x00, 0x00, 0x00, 0x00, 0x00, 0x00, 0x00, 0x00, 0x00, 0x00, 0x00,
    0x00, 0x00, 0x00, 0x00, 0x00, 0x00, 0x00, 0x00, 0x00, 0x00, 0x00, 0x00,
    0x00, 0x00, 0x00, 0x00, 0x00, 0x00, 0x00, 0x00, 0x00, 0x00, 0x00, 0x00,
    0x00, 0x00, 0x00, 0x00, 0x00, 0x00, 0x00, 0x00, 0x00, 0x00, 0x00, 0x00,
    0x00, 0x00, 0x00, 0x00, 0x00, 0x00, 0x00, 0x00, 0x00, 0x00, 0x00, 0x00,
    0x00, 0x00, 0x00, 0x00, 0x00, 0x00, 0x00, 0x00, 0x00, 0x00, 0x00, 0x00,
    0x00, 0x00, 0x00, 0x00, 0x00, 0x00, 0x00, 0x00, 0x00, 0x00, 0x00, 0x00,
    0x00, 0x00, 0x00, 0x00, 0x00, 0x85, 0x9b, 0x9c, 0x9c, 0x9b, 0xa9, 0xaf,
    0x9d, 0x83, 0x83, 0xa1, 0xa1, 0x84, 0x84, 0x84, 0x84, 0x84, 0xab, 0x84,
    0x84, 0x84, 0xab, 0xb0, 0xb0, 0xb9, 0xb9, 0x92, 0x92, 0xb9, 0xb9, 0xb9,
    0xb9, 0xb0, 0xb0, 0xb0, 0xb0, 0x80, 0x84, 0x7f, 0x83, 0x83, 0x83, 0x83,
    0x7c, 0x7c, 0x9a, 0x9a, 0x98, 0x98, 0x98, 0x78, 0x78, 0x97, 0x9d, 0x9d,
    0x9d, 0x76, 0x91, 0xa5, 0x75, 0xc2, 0x74, 0xa0, 0x74, 0xbf, 0x94, 0xb5,
    0x8f, 0x8f, 0x8f, 0x8f, 0x8f, 0x8c, 0xb4, 0x69, 0x93, 0x67, 0x64, 0x66,
    0x85, 0x00, 0x00, 0x00, 0x00, 0x00, 0x00, 0x00, 0x00, 0x00, 0x00, 0x00,
    0x00, 0x00, 0x00, 0x00, 0x00, 0x00, 0x00, 0x00, 0x00, 0x00, 0x00, 0x00,
    0x00, 0x00, 0x00, 0x00, 0x00, 0x00, 0x00, 0x00, 0x00, 0x00, 0x00, 0x00,
    0x00, 0x00, 0x00, 0x00, 0x00, 0x00, 0x00, 0x00, 0x00, 0x00, 0x00, 0x00,
    0x00, 0x00, 0x00, 0x00, 0x00, 0x00, 0x00, 0x00, 0x00, 0x00, 0x00, 0x00,
    0x00, 0x00, 0x00, 0x00, 0x00, 0x00, 0x00, 0x00, 0x00, 0x00, 0x00, 0x00,
    0x00, 0x00, 0x00, 0x00, 0x00, 0x00, 0x00, 0x00, 0x00, 0x00, 0x00, 0x00,
    0x00, 0x00, 0x00, 0x00, 0x00, 0x00, 0x00, 0x00, 0x00, 0x00, 0x00, 0x00,
    0x00, 0x00, 0x00, 0x00, 0x00, 0x00, 0x00, 0x00, 0x00, 0x00, 0x00, 0x00,
    0x00, 0x00, 0x00, 0x00, 0x00, 0x00, 0x00, 0x00, 0x00, 0x00, 0x00, 0x00,
    0x00, 0x00, 0x00, 0x00, 0x00, 0x00, 0x00, 0x00, 0x00, 0x00, 0x00, 0x00,
    0x00, 0x00, 0x00, 0x00, 0x00, 0x00, 0x00, 0x00, 0x00, 0x00, 0x00, 0x00,
    0x00, 0x00, 0x00, 0x00, 0x00, 0x00, 0x00, 0x00, 0x00, 0x00, 0x00, 0x00,
    0x00, 0x00, 0x00, 0x00, 0x00, 0x00, 0x00, 0x00, 0x00, 0x00, 0x00, 0x00,
    0x00, 0x00, 0x00, 0x00, 0x00, 0x00, 0x00, 0x00, 0x00, 0x00, 0x00, 0x00,
    0x00, 0x00, 0x00, 0x00, 0x00, 0x00, 0x00, 0x00, 0x00, 0x00, 0x00, 0x00,
    0x00, 0x00, 0x00, 0x00, 0x00, 0x00, 0x00, 0x00, 0x00, 0x00, 0x00, 0x00,
    0x00, 0x00, 0x00, 0x00, 0x00, 0x00, 0x00, 0x00, 0x00, 0x00, 0x00, 0x00,
    0x00, 0x00, 0x00, 0x00, 0x00, 0x01, 0x89, 0x9c, 0x9c, 0x69, 0x9b, 0xb4,
    0xb8, 0x7c, 0x7c, 0xa1, 0xa1, 0xa1, 0x84, 0x84, 0xa1, 0x84, 0x84, 0x84,
    0x84, 0x84, 0xab, 0xb0, 0xb0, 0xb0, 0xb9, 0xb9, 0xb9, 0xb9, 0xb9, 0xb0,
    0xb0, 0xb0, 0xb0, 0x80, 0x84, 0x84, 0x84, 0x7f, 0x83, 0x83, 0x83, 0x83,
    0x83, 0x7c, 0x9a, 0x9a, 0x98, 0x98, 0x98, 0x98, 0x78, 0x97, 0x9d, 0x9d,
    0x96, 0x76, 0x91, 0x7e, 0x75, 0xc2, 0xa0, 0xa0, 0x74, 0xbf, 0x94, 0xb5,
    0x8f, 0x8f, 0x8f, 0x8f, 0xc5, 0xa9, 0xb4, 0x69, 0x67, 0x69, 0x64, 0x8a,
    0x14, 0x00, 0x00, 0x00, 0x00, 0x00, 0x00, 0x00, 0x00, 0x00, 0x00, 0x00,
    0x00, 0x00, 0x00, 0x00, 0x00, 0x00, 0x00, 0x00, 0x00, 0x00, 0x00, 0x00,
    0x00, 0x00, 0x00, 0x00, 0x00, 0x00, 0x00, 0x00, 0x00, 0x00, 0x00, 0x00,
    0x00, 0x00, 0x00, 0x00, 0x00, 0x00, 0x00, 0x00, 0x00, 0x00, 0x00, 0x00,
    0x00, 0x00, 0x00, 0x00, 0x00, 0x00, 0x00, 0x00, 0x00, 0x00, 0x00, 0x00,
    0x00, 0x00, 0x00, 0x00, 0x00, 0x00, 0x00, 0x00, 0x00, 0x00, 0x00, 0x00,
    0x00, 0x00, 0x00, 0x00, 0x00, 0x00, 0x00, 0x00, 0x00, 0x00, 0x00, 0x00,
    0x00, 0x00, 0x00, 0x00, 0x00, 0x00, 0x00, 0x00, 0x00, 0x00, 0x00, 0x00,
    0x00, 0x00, 0x00, 0x00, 0x00, 0x00, 0x00, 0x00, 0x00, 0x00, 0x00, 0x00,
    0x00, 0x00, 0x00, 0x00, 0x00, 0x00, 0x00, 0x00, 0x00, 0x00, 0x00, 0x00,
    0x00, 0x00, 0x00, 0x00, 0x00, 0x00, 0x00, 0x00, 0x00, 0x00, 0x00, 0x00,
    0x00, 0x00, 0x00, 0x00, 0x00, 0x00, 0x00, 0x00, 0x00, 0x00, 0x00, 0x00,
    0x00, 0x00, 0x00, 0x00, 0x00, 0x00, 0x00, 0x00, 0x00, 0x00, 0x00, 0x00,
    0x00, 0x00, 0x00, 0x00, 0x00, 0x00, 0x00, 0x00, 0x00, 0x00, 0x00, 0x00,
    0x00, 0x00, 0x00, 0x00, 0x00, 0x00, 0x00, 0x00, 0x00, 0x00, 0x00, 0x00,
    0x00, 0x00, 0x00, 0x00, 0x00, 0x00, 0x00, 0x00, 0x00, 0x00, 0x00, 0x00,
    0x00, 0x00, 0x00, 0x00, 0x00, 0x00, 0x00, 0x00, 0x00, 0x00, 0x00, 0x00,
    0x00, 0x00, 0x00, 0x00, 0x00, 0x00, 0x00, 0x00, 0x00, 0x00, 0x00, 0x00,
    0x00, 0x00, 0x00, 0x00, 0x00, 0x00, 0x86, 0x9c, 0x9c, 0x69, 0x69, 0x69,
    0x69, 0xa5, 0x83, 0x7c, 0xa1, 0xa1, 0xa1, 0x84, 0x84, 0x84, 0x84, 0x84,
    0x84, 0x84, 0xab, 0xab, 0xab, 0x87, 0xb0, 0xb9, 0xb9, 0xb9, 0xb0, 0xb0,
    0x80, 0x84, 0xab, 0x84, 0x84, 0x84, 0xa1, 0xa1, 0x83, 0x83, 0x83, 0x7c,
    0x7c, 0x7d, 0x9a, 0x9a, 0x98, 0x98, 0x98, 0x78, 0x78, 0x97, 0x9d, 0x9d,
    0x96, 0x76, 0x91, 0x75, 0x75, 0xc2, 0xa0, 0x74, 0x74, 0x94, 0xbf, 0xb5,
    0x8f, 0x8f, 0x8f, 0x8e, 0x9c, 0xb4, 0xa9, 0x69, 0x69, 0x69, 0xc9, 0x8a,
    0x14, 0x00, 0x00, 0x00, 0x00, 0x00, 0x00, 0x00, 0x00, 0x00, 0x00, 0x00,
    0x00, 0x00, 0x00, 0x00, 0x00, 0x00, 0x00, 0x00, 0x00, 0x00, 0x00, 0x00,
    0x00, 0x00, 0x00, 0x00, 0x00, 0x00, 0x00, 0x00, 0x00, 0x00, 0x00, 0x00,
    0x00, 0x00, 0x00, 0x00, 0x00, 0x00, 0x00, 0x00, 0x00, 0x00, 0x00, 0x00,
    0x00, 0x00, 0x00, 0x00, 0x00, 0x00, 0x00, 0x00, 0x00, 0x00, 0x00, 0x00,
    0x00, 0x00, 0x00, 0x00, 0x00, 0x00, 0x00, 0x00, 0x00, 0x00, 0x00, 0x00,
    0x00, 0x00, 0x00, 0x00, 0x00, 0x00, 0x00, 0x00, 0x00, 0x00, 0x00, 0x00,
    0x00, 0x00, 0x00, 0x00, 0x00, 0x00, 0x00, 0x00, 0x00, 0x00, 0x00, 0x00,
    0x00, 0x00, 0x00, 0x00, 0x00, 0x00, 0x00, 0x00, 0x00, 0x00, 0x00, 0x00,
    0x00, 0x00, 0x00, 0x00, 0x00, 0x00, 0x00, 0x00, 0x00, 0x00, 0x00, 0x00,
    0x00, 0x00, 0x00, 0x00, 0x00, 0x00, 0x00, 0x00, 0x00, 0x00, 0x00, 0x00,
    0x00, 0x00, 0x00, 0x00, 0x00, 0x00, 0x00, 0x00, 0x00, 0x00, 0x00, 0x00,
    0x00, 0x00, 0x00, 0x00, 0x00, 0x00, 0x00, 0x00, 0x00, 0x00, 0x00, 0x00,
    0x00, 0x00, 0x00, 0x00, 0x00, 0x00, 0x00, 0x00, 0x00, 0x00, 0x00, 0x00,
    0x00, 0x00, 0x00, 0x00, 0x00, 0x00, 0x00, 0x00, 0x00, 0x00, 0x00, 0x00,
    0x00, 0x00, 0x00, 0x00, 0x00, 0x00, 0x00, 0x00, 0x00, 0x00, 0x00, 0x00,
    0x00, 0x00, 0x00, 0x00, 0x00, 0x00, 0x00, 0x00, 0x00, 0x00, 0x00, 0x00,
    0x00, 0x00, 0x00, 0x00, 0x00, 0x00, 0x00, 0x00, 0x00, 0x00, 0x00, 0x00,
    0x00, 0x00, 0x00, 0x00, 0x00, 0x00, 0x14, 0x8a, 0x9c, 0x69, 0x69, 0x9b,
    0x69, 0xa3, 0x97, 0x7c, 0x7c, 0xa1, 0xa1, 0xa1, 0x84, 0x84, 0x84, 0x84,
    0x84, 0x84, 0x84, 0x84, 0x84, 0x84, 0x84, 0xab, 0x80, 0x80, 0x84, 0xab,
    0x84, 0x84, 0x84, 0x84, 0x84, 0x7f, 0xa1, 0xa1, 0x83, 0x7c, 0x7c, 0x7d,
    0x7d, 0x9a, 0x9a, 0x9a, 0x98, 0x98, 0x98, 0x78, 0x78, 0x73, 0x9d, 0x9d,
    0x96, 0x76, 0x91, 0xa5, 0x75, 0xc2, 0xa0, 0x74, 0x94, 0x94, 0xb5, 0xb5,
    0x8f, 0x8f, 0x8e, 0xa3, 0xb4, 0xb4, 0xa9, 0x69, 0xa9, 0x66, 0xc9, 0x89,
    0x00, 0x00, 0x00, 0x00, 0x00, 0x00, 0x00, 0x00, 0x00, 0x00, 0x00, 0x00,
    0x00, 0x00, 0x00, 0x00, 0x00, 0x00, 0x00, 0x00, 0x00, 0x00, 0x00, 0x00,
    0x00, 0x00, 0x00, 0x00, 0x00, 0x00, 0x00, 0x00, 0x00, 0x00, 0x00, 0x00,
    0x00, 0x00, 0x00, 0x00, 0x00, 0x00, 0x00, 0x00, 0x00, 0x00, 0x00, 0x00,
    0x00, 0x00, 0x00, 0x00, 0x00, 0x00, 0x00, 0x00, 0x00, 0x00, 0x00, 0x00,
    0x00, 0x00, 0x00, 0x00, 0x00, 0x00, 0x00, 0x00, 0x00, 0x00, 0x00, 0x00,
    0x00, 0x00, 0x00, 0x00, 0x00, 0x00, 0x00, 0x00, 0x00, 0x00, 0x00, 0x00,
    0x00, 0x00, 0x00, 0x00, 0x00, 0x00, 0x00, 0x00, 0x00, 0x00, 0x00, 0x00,
    0x00, 0x00, 0x00, 0x00, 0x00, 0x00, 0x00, 0x00, 0x00, 0x00, 0x00, 0x00,
    0x00, 0x00, 0x00, 0x00, 0x00, 0x00, 0x00, 0x00, 0x00, 0x00, 0x00, 0x00,
    0x00, 0x00, 0x00, 0x00, 0x00, 0x00, 0x00, 0x00, 0x00, 0x00, 0x00, 0x00,
    0x00, 0x00, 0x00, 0x00, 0x00, 0x00, 0x00, 0x00, 0x00, 0x00, 0x00, 0x00,
    0x00, 0x00, 0x00, 0x00, 0x00, 0x00, 0x00, 0x00, 0x00, 0x00, 0x00, 0x00,
    0x00, 0x00, 0x00, 0x00, 0x00, 0x00, 0x00, 0x00, 0x00, 0x00, 0x00, 0x00,
    0x00, 0x00, 0x00, 0x00, 0x00, 0x00, 0x00, 0x00, 0x00, 0x00, 0x00, 0x00,
    0x00, 0x00, 0x00, 0x00, 0x00, 0x00, 0x00, 0x00, 0x00, 0x00, 0x00, 0x00,
    0x00, 0x00, 0x00, 0x00, 0x00, 0x00, 0x00, 0x00, 0x00, 0x00, 0x00, 0x00,
    0x00, 0x00, 0x00, 0x00, 0x00, 0x00, 0x00, 0x00, 0x00, 0x00, 0x00, 0x00,
    0x00, 0x00, 0x00, 0x00, 0x00, 0x00, 0x00, 0x85, 0x8a, 0x9b, 0x69, 0x69,
    0x9c, 0xa9, 0xb8, 0x7d, 0x7d, 0x83, 0x83, 0xa1, 0xa1, 0x7f, 0x84, 0x84,
    0x84, 0x84, 0x84, 0x84, 0xab, 0x84, 0x84, 0xab, 0x84, 0x84, 0x84, 0x84,
    0x84, 0x84, 0x84, 0xa1, 0x7f, 0xa1, 0xa1, 0x83, 0x7c, 0x7c, 0x7c, 0x7d,
    0x9a, 0x9a, 0x9a, 0x98, 0x98, 0x98, 0x78, 0x78, 0x73, 0x73, 0x9d, 0x9d,
    0x76, 0x76, 0x91, 0x7e, 0x75, 0xc2, 0xa0, 0x74, 0xbf, 0x94, 0xb5, 0xb5,
    0x8e, 0x8e, 0x8c, 0xa9, 0xb4, 0xb4, 0xa9, 0xa9, 0x9b, 0x66, 0x64, 0x85,
    0x00, 0x00, 0x00, 0x00, 0x00, 0x00, 0x00, 0x00, 0x00, 0x00, 0x00, 0x00,
    0x00, 0x00, 0x00, 0x00, 0x00, 0x00, 0x00, 0x00, 0x00, 0x00, 0x00, 0x00,
    0x00, 0x00, 0x00, 0x00, 0x00, 0x00, 0x00, 0x00, 0x00, 0x00, 0x00, 0x00,
    0x00, 0x00, 0x00, 0x00, 0x00, 0x00, 0x00, 0x00, 0x00, 0x00, 0x00, 0x00,
    0x00, 0x00, 0x00, 0x00, 0x00, 0x00, 0x00, 0x00, 0x00, 0x00, 0x00, 0x00,
    0x00, 0x00, 0x00, 0x00, 0x00, 0x00, 0x00, 0x00, 0x00, 0x00, 0x00, 0x00,
    0x00, 0x00, 0x00, 0x00, 0x00, 0x00, 0x00, 0x00, 0x00, 0x00, 0x00, 0x00,
    0x00, 0x00, 0x00, 0x00, 0x00, 0x00, 0x00, 0x00, 0x00, 0x00, 0x00, 0x00,
    0x00, 0x00, 0x00, 0x00, 0x00, 0x00, 0x00, 0x00, 0x00, 0x00, 0x00, 0x00,
    0x00, 0x00, 0x00, 0x00, 0x00, 0x00, 0x00, 0x00, 0x00, 0x00, 0x00, 0x00,
    0x00, 0x00, 0x00, 0x00, 0x00, 0x00, 0x00, 0x00, 0x00, 0x00, 0x00, 0x00,
    0x00, 0x00, 0x00, 0x00, 0x00, 0x00, 0x00, 0x00, 0x00, 0x00, 0x00, 0x00,
    0x00, 0x00, 0x00, 0x00, 0x00, 0x00, 0x00, 0x00, 0x00, 0x00, 0x00, 0x00,
    0x00, 0x00, 0x00, 0x00, 0x00, 0x00, 0x00, 0x00, 0x00, 0x00, 0x00, 0x00,
    0x00, 0x00, 0x00, 0x00, 0x00, 0x00, 0x00, 0x00, 0x00, 0x00, 0x00, 0x00,
    0x00, 0x00, 0x00, 0x00, 0x00, 0x00, 0x00, 0x00, 0x00, 0x00, 0x00, 0x00,
    0x00, 0x00, 0x00, 0x00, 0x00, 0x00, 0x00, 0x00, 0x00, 0x00, 0x00, 0x00,
    0x00, 0x00, 0x00, 0x00, 0x00, 0x00, 0x00, 0x00, 0x00, 0x00, 0x00, 0x00,
    0x00, 0x00, 0x00, 0x00, 0x00, 0x00, 0x00, 0x00, 0x86, 0xa9, 0x69, 0x9b,
    0x9b, 0x9b, 0xa9, 0xa0, 0x7c, 0x7d, 0xa1, 0x83, 0xa1, 0xa1, 0xa1, 0xa1,
    0xa1, 0xa1, 0x84, 0x84, 0x84, 0x84, 0x84, 0x84, 0x7f, 0xa1, 0x7f, 0x84,
    0x7f, 0xa1, 0xa1, 0xa1, 0xa1, 0xa1, 0x83, 0x7c, 0x7c, 0x7c, 0x7c, 0x7d,
    0x9a, 0x9a, 0x98, 0x98, 0x98, 0x98, 0x78, 0x78, 0x73, 0x9d, 0x9d, 0x96,
    0x76, 0x91, 0x7e, 0x75, 0xc2, 0xa0, 0xa0, 0x74, 0xbf, 0xb5, 0xb5, 0xb8,
    0xb8, 0x8c, 0x69, 0xb4, 0xb4, 0xb4, 0xa9, 0x69, 0x9b, 0x67, 0x8a, 0x14,
    0x00, 0x00, 0x00, 0x00, 0x00, 0x00, 0x00, 0x00, 0x00, 0x00, 0x00, 0x00,
    0x00, 0x00, 0x00, 0x00, 0x00, 0x00, 0x00, 0x00, 0x00, 0x00, 0x00, 0x00,
    0x00, 0x00, 0x00, 0x00, 0x00, 0x00, 0x00, 0x00, 0x00, 0x00, 0x00, 0x00,
    0x00, 0x00, 0x00, 0x00, 0x00, 0x00, 0x00, 0x00, 0x00, 0x00, 0x00, 0x00,
    0x00, 0x00, 0x00, 0x00, 0x00, 0x00, 0x00, 0x00, 0x00, 0x00, 0x00, 0x00,
    0x00, 0x00, 0x00, 0x00, 0x00, 0x00, 0x00, 0x00, 0x00, 0x00, 0x00, 0x00,
    0x00, 0x00, 0x00, 0x00, 0x00, 0x00, 0x00, 0x00, 0x00, 0x00, 0x00, 0x00,
    0x00, 0x00, 0x00, 0x00, 0x00, 0x00, 0x00, 0x00, 0x00, 0x00, 0x00, 0x00,
    0x00, 0x00, 0x00, 0x00, 0x00, 0x00, 0x00, 0x00, 0x00, 0x00, 0x00, 0x00,
    0x00, 0x00, 0x00, 0x00, 0x00, 0x00, 0x00, 0x00, 0x00, 0x00, 0x00, 0x00,
    0x00, 0x00, 0x00, 0x00, 0x00, 0x00, 0x00, 0x00, 0x00, 0x00, 0x00, 0x00,
    0x00, 0x00, 0x00, 0x00, 0x00, 0x00, 0x00, 0x00, 0x00, 0x00, 0x00, 0x00,
    0x00, 0x00, 0x00, 0x00, 0x00, 0x00, 0x00, 0x00, 0x00, 0x00, 0x00, 0x00,
    0x00, 0x00, 0x00, 0x00, 0x00, 0x00, 0x00, 0x00, 0x00, 0x00, 0x00, 0x00,
    0x00, 0x00, 0x00, 0x00, 0x00, 0x00, 0x00, 0x00, 0x00, 0x00, 0x00, 0x00,
    0x00, 0x00, 0x00, 0x00, 0x00, 0x00, 0x00, 0x00, 0x00, 0x00, 0x00, 0x00,
    0x00, 0x00, 0x00, 0x00, 0x00, 0x00, 0x00, 0x00, 0x00, 0x00, 0x00, 0x00,
    0x00, 0x00, 0x00, 0x00, 0x00, 0x00, 0x00, 0x00, 0x00, 0x00, 0x00, 0x00,
    0x00, 0x00, 0x00, 0x00, 0x00, 0x00, 0x00, 0x00, 0x01, 0x85, 0x8a, 0x9b,
    0x9b, 0x69, 0x69, 0xaf, 0xa5, 0x7d, 0x7d, 0x7c, 0x83, 0xa1, 0xa1, 0xa1,
    0xa1, 0xa1, 0xa1, 0xa1, 0xa1, 0xa1, 0xa1, 0xa1, 0xa1, 0xa1, 0xa1, 0xa1,
    0xa1, 0xa1, 0xa1, 0xa1, 0x83, 0x83, 0x7c, 0x7c, 0x7d, 0x7d, 0x9a, 0x9a,
    0x9a, 0x9a, 0x98, 0x98, 0x98, 0x78, 0x78, 0x73, 0x73, 0x9d, 0x77, 0x76,
    0x76, 0x91, 0x75, 0x75, 0xa0, 0x74, 0x74, 0xbf, 0xb5, 0xb5, 0xb8, 0xc5,
    0x8c, 0x9b, 0xb4, 0xb4, 0xb4, 0xb4, 0xa9, 0x67, 0x69, 0x67, 0x88, 0x00,
    0x00, 0x00, 0x00, 0x00, 0x00, 0x00, 0x00, 0x00, 0x00, 0x00, 0x00, 0x00,
    0x00, 0x00, 0x00, 0x00, 0x00, 0x00, 0x00, 0x00, 0x00, 0x00, 0x00, 0x00,
    0x00, 0x00, 0x00, 0x00, 0x00, 0x00, 0x00, 0x00, 0x00, 0x00, 0x00, 0x00,
    0x00, 0x00, 0x00, 0x00, 0x00, 0x00, 0x00, 0x00, 0x00, 0x00, 0x00, 0x00,
    0x00, 0x00, 0x00, 0x00, 0x00, 0x00, 0x00, 0x00, 0x00, 0x00, 0x00, 0x00,
    0x00, 0x00, 0x00, 0x00, 0x00, 0x00, 0x00, 0x00, 0x00, 0x00, 0x00, 0x00,
    0x00, 0x00, 0x00, 0x00, 0x00, 0x00, 0x00, 0x00, 0x00, 0x00, 0x00, 0x00,
    0x00, 0x00, 0x00, 0x00, 0x00, 0x00, 0x00, 0x00, 0x00, 0x00, 0x00, 0x00,
    0x00, 0x00, 0x00, 0x00, 0x00, 0x00, 0x00, 0x00, 0x00, 0x00, 0x00, 0x00,
    0x00, 0x00, 0x00, 0x00, 0x00, 0x00, 0x00, 0x00, 0x00, 0x00, 0x00, 0x00,
    0x00, 0x00, 0x00, 0x00, 0x00, 0x00, 0x00, 0x00, 0x00, 0x00, 0x00, 0x00,
    0x00, 0x00, 0x00, 0x00, 0x00, 0x00, 0x00, 0x00, 0x00, 0x00, 0x00, 0x00,
    0x00, 0x00, 0x00, 0x00, 0x00, 0x00, 0x00, 0x00, 0x00, 0x00, 0x00, 0x00,
    0x00, 0x00, 0x00, 0x00, 0x00, 0x00, 0x00, 0x00, 0x00, 0x00, 0x00, 0x00,
    0x00, 0x00, 0x00, 0x00, 0x00, 0x00, 0x00, 0x00, 0x00, 0x00, 0x00, 0x00,
    0x00, 0x00, 0x00, 0x00, 0x00, 0x00, 0x00, 0x00, 0x00, 0x00, 0x00, 0x00,
    0x00, 0x00, 0x00, 0x00, 0x00, 0x00, 0x00, 0x00, 0x00, 0x00, 0x00, 0x00,
    0x00, 0x00, 0x00, 0x00, 0x00, 0x00, 0x00, 0x00, 0x00, 0x00, 0x00, 0x00,
    0x00, 0x00, 0x00, 0x00, 0x00, 0x00, 0x00, 0x00, 0x00, 0x00, 0x89, 0x9c,
    0x9b, 0x9c, 0x9b, 0xa9, 0xaf, 0xa5, 0x7d, 0x7d, 0x7c, 0x7c, 0x83, 0x83,
    0xa1, 0xa1, 0xa1, 0xa1, 0x83, 0xa1, 0xa1, 0xa1, 0xa1, 0xa1, 0x83, 0xa1,
    0x83, 0x83, 0x83, 0x7c, 0x7c, 0x7c, 0x7c, 0x7d, 0x9a, 0x7d, 0x9a, 0x9a,
    0x9a, 0x98, 0x98, 0x98, 0x78, 0x78, 0x78, 0x73, 0x9d, 0x77, 0x76, 0x76,
    0x91, 0xa5, 0x75, 0xc2, 0xa0, 0x74, 0xbf, 0xb5, 0xb5, 0xb8, 0xc5, 0xa3,
    0x9b, 0xb4, 0xb4, 0xa9, 0xb4, 0xb4, 0xa9, 0x66, 0x69, 0x67, 0x85, 0x00,
    0x00, 0x00, 0x00, 0x00, 0x00, 0x00, 0x00, 0x00, 0x00, 0x00, 0x00, 0x00,
    0x00, 0x00, 0x00, 0x00, 0x00, 0x00, 0x00, 0x00, 0x00, 0x00, 0x00, 0x00,
    0x00, 0x00, 0x00, 0x00, 0x00, 0x00, 0x00, 0x00, 0x00, 0x00, 0x00, 0x00,
    0x00, 0x00, 0x00, 0x00, 0x00, 0x00, 0x00, 0x00, 0x00, 0x00, 0x00, 0x00,
    0x00, 0x00, 0x00, 0x00, 0x00, 0x00, 0x00, 0x00, 0x00, 0x00, 0x00, 0x00,
    0x00, 0x00, 0x00, 0x00, 0x00, 0x00, 0x00, 0x00, 0x00, 0x00, 0x00, 0x00,
    0x00, 0x00, 0x00, 0x00, 0x00, 0x00, 0x00, 0x00, 0x00, 0x00, 0x00, 0x00,
    0x00, 0x00, 0x00, 0x00, 0x00, 0x00, 0x00, 0x00, 0x00, 0x00, 0x00, 0x00,
    0x00, 0x00, 0x00, 0x00, 0x00, 0x00, 0x00, 0x00, 0x00, 0x00, 0x00, 0x00,
    0x00, 0x00, 0x00, 0x00, 0x00, 0x00, 0x00, 0x00, 0x00, 0x00, 0x00, 0x00,
    0x00, 0x00, 0x00, 0x00, 0x00, 0x00, 0x00, 0x00, 0x00, 0x00, 0x00, 0x00,
    0x00, 0x00, 0x00, 0x00, 0x00, 0x00, 0x00, 0x00, 0x00, 0x00, 0x00, 0x00,
    0x00, 0x00, 0x00, 0x00, 0x00, 0x00, 0x00, 0x00, 0x00, 0x00, 0x00, 0x00,
    0x00, 0x00, 0x00, 0x00, 0x00, 0x00, 0x00, 0x00, 0x00, 0x00, 0x00, 0x00,
    0x00, 0x00, 0x00, 0x00, 0x00, 0x00, 0x00, 0x00, 0x00, 0x00, 0x00, 0x00,
    0x00, 0x00, 0x00, 0x00, 0x00, 0x00, 0x00, 0x00, 0x00, 0x00, 0x00, 0x00,
    0x00, 0x00, 0x00, 0x00, 0x00, 0x00, 0x00, 0x00, 0x00, 0x00, 0x00, 0x00,
    0x00, 0x00, 0x00, 0x00, 0x00, 0x00, 0x00, 0x00, 0x00, 0x00, 0x00, 0x00,
    0x00, 0x00, 0x00, 0x00, 0x00, 0x00, 0x00, 0x00, 0x00, 0x0c, 0x88, 0x9b,
    0x9c, 0x69, 0xa9, 0x69, 0xa9, 0xaf, 0xc2, 0x7d, 0x7d, 0x7d, 0x7c, 0x7c,
    0x83, 0x83, 0x83, 0x83, 0x83, 0x83, 0x83, 0x83, 0x7c, 0x7c, 0x7c, 0x7c,
    0x83, 0x7c, 0x7c, 0x7c, 0x7c, 0x7c, 0x7c, 0x9a, 0x9a, 0x9a, 0x9a, 0x98,
    0x98, 0x98, 0x78, 0x78, 0x78, 0x73, 0x9d, 0x9d, 0x9d, 0x76, 0x76, 0x91,
    0xa5, 0x75, 0xc2, 0xa0, 0x74, 0xbf, 0xb5, 0xb8, 0xc5, 0xa4, 0xa3, 0x69,
    0xb4, 0xb4, 0xa9, 0x69, 0xa9, 0xb4, 0x69, 0x66, 0x69, 0x8a, 0x07, 0x00,
    0x00, 0x00, 0x00, 0x00, 0x00, 0x00, 0x00, 0x00, 0x00, 0x00, 0x00, 0x00,
    0x00, 0x00, 0x00, 0x00, 0x00, 0x00, 0x00, 0x00, 0x00, 0x00, 0x00, 0x00,
    0x00, 0x00, 0x00, 0x00, 0x00, 0x00, 0x00, 0x00, 0x00, 0x00, 0x00, 0x00,
    0x00, 0x00, 0x00, 0x00, 0x00, 0x00, 0x00, 0x00, 0x00, 0x00, 0x00, 0x00,
    0x00, 0x00, 0x00, 0x00, 0x00, 0x00, 0x00, 0x00, 0x00, 0x00, 0x00, 0x00,
    0x00, 0x00, 0x00, 0x00, 0x00, 0x00, 0x00, 0x00, 0x00, 0x00, 0x00, 0x00,
    0x00, 0x00, 0x00, 0x00, 0x00, 0x00, 0x00, 0x00, 0x00, 0x00, 0x00, 0x00,
    0x00, 0x00, 0x00, 0x00, 0x00, 0x00, 0x00, 0x00, 0x00, 0x00, 0x00, 0x00,
    0x00, 0x00, 0x00, 0x00, 0x00, 0x00, 0x00, 0x00, 0x00, 0x00, 0x00, 0x00,
    0x00, 0x00, 0x00, 0x00, 0x00, 0x00, 0x00, 0x00, 0x00, 0x00, 0x00, 0x00,
    0x00, 0x00, 0x00, 0x00, 0x00, 0x00, 0x00, 0x00, 0x00, 0x00, 0x00, 0x00,
    0x00, 0x00, 0x00, 0x00, 0x00, 0x00, 0x00, 0x00, 0x00, 0x00, 0x00, 0x00,
    0x00, 0x00, 0x00, 0x00, 0x00, 0x00, 0x00, 0x00, 0x00, 0x00, 0x00, 0x00,
    0x00, 0x00, 0x00, 0x00, 0x00, 0x00, 0x00, 0x00, 0x00, 0x00, 0x00, 0x00,
    0x00, 0x00, 0x00, 0x00, 0x00, 0x00, 0x00, 0x00, 0x00, 0x00, 0x00, 0x00,
    0x00, 0x00, 0x00, 0x00, 0x00, 0x00, 0x00, 0x00, 0x00, 0x00, 0x00, 0x00,
    0x00, 0x00, 0x00, 0x00, 0x00, 0x00, 0x00, 0x00, 0x00, 0x00, 0x00, 0x00,
    0x00, 0x00, 0x00, 0x00, 0x00, 0x00, 0x00, 0x00, 0x00, 0x00, 0x00, 0x00,
    0x00, 0x00, 0x00, 0x00, 0x00, 0x00, 0x00, 0x00, 0x00, 0x00, 0x88, 0x9b,
    0x9c, 0x69, 0xa9, 0xa9, 0x9b, 0x69, 0x69, 0x94, 0x9a, 0x7d, 0x9a, 0x7d,
    0x7d, 0x7c, 0x7c, 0x7c, 0x7c, 0x7c, 0x7c, 0x83, 0x7c, 0x7c, 0x7c, 0x7c,
    0x7c, 0x7c, 0x7c, 0x7c, 0x7c, 0x7c, 0x9a, 0x9a, 0x9a, 0x9a, 0x98, 0x98,
    0x98, 0x78, 0x78, 0x78, 0x97, 0x9d, 0x9d, 0x9d, 0x76, 0x76, 0x91, 0x7e,
    0x75, 0xc2, 0x74, 0xbf, 0xb5, 0xaa, 0xc4, 0xa4, 0xa3, 0xaf, 0xa9, 0xb4,
    0xb4, 0xa9, 0x68, 0x64, 0xb4, 0xa9, 0x66, 0x64, 0x67, 0x89, 0x0c, 0x00,
    0x00, 0x00, 0x00, 0x00, 0x00, 0x00, 0x00, 0x00, 0x00, 0x00, 0x00, 0x00,
    0x00, 0x00, 0x00, 0x00, 0x00, 0x00, 0x00, 0x00, 0x00, 0x00, 0x00, 0x00,
    0x00, 0x00, 0x00, 0x00, 0x00, 0x00, 0x00, 0x00, 0x00, 0x00, 0x00, 0x00,
    0x00, 0x00, 0x00, 0x00, 0x00, 0x00, 0x00, 0x00, 0x00, 0x00, 0x00, 0x00,
    0x00, 0x00, 0x00, 0x00, 0x00, 0x00, 0x00, 0x00, 0x00, 0x00, 0x00, 0x00,
    0x00, 0x00, 0x00, 0x00, 0x00, 0x00, 0x00, 0x00, 0x00, 0x00, 0x00, 0x00,
    0x00, 0x00, 0x00, 0x00, 0x00, 0x00, 0x00, 0x00, 0x00, 0x00, 0x00, 0x00,
    0x00, 0x00, 0x00, 0x00, 0x00, 0x00, 0x00, 0x00, 0x00, 0x00, 0x00, 0x00,
    0x00, 0x00, 0x00, 0x00, 0x00, 0x00, 0x00, 0x00, 0x00, 0x00, 0x00, 0x00,
    0x00, 0x00, 0x00, 0x00, 0x00, 0x00, 0x00, 0x00, 0x00, 0x00, 0x00, 0x00,
    0x00, 0x00, 0x00, 0x00, 0x00, 0x00, 0x00, 0x00, 0x00, 0x00, 0x00, 0x00,
    0x00, 0x00, 0x00, 0x00, 0x00, 0x00, 0x00, 0x00, 0x00, 0x00, 0x00, 0x00,
    0x00, 0x00, 0x00, 0x00, 0x00, 0x00, 0x00, 0x00, 0x00, 0x00, 0x00, 0x00,
    0x00, 0x00, 0x00, 0x00, 0x00, 0x00, 0x00, 0x00, 0x00, 0x00, 0x00, 0x00,
    0x00, 0x00, 0x00, 0x00, 0x00, 0x00, 0x00, 0x00, 0x00, 0x00, 0x00, 0x00,
    0x00, 0x00, 0x00, 0x00, 0x00, 0x00, 0x00, 0x00, 0x00, 0x00, 0x00, 0x00,
    0x00, 0x00, 0x00, 0x00, 0x00, 0x00, 0x00, 0x00, 0x00, 0x00, 0x00, 0x00,
    0x00, 0x00, 0x00, 0x00, 0x00, 0x00, 0x00, 0x00, 0x00, 0x00, 0x00, 0x00,
    0x00, 0x00, 0x00, 0x00, 0x00, 0x00, 0x00, 0x00, 0x00, 0x00, 0x86, 0x9b,
    0x9c, 0x9b, 0x69, 0x69, 0x9b, 0x9b, 0xa9, 0xa9, 0xb8, 0x9d, 0x98, 0x98,
    0x98, 0x9a, 0x7d, 0x7d, 0x7d, 0x7c, 0x7c, 0x7c, 0x7c, 0x7d, 0x7d, 0x7c,
    0x7c, 0x7c, 0x7c, 0x7c, 0x7d, 0x7d, 0x7c, 0x98, 0x98, 0x78, 0x78, 0x78,
    0x78, 0x78, 0x97, 0x97, 0x9d, 0x9d, 0x9d, 0x76, 0x91, 0x91, 0xa5, 0xc2,
    0x74, 0xbf, 0xb5, 0xb8, 0xc4, 0xa4, 0xa3, 0xaf, 0x69, 0xa9, 0xb4, 0xb4,
    0xb4, 0x69, 0x64, 0xca, 0xa9, 0xa9, 0x63, 0x61, 0x8a, 0x07, 0x00, 0x00,
    0x00, 0x00, 0x00, 0x00, 0x00, 0x00, 0x00, 0x00, 0x00, 0x00, 0x00, 0x00,
    0x00, 0x00, 0x00, 0x00, 0x00, 0x00, 0x00, 0x00, 0x00, 0x00, 0x00, 0x00,
    0x00, 0x00, 0x00, 0x00, 0x00, 0x00, 0x00, 0x00, 0x00, 0x00, 0x00, 0x00,
    0x00, 0x00, 0x00, 0x00, 0x00, 0x00, 0x00, 0x00, 0x00, 0x00, 0x00, 0x00,
    0x00, 0x00, 0x00, 0x00, 0x00, 0x00, 0x00, 0x00, 0x00, 0x00, 0x00, 0x00,
    0x00, 0x00, 0x00, 0x00, 0x00, 0x00, 0x00, 0x00, 0x00, 0x00, 0x00, 0x00,
    0x00, 0x00, 0x00, 0x00, 0x00, 0x00, 0x00, 0x00, 0x00, 0x00, 0x00, 0x00,
    0x00, 0x00, 0x00, 0x00, 0x00, 0x00, 0x00, 0x00, 0x00, 0x00, 0x00, 0x00,
    0x00, 0x00, 0x00, 0x00, 0x00, 0x00, 0x00, 0x00, 0x00, 0x00, 0x00, 0x00,
    0x00, 0x00, 0x00, 0x00, 0x00, 0x00, 0x00, 0x00, 0x00, 0x00, 0x00, 0x00,
    0x00, 0x00, 0x00, 0x00, 0x00, 0x00, 0x00, 0x00, 0x00, 0x00, 0x00, 0x00,
    0x00, 0x00, 0x00, 0x00, 0x00, 0x00, 0x00, 0x00, 0x00, 0x00, 0x00, 0x00,
    0x00, 0x00, 0x00, 0x00, 0x00, 0x00, 0x00, 0x00, 0x00, 0x00, 0x00, 0x00,
    0x00, 0x00, 0x00, 0x00, 0x00, 0x00, 0x00, 0x00, 0x00, 0x00, 0x00, 0x00,
    0x00, 0x00, 0x00, 0x00, 0x00, 0x00, 0x00, 0x00, 0x00, 0x00, 0x00, 0x00,
    0x00, 0x00, 0x00, 0x00, 0x00, 0x00, 0x00, 0x00, 0x00, 0x00, 0x00, 0x00,
    0x00, 0x00, 0x00, 0x00, 0x00, 0x00, 0x00, 0x00, 0x00, 0x00, 0x00, 0x00,
    0x00, 0x00, 0x00, 0x00, 0x00, 0x00, 0x00, 0x00, 0x00, 0x00, 0x00, 0x00,
    0x00, 0x00, 0x00, 0x00, 0x00, 0x00, 0x00, 0x00, 0x00, 0x00, 0x07, 0x8a,
    0x9c, 0x9b, 0x9b, 0x9c, 0x9b, 0x9b, 0x69, 0x69, 0xb4, 0xa3, 0xa0, 0x97,
    0x98, 0x78, 0x78, 0x78, 0x98, 0x78, 0x78, 0x7d, 0x9a, 0x7d, 0x9a, 0x9a,
    0x7d, 0x9a, 0x9a, 0x9a, 0x9a, 0x98, 0x9d, 0x91, 0xa5, 0x75, 0xc2, 0xa5,
    0x76, 0x76, 0x76, 0x76, 0x91, 0x91, 0x7e, 0x75, 0xa0, 0x74, 0xbf, 0xb5,
    0xb8, 0xc4, 0xa4, 0xa3, 0xaf, 0xaf, 0x9b, 0xa9, 0xb4, 0xb4, 0xb4, 0xb4,
    0x9b, 0x66, 0xca, 0xca, 0x68, 0x67, 0x61, 0x64, 0x85, 0x00, 0x00, 0x00,
    0x00, 0x00, 0x00, 0x00, 0x00, 0x00, 0x00, 0x00, 0x00, 0x00, 0x00, 0x00,
    0x00, 0x00, 0x00, 0x00, 0x00, 0x00, 0x00, 0x00, 0x00, 0x00, 0x00, 0x00,
    0x00, 0x00, 0x00, 0x00, 0x00, 0x00, 0x00, 0x00, 0x00, 0x00, 0x00, 0x00,
    0x00, 0x00, 0x00, 0x00, 0x00, 0x00, 0x00, 0x00, 0x00, 0x00, 0x00, 0x00,
    0x00, 0x00, 0x00, 0x00, 0x00, 0x00, 0x00, 0x00, 0x00, 0x00, 0x00, 0x00,
    0x00, 0x00, 0x00, 0x00, 0x00, 0x00, 0x00, 0x00, 0x00, 0x00, 0x00, 0x00,
    0x00, 0x00, 0x00, 0x00, 0x00, 0x00, 0x00, 0x00, 0x00, 0x00, 0x00, 0x00,
    0x00, 0x00, 0x00, 0x00, 0x00, 0x00, 0x00, 0x00, 0x00, 0x00, 0x00, 0x00,
    0x00, 0x00, 0x00, 0x00, 0x00, 0x00, 0x00, 0x00, 0x00, 0x00, 0x00, 0x00,
    0x00, 0x00, 0x00, 0x00, 0x00, 0x00, 0x00, 0x00, 0x00, 0x00, 0x00, 0x00,
    0x00, 0x00, 0x00, 0x00, 0x00, 0x00, 0x00, 0x00, 0x00, 0x00, 0x00, 0x00,
    0x00, 0x00, 0x00, 0x00, 0x00, 0x00, 0x00, 0x00, 0x00, 0x00, 0x00, 0x00,
    0x00, 0x00, 0x00, 0x00, 0x00, 0x00, 0x00, 0x00, 0x00, 0x00, 0x00, 0x00,
    0x00, 0x00, 0x00, 0x00, 0x00, 0x00, 0x00, 0x00, 0x00, 0x00, 0x00, 0x00,
    0x00, 0x00, 0x00, 0x00, 0x00, 0x00, 0x00, 0x00, 0x00, 0x00, 0x00, 0x00,
    0x00, 0x00, 0x00, 0x00, 0x00, 0x00, 0x00, 0x00, 0x00, 0x00, 0x00, 0x00,
    0x00, 0x00, 0x00, 0x00, 0x00, 0x00, 0x00, 0x00, 0x00, 0x00, 0x00, 0x00,
    0x00, 0x00, 0x00, 0x00, 0x00, 0x00, 0x00, 0x00, 0x00, 0x00, 0x00, 0x00,
    0x00, 0x00, 0x00, 0x00, 0x00, 0x00, 0x00, 0x00, 0x00, 0x00, 0x00, 0x89,
    0x9c, 0x9c, 0x9c, 0x9c, 0x9b, 0x9b, 0x9b, 0x69, 0x69, 0xa9, 0xaf, 0xb5,
    0xa5, 0x91, 0xa5, 0xa5, 0x75, 0x74, 0x75, 0xa5, 0x76, 0x78, 0x78, 0x9d,
    0x9d, 0x97, 0x78, 0x9d, 0xa5, 0xa0, 0xbf, 0xb5, 0xaa, 0xaa, 0xb8, 0xb8,
    0xb8, 0xaa, 0xaa, 0xb8, 0xb8, 0xb8, 0xc4, 0xc4, 0xa4, 0xa3, 0xa3, 0xa3,
    0xaf, 0xaf, 0x69, 0x69, 0xa9, 0xa9, 0xb4, 0xb4, 0xb4, 0xb4, 0xb4, 0xa9,
    0x66, 0xc9, 0xcb, 0x67, 0xa9, 0x66, 0x64, 0x88, 0x00, 0x00, 0x00, 0x00,
    0x00, 0x00, 0x00, 0x00, 0x00, 0x00, 0x00, 0x00, 0x00, 0x00, 0x00, 0x00,
    0x00, 0x00, 0x00, 0x00, 0x00, 0x00, 0x00, 0x00, 0x00, 0x00, 0x00, 0x00,
    0x00, 0x00, 0x00, 0x00, 0x00, 0x00, 0x00, 0x00, 0x00, 0x00, 0x00, 0x00,
    0x00, 0x00, 0x00, 0x00, 0x00, 0x00, 0x00, 0x00, 0x00, 0x00, 0x00, 0x00,
    0x00, 0x00, 0x00, 0x00, 0x00, 0x00, 0x00, 0x00, 0x00, 0x00, 0x00, 0x00,
    0x00, 0x00, 0x00, 0x00, 0x00, 0x00, 0x00, 0x00, 0x00, 0x00, 0x00, 0x00,
    0x00, 0x00, 0x00, 0x00, 0x00, 0x00, 0x00, 0x00, 0x00, 0x00, 0x00, 0x00,
    0x00, 0x00, 0x00, 0x00, 0x00, 0x00, 0x00, 0x00, 0x00, 0x00, 0x00, 0x00,
    0x00, 0x00, 0x00, 0x00, 0x00, 0x00, 0x00, 0x00, 0x00, 0x00, 0x00, 0x00,
    0x00, 0x00, 0x00, 0x00, 0x00, 0x00, 0x00, 0x00, 0x00, 0x00, 0x00, 0x00,
    0x00, 0x00, 0x00, 0x00, 0x00, 0x00, 0x00, 0x00, 0x00, 0x00, 0x00, 0x00,
    0x00, 0x00, 0x00, 0x00, 0x00, 0x00, 0x00, 0x00, 0x00, 0x00, 0x00, 0x00,
    0x00, 0x00, 0x00, 0x00, 0x00, 0x00, 0x00, 0x00, 0x00, 0x00, 0x00, 0x00,
    0x00, 0x00, 0x00, 0x00, 0x00, 0x00, 0x00, 0x00, 0x00, 0x00, 0x00, 0x00,
    0x00, 0x00, 0x00, 0x00, 0x00, 0x00, 0x00, 0x00, 0x00, 0x00, 0x00, 0x00,
    0x00, 0x00, 0x00, 0x00, 0x00, 0x00, 0x00, 0x00, 0x00, 0x00, 0x00, 0x00,
    0x00, 0x00, 0x00, 0x00, 0x00, 0x00, 0x00, 0x00, 0x00, 0x00, 0x00, 0x00,
    0x00, 0x00, 0x00, 0x00, 0x00, 0x00, 0x00, 0x00, 0x00, 0x00, 0x00, 0x00,
    0x00, 0x00, 0x00, 0x00, 0x00, 0x00, 0x00, 0x00, 0x00, 0x00, 0x00, 0x85,
    0x8b, 0x9c, 0x9b, 0x9c, 0x9c, 0x69, 0x69, 0x69, 0x9b, 0x9c, 0x9b, 0xaf,
    0xa4, 0xaa, 0xaa, 0xaa, 0xb8, 0xc4, 0xb8, 0xc4, 0xaa, 0xa0, 0xa0, 0xc2,
    0xa0, 0xa0, 0xa0, 0xb5, 0xb8, 0xa4, 0xa3, 0xa3, 0xa4, 0xa3, 0xa3, 0xaf,
    0xaf, 0xaf, 0xaf, 0xaf, 0xa9, 0x69, 0x69, 0x69, 0xa9, 0x69, 0x69, 0xa9,
    0xa9, 0xb4, 0xa9, 0xa9, 0xa9, 0xb4, 0xb4, 0xb4, 0xb4, 0xb4, 0xb4, 0xa9,
    0x67, 0xca, 0xcb, 0x68, 0x69, 0x66, 0x8a, 0x07, 0x00, 0x00, 0x00, 0x00,
    0x00, 0x00, 0x00, 0x00, 0x00, 0x00, 0x00, 0x00, 0x00, 0x00, 0x00, 0x00,
    0x00, 0x00, 0x00, 0x00, 0x00, 0x00, 0x00, 0x00, 0x00, 0x00, 0x00, 0x00,
    0x00, 0x00, 0x00, 0x00, 0x00, 0x00, 0x00, 0x00, 0x00, 0x00, 0x00, 0x00,
    0x00, 0x00, 0x00, 0x00, 0x00, 0x00, 0x00, 0x00, 0x00, 0x00, 0x00, 0x00,
    0x00, 0x00, 0x00, 0x00, 0x00, 0x00, 0x00, 0x00, 0x00, 0x00, 0x00, 0x00,
    0x00, 0x00, 0x00, 0x00, 0x00, 0x00, 0x00, 0x00, 0x00, 0x00, 0x00, 0x00,
    0x00, 0x00, 0x00, 0x00, 0x00, 0x00, 0x00, 0x00, 0x00, 0x00, 0x00, 0x00,
    0x00, 0x00, 0x00, 0x00, 0x00, 0x00, 0x00, 0x00, 0x00, 0x00, 0x00, 0x00,
    0x00, 0x00, 0x00, 0x00, 0x00, 0x00, 0x00, 0x00, 0x00, 0x00, 0x00, 0x00,
    0x00, 0x00, 0x00, 0x00, 0x00, 0x00, 0x00, 0x00, 0x00, 0x00, 0x00, 0x00,
    0x00, 0x00, 0x00, 0x00, 0x00, 0x00, 0x00, 0x00, 0x00, 0x00, 0x00, 0x00,
    0x00, 0x00, 0x00, 0x00, 0x00, 0x00, 0x00, 0x00, 0x00, 0x00, 0x00, 0x00,
    0x00, 0x00, 0x00, 0x00, 0x00, 0x00, 0x00, 0x00, 0x00, 0x00, 0x00, 0x00,
    0x00, 0x00, 0x00, 0x00, 0x00, 0x00, 0x00, 0x00, 0x00, 0x00, 0x00, 0x00,
    0x00, 0x00, 0x00, 0x00, 0x00, 0x00, 0x00, 0x00, 0x00, 0x00, 0x00, 0x00,
    0x00, 0x00, 0x00, 0x00, 0x00, 0x00, 0x00, 0x00, 0x00, 0x00, 0x00, 0x00,
    0x00, 0x00, 0x00, 0x00, 0x00, 0x00, 0x00, 0x00, 0x00, 0x00, 0x00, 0x00,
    0x00, 0x00, 0x00, 0x00, 0x00, 0x00, 0x00, 0x00, 0x00, 0x00, 0x00, 0x00,
    0x00, 0x00, 0x00, 0x00, 0x00, 0x00, 0x00, 0x00, 0x00, 0x00, 0x00, 0x00,
    0x0d, 0x8b, 0x9b, 0x9b, 0x8b, 0x9b, 0x69, 0xa9, 0x9c, 0x9b, 0x9b, 0x9c,
    0xaf, 0xaf, 0xa3, 0xa3, 0xaf, 0xa3, 0xa3, 0xaf, 0xa3, 0xa3, 0xa4, 0xc4,
    0xa4, 0xa4, 0xa4, 0xa4, 0xa3, 0xaf, 0xaf, 0xa3, 0x8b, 0xaf, 0xaf, 0xaf,
    0x8b, 0x9c, 0x9b, 0x9b, 0x9c, 0x9b, 0x8b, 0x8b, 0x8b, 0x9b, 0x9b, 0x9c,
    0x69, 0xa9, 0xa9, 0xa9, 0x69, 0xa9, 0xa9, 0xa9, 0xa9, 0xa9, 0xa9, 0x69,
    0x67, 0xc9, 0xc3, 0xcc, 0x67, 0x64, 0x88, 0x14, 0x00, 0x00, 0x00, 0x00,
    0x00, 0x00, 0x00, 0x00, 0x00, 0x00, 0x00, 0x00, 0x00, 0x00, 0x00, 0x00,
    0x00, 0x00, 0x00, 0x00, 0x00, 0x00, 0x00, 0x00, 0x00, 0x00, 0x00, 0x00,
    0x00, 0x00, 0x00, 0x00, 0x00, 0x00, 0x00, 0x00, 0x00, 0x00, 0x00, 0x00,
    0x00, 0x00, 0x00, 0x00, 0x00, 0x00, 0x00, 0x00, 0x00, 0x00, 0x00, 0x00,
    0x00, 0x00, 0x00, 0x00, 0x00, 0x00, 0x00, 0x00, 0x00, 0x00, 0x00, 0x00,
    0x00, 0x00, 0x00, 0x00, 0x00, 0x00, 0x00, 0x00, 0x00, 0x00, 0x00, 0x00,
    0x00, 0x00, 0x00, 0x00, 0x00, 0x00, 0x00, 0x00, 0x00, 0x00, 0x00, 0x00,
    0x00, 0x00, 0x00, 0x00, 0x00, 0x00, 0x00, 0x00, 0x00, 0x00, 0x00, 0x00,
    0x00, 0x00, 0x00, 0x00, 0x00, 0x00, 0x00, 0x00, 0x00, 0x00, 0x00, 0x00,
    0x00, 0x00, 0x00, 0x00, 0x00, 0x00, 0x00, 0x00, 0x00, 0x00, 0x00, 0x00,
    0x00, 0x00, 0x00, 0x00, 0x00, 0x00, 0x00, 0x00, 0x00, 0x00, 0x00, 0x00,
    0x00, 0x00, 0x00, 0x00, 0x00, 0x00, 0x00, 0x00, 0x00, 0x00, 0x00, 0x00,
    0x00, 0x00, 0x00, 0x00, 0x00, 0x00, 0x00, 0x00, 0x00, 0x00, 0x00, 0x00,
    0x00, 0x00, 0x00, 0x00, 0x00, 0x00, 0x00, 0x00, 0x00, 0x00, 0x00, 0x00,
    0x00, 0x00, 0x00, 0x00, 0x00, 0x00, 0x00, 0x00, 0x00, 0x00, 0x00, 0x00,
    0x00, 0x00, 0x00, 0x00, 0x00, 0x00, 0x00, 0x00, 0x00, 0x00, 0x00, 0x00,
    0x00, 0x00, 0x00, 0x00, 0x00, 0x00, 0x00, 0x00, 0x00, 0x00, 0x00, 0x00,
    0x00, 0x00, 0x00, 0x00, 0x00, 0x00, 0x00, 0x00, 0x00, 0x00, 0x00, 0x00,
    0x00, 0x00, 0x00, 0x00, 0x00, 0x00, 0x00, 0x00, 0x00, 0x00, 0x00, 0x00,
    0x12, 0x8a, 0x8b, 0x69, 0x8b, 0x8c, 0x9b, 0x69, 0x9c, 0x9c, 0x9b, 0x9c,
    0x9c, 0x9c, 0xaf, 0xaf, 0xaf, 0x9b, 0xaf, 0x9b, 0x69, 0x9b, 0xaf, 0xaf,
    0xaf, 0xaf, 0xaf, 0xaf, 0xaf, 0x9b, 0x9b, 0x8b, 0x8b, 0x8b, 0x8b, 0x9c,
    0x8b, 0x9f, 0x8b, 0x9b, 0x93, 0x93, 0x93, 0x8b, 0x8c, 0x93, 0x69, 0x69,
    0x9b, 0x69, 0xa9, 0xa9, 0xa9, 0xa9, 0xa9, 0xa9, 0xa9, 0xa9, 0xa9, 0x69,
    0x68, 0x68, 0xcc, 0x64, 0x65, 0x8a, 0x85, 0x00, 0x00, 0x00, 0x00, 0x00,
    0x00, 0x00, 0x00, 0x00, 0x00, 0x00, 0x00, 0x00, 0x00, 0x00, 0x00, 0x00,
    0x00, 0x00, 0x00, 0x00, 0x00, 0x00, 0x00, 0x00, 0x00, 0x00, 0x00, 0x00,
    0x00, 0x00, 0x00, 0x00, 0x00, 0x00, 0x00, 0x00, 0x00, 0x00, 0x00, 0x00,
    0x00, 0x00, 0x00, 0x00, 0x00, 0x00, 0x00, 0x00, 0x00, 0x00, 0x00, 0x00,
    0x00, 0x00, 0x00, 0x00, 0x00, 0x00, 0x00, 0x00, 0x00, 0x00, 0x00, 0x00,
    0x00, 0x00, 0x00, 0x00, 0x00, 0x00, 0x00, 0x00, 0x00, 0x00, 0x00, 0x00,
    0x00, 0x00, 0x00, 0x00, 0x00, 0x00, 0x00, 0x00, 0x00, 0x00, 0x00, 0x00,
    0x00, 0x00, 0x00, 0x00, 0x00, 0x00, 0x00, 0x00, 0x00, 0x00, 0x00, 0x00,
    0x00, 0x00, 0x00, 0x00, 0x00, 0x00, 0x00, 0x00, 0x00, 0x00, 0x00, 0x00,
    0x00, 0x00, 0x00, 0x00, 0x00, 0x00, 0x00, 0x00, 0x00, 0x00, 0x00, 0x00,
    0x00, 0x00, 0x00, 0x00, 0x00, 0x00, 0x00, 0x00, 0x00, 0x00, 0x00, 0x00,
    0x00, 0x00, 0x00, 0x00, 0x00, 0x00, 0x00, 0x00, 0x00, 0x00, 0x00, 0x00,
    0x00, 0x00, 0x00, 0x00, 0x00, 0x00, 0x00, 0x00, 0x00, 0x00, 0x00, 0x00,
    0x00, 0x00, 0x00, 0x00, 0x00, 0x00, 0x00, 0x00, 0x00, 0x00, 0x00, 0x00,
    0x00, 0x00, 0x00, 0x00, 0x00, 0x00, 0x00, 0x00, 0x00, 0x00, 0x00, 0x00,
    0x00, 0x00, 0x00, 0x00, 0x00, 0x00, 0x00, 0x00, 0x00, 0x00, 0x00, 0x00,
    0x00, 0x00, 0x00, 0x00, 0x00, 0x00, 0x00, 0x00, 0x00, 0x00, 0x00, 0x00,
    0x00, 0x00, 0x00, 0x00, 0x00, 0x00, 0x00, 0x00, 0x00, 0x00, 0x00, 0x00,
    0x00, 0x00, 0x00, 0x00, 0x00, 0x00, 0x00, 0x00, 0x00, 0x00, 0x00, 0x00,
    0x00, 0x85, 0x8a, 0x93, 0x9b, 0x9f, 0x8c, 0x8b, 0x93, 0x8b, 0x9c, 0x9c,
    0x93, 0x9c, 0x9c, 0x9c, 0x9c, 0x69, 0x9c, 0x9b, 0x69, 0x9b, 0x9b, 0x69,
    0x9c, 0x9b, 0x9b, 0x9b, 0x9c, 0x9c, 0x9b, 0x93, 0x9c, 0x8b, 0x63, 0x8b,
    0xa9, 0x8b, 0x9f, 0x8b, 0x9c, 0x8b, 0x9c, 0x69, 0x93, 0x8b, 0x9b, 0xa9,
    0xa9, 0xa9, 0xa9, 0xa9, 0xa9, 0xa9, 0xa9, 0xa9, 0xa9, 0xa9, 0xa9, 0x69,
    0x68, 0xa2, 0x61, 0x68, 0x8a, 0x85, 0x00, 0x00, 0x00, 0x00, 0x00, 0x00,
    0x00, 0x00, 0x00, 0x00, 0x00, 0x00, 0x00, 0x00, 0x00, 0x00, 0x00, 0x00,
    0x00, 0x00, 0x00, 0x00, 0x00, 0x00, 0x00, 0x00, 0x00, 0x00, 0x00, 0x00,
    0x00, 0x00, 0x00, 0x00, 0x00, 0x00, 0x00, 0x00, 0x00, 0x00, 0x00, 0x00,
    0x00, 0x00, 0x00, 0x00, 0x00, 0x00, 0x00, 0x00, 0x00, 0x00, 0x00, 0x00,
    0x00, 0x00, 0x00, 0x00, 0x00, 0x00, 0x00, 0x00, 0x00, 0x00, 0x00, 0x00,
    0x00, 0x00, 0x00, 0x00, 0x00, 0x00, 0x00, 0x00, 0x00, 0x00, 0x00, 0x00,
    0x00, 0x00, 0x00, 0x00, 0x00, 0x00, 0x00, 0x00, 0x00, 0x00, 0x00, 0x00,
    0x00, 0x00, 0x00, 0x00, 0x00, 0x00, 0x00, 0x00, 0x00, 0x00, 0x00, 0x00,
    0x00, 0x00, 0x00, 0x00, 0x00, 0x00, 0x00, 0x00, 0x00, 0x00, 0x00, 0x00,
    0x00, 0x00, 0x00, 0x00, 0x00, 0x00, 0x00, 0x00, 0x00, 0x00, 0x00, 0x00,
    0x00, 0x00, 0x00, 0x00, 0x00, 0x00, 0x00, 0x00, 0x00, 0x00, 0x00, 0x00,
    0x00, 0x00, 0x00, 0x00, 0x00, 0x00, 0x00, 0x00, 0x00, 0x00, 0x00, 0x00,
    0x00, 0x00, 0x00, 0x00, 0x00, 0x00, 0x00, 0x00, 0x00, 0x00, 0x00, 0x00,
    0x00, 0x00, 0x00, 0x00, 0x00, 0x00, 0x00, 0x00, 0x00, 0x00, 0x00, 0x00,
    0x00, 0x00, 0x00, 0x00, 0x00, 0x00, 0x00, 0x00, 0x00, 0x00, 0x00, 0x00,
    0x00, 0x00, 0x00, 0x00, 0x00, 0x00, 0x00, 0x00, 0x00, 0x00, 0x00, 0x00,
    0x00, 0x00, 0x00, 0x00, 0x00, 0x00, 0x00, 0x00, 0x00, 0x00, 0x00, 0x00,
    0x00, 0x00, 0x00, 0x00, 0x00, 0x00, 0x00, 0x00, 0x00, 0x00, 0x00, 0x00,
    0x00, 0x00, 0x00, 0x00, 0x00, 0x00, 0x00, 0x00, 0x00, 0x00, 0x00, 0x00,
    0x00, 0x00, 0x08, 0x8a, 0x8b, 0x93, 0x9f, 0x8c, 0x8c, 0x8c, 0x8b, 0xaf,
    0x8b, 0x8b, 0x9c, 0x9c, 0x93, 0x69, 0x9c, 0x9c, 0x69, 0x9b, 0x9b, 0x9b,
    0x9c, 0x9c, 0x9c, 0x9c, 0x93, 0x63, 0x8b, 0x8b, 0x8b, 0x93, 0xc8, 0xc8,
    0x9c, 0x69, 0x8b, 0xc8, 0x8b, 0x93, 0x93, 0xa9, 0xa9, 0x9b, 0x9b, 0x69,
    0xa9, 0xa9, 0xa9, 0xa9, 0xa9, 0xa9, 0xa9, 0xa9, 0xb4, 0xa9, 0x69, 0x68,
    0x66, 0xcd, 0x64, 0x8a, 0x85, 0x00, 0x00, 0x00, 0x00, 0x00, 0x00, 0x00,
    0x00, 0x00, 0x00, 0x00, 0x00, 0x00, 0x00, 0x00, 0x00, 0x00, 0x00, 0x00,
    0x00, 0x00, 0x00, 0x00, 0x00, 0x00, 0x00, 0x00, 0x00, 0x00, 0x00, 0x00,
    0x00, 0x00, 0x00, 0x00, 0x00, 0x00, 0x00, 0x00, 0x00, 0x00, 0x00, 0x00,
    0x00, 0x00, 0x00, 0x00, 0x00, 0x00, 0x00, 0x00, 0x00, 0x00, 0x00, 0x00,
    0x00, 0x00, 0x00, 0x00, 0x00, 0x00, 0x00, 0x00, 0x00, 0x00, 0x00, 0x00,
    0x00, 0x00, 0x00, 0x00, 0x00, 0x00, 0x00, 0x00, 0x00, 0x00, 0x00, 0x00,
    0x00, 0x00, 0x00, 0x00, 0x00, 0x00, 0x00, 0x00, 0x00, 0x00, 0x00, 0x00,
    0x00, 0x00, 0x00, 0x00, 0x00, 0x00, 0x00, 0x00, 0x00, 0x00, 0x00, 0x00,
    0x00, 0x00, 0x00, 0x00, 0x00, 0x00, 0x00, 0x00, 0x00, 0x00, 0x00, 0x00,
    0x00, 0x00, 0x00, 0x00, 0x00, 0x00, 0x00, 0x00, 0x00, 0x00, 0x00, 0x00,
    0x00, 0x00, 0x00, 0x00, 0x00, 0x00, 0x00, 0x00, 0x00, 0x00, 0x00, 0x00,
    0x00, 0x00, 0x00, 0x00, 0x00, 0x00, 0x00, 0x00, 0x00, 0x00, 0x00, 0x00,
    0x00, 0x00, 0x00, 0x00, 0x00, 0x00, 0x00, 0x00, 0x00, 0x00, 0x00, 0x00,
    0x00, 0x00, 0x00, 0x00, 0x00, 0x00, 0x00, 0x00, 0x00, 0x00, 0x00, 0x00,
    0x00, 0x00, 0x00, 0x00, 0x00, 0x00, 0x00, 0x00, 0x00, 0x00, 0x00, 0x00,
    0x00, 0x00, 0x00, 0x00, 0x00, 0x00, 0x00, 0x00, 0x00, 0x00, 0x00, 0x00,
    0x00, 0x00, 0x00, 0x00, 0x00, 0x00, 0x00, 0x00, 0x00, 0x00, 0x00, 0x00,
    0x00, 0x00, 0x00, 0x00, 0x00, 0x00, 0x00, 0x00, 0x00, 0x00, 0x00, 0x00,
    0x00, 0x00, 0x00, 0x00, 0x00, 0x00, 0x00, 0x00, 0x00, 0x00, 0x00, 0x00,
    0x00, 0x00, 0x0c, 0x86, 0x9f, 0x8d, 0x9f, 0x8c, 0x9f, 0x8d, 0x8c, 0x8b,
    0x8c, 0x8c, 0x8b, 0x9c, 0xc8, 0x9c, 0x93, 0x8b, 0x69, 0x9c, 0x9c, 0x9c,
    0x93, 0xc8, 0x8b, 0x8b, 0x9c, 0x9f, 0x58, 0x9f, 0x8d, 0x8b, 0x63, 0xc8,
    0x8b, 0x9b, 0x8b, 0x8b, 0x8b, 0x93, 0x9c, 0x9c, 0xa9, 0xb4, 0xa9, 0xa9,
    0xa9, 0xa9, 0xa9, 0xa9, 0xa9, 0xa9, 0xa9, 0xa9, 0xa9, 0xa9, 0x69, 0x67,
    0xca, 0x66, 0x67, 0x86, 0x00, 0x00, 0x00, 0x00, 0x00, 0x00, 0x00, 0x00,
    0x00, 0x00, 0x00, 0x00, 0x00, 0x00, 0x00, 0x00, 0x00, 0x00, 0x00, 0x00,
    0x00, 0x00, 0x00, 0x00, 0x00, 0x00, 0x00, 0x00, 0x00, 0x00, 0x00, 0x00,
    0x00, 0x00, 0x00, 0x00, 0x00, 0x00, 0x00, 0x00, 0x00, 0x00, 0x00, 0x00,
    0x00, 0x00, 0x00, 0x00, 0x00, 0x00, 0x00, 0x00, 0x00, 0x00, 0x00, 0x00,
    0x00, 0x00, 0x00, 0x00, 0x00, 0x00, 0x00, 0x00, 0x00, 0x00, 0x00, 0x00,
    0x00, 0x00, 0x00, 0x00, 0x00, 0x00, 0x00, 0x00, 0x00, 0x00, 0x00, 0x00,
    0x00, 0x00, 0x00, 0x00, 0x00, 0x00, 0x00, 0x00, 0x00, 0x00, 0x00, 0x00,
    0x00, 0x00, 0x00, 0x00, 0x00, 0x00, 0x00, 0x00, 0x00, 0x00, 0x00, 0x00,
    0x00, 0x00, 0x00, 0x00, 0x00, 0x00, 0x00, 0x00, 0x00, 0x00, 0x00, 0x00,
    0x00, 0x00, 0x00, 0x00, 0x00, 0x00, 0x00, 0x00, 0x00, 0x00, 0x00, 0x00,
    0x00, 0x00, 0x00, 0x00, 0x00, 0x00, 0x00, 0x00, 0x00, 0x00, 0x00, 0x00,
    0x00, 0x00, 0x00, 0x00, 0x00, 0x00, 0x00, 0x00, 0x00, 0x00, 0x00, 0x00,
    0x00, 0x00, 0x00, 0x00, 0x00, 0x00, 0x00, 0x00, 0x00, 0x00, 0x00, 0x00,
    0x00, 0x00, 0x00, 0x00, 0x00, 0x00, 0x00, 0x00, 0x00, 0x00, 0x00, 0x00,
    0x00, 0x00, 0x00, 0x00, 0x00, 0x00, 0x00, 0x00, 0x00, 0x00, 0x00, 0x00,
    0x00, 0x00, 0x00, 0x00, 0x00, 0x00, 0x00, 0x00, 0x00, 0x00, 0x00, 0x00,
    0x00, 0x00, 0x00, 0x00, 0x00, 0x00, 0x00, 0x00, 0x00, 0x00, 0x00, 0x00,
    0x00, 0x00, 0x00, 0x00, 0x00, 0x00, 0x00, 0x00, 0x00, 0x00, 0x00, 0x00,
    0x00, 0x00, 0x00, 0x00, 0x00, 0x00, 0x00, 0x00, 0x00, 0x00, 0x00, 0x00,
    0x00, 0x00, 0x00, 0x0c, 0x03, 0xc1, 0x58, 0x58, 0x9f, 0x56, 0x9f, 0x8c,
    0x9f, 0x9f, 0x9f, 0x93, 0x9f, 0x8b, 0x8b, 0x63, 0x9c, 0x93, 0x8b, 0x8b,
    0x8b, 0x8d, 0x9f, 0x9f, 0x8b, 0x9c, 0x56, 0x56, 0x8d, 0x8d, 0x63, 0x63,
    0x8b, 0x9b, 0x9b, 0x8b, 0x93, 0x9c, 0x9c, 0x9b, 0x9b, 0xa9, 0xb4, 0xb4,
    0xa9, 0xa9, 0xa9, 0xa9, 0xa9, 0xa9, 0xa9, 0xa9, 0xa9, 0x69, 0x67, 0xc9,
    0xa2, 0x66, 0x88, 0x0c, 0x00, 0x00, 0x00, 0x00, 0x00, 0x00, 0x00, 0x00,
    0x00, 0x00, 0x00, 0x00, 0x00, 0x00, 0x00, 0x00, 0x00, 0x00, 0x00, 0x00,
    0x00, 0x00, 0x00, 0x00, 0x00, 0x00, 0x00, 0x00, 0x00, 0x00, 0x00, 0x00,
    0x00, 0x00, 0x00, 0x00, 0x00, 0x00, 0x00, 0x00, 0x00, 0x00, 0x00, 0x00,
    0x00, 0x00, 0x00, 0x00, 0x00, 0x00, 0x00, 0x00, 0x00, 0x00, 0x00, 0x00,
    0x00, 0x00, 0x00, 0x00, 0x00, 0x00, 0x00, 0x00, 0x00, 0x00, 0x00, 0x00,
    0x00, 0x00, 0x00, 0x00, 0x00, 0x00, 0x00, 0x00, 0x00, 0x00, 0x00, 0x00,
    0x00, 0x00, 0x00, 0x00, 0x00, 0x00, 0x00, 0x00, 0x00, 0x00, 0x00, 0x00,
    0x00, 0x00, 0x00, 0x00, 0x00, 0x00, 0x00, 0x00, 0x00, 0x00, 0x00, 0x00,
    0x00, 0x00, 0x00, 0x00, 0x00, 0x00, 0x00, 0x00, 0x00, 0x00, 0x00, 0x00,
    0x00, 0x00, 0x00, 0x00, 0x00, 0x00, 0x00, 0x00, 0x00, 0x00, 0x00, 0x00,
    0x00, 0x00, 0x00, 0x00, 0x00, 0x00, 0x00, 0x00, 0x00, 0x00, 0x00, 0x00,
    0x00, 0x00, 0x00, 0x00, 0x00, 0x00, 0x00, 0x00, 0x00, 0x00, 0x00, 0x00,
    0x00, 0x00, 0x00, 0x00, 0x00, 0x00, 0x00, 0x00, 0x00, 0x00, 0x00, 0x00,
    0x00, 0x00, 0x00, 0x00, 0x00, 0x00, 0x00, 0x00, 0x00, 0x00, 0x00, 0x00,
    0x00, 0x00, 0x00, 0x00, 0x00, 0x00, 0x00, 0x00, 0x00, 0x00, 0x00, 0x00,
    0x00, 0x00, 0x00, 0x00, 0x00, 0x00, 0x00, 0x00, 0x00, 0x00, 0x00, 0x00,
    0x00, 0x00, 0x00, 0x00, 0x00, 0x00, 0x00, 0x00, 0x00, 0x00, 0x00, 0x00,
    0x00, 0x00, 0x00, 0x00, 0x00, 0x00, 0x00, 0x00, 0x00, 0x00, 0x00, 0x00,
    0x00, 0x00, 0x00, 0x00, 0x00, 0x00, 0x00, 0x00, 0x00, 0x00, 0x00, 0x00,
    0x00, 0x00, 0x00, 0x00, 0x0c, 0x02, 0x0d, 0x58, 0x56, 0x58, 0x56, 0x8d,
    0x8d, 0x8d, 0x58, 0x8c, 0x9f, 0x9f, 0x8b, 0x9f, 0x63, 0x9c, 0x9f, 0x8b,
    0x9f, 0x9f, 0x56, 0x9f, 0x8d, 0xa9, 0xc8, 0x56, 0x8d, 0x9f, 0x9f, 0x8b,
    0x8b, 0x9b, 0xa9, 0xa9, 0x9b, 0x69, 0x69, 0x9b, 0x9b, 0x9b, 0xa9, 0xa9,
    0xa9, 0xb4, 0xa9, 0xa9, 0xa9, 0xa9, 0xa9, 0xa9, 0xa9, 0x67, 0x61, 0x66,
    0x68, 0x89, 0x01, 0x00, 0x00, 0x00, 0x00, 0x00, 0x00, 0x00, 0x00, 0x00,
    0x00, 0x00, 0x00, 0x00, 0x00, 0x00, 0x00, 0x00, 0x00, 0x00, 0x00, 0x00,
    0x00, 0x00, 0x00, 0x00, 0x00, 0x00, 0x00, 0x00, 0x00, 0x00, 0x00, 0x00,
    0x00, 0x00, 0x00, 0x00, 0x00, 0x00, 0x00, 0x00, 0x00, 0x00, 0x00, 0x00,
    0x00, 0x00, 0x00, 0x00, 0x00, 0x00, 0x00, 0x00, 0x00, 0x00, 0x00, 0x00,
    0x00, 0x00, 0x00, 0x00, 0x00, 0x00, 0x00, 0x00, 0x00, 0x00, 0x00, 0x00,
    0x00, 0x00, 0x00, 0x00, 0x00, 0x00, 0x00, 0x00, 0x00, 0x00, 0x00, 0x00,
    0x00, 0x00, 0x00, 0x00, 0x00, 0x00, 0x00, 0x00, 0x00, 0x00, 0x00, 0x00,
    0x00, 0x00, 0x00, 0x00, 0x00, 0x00, 0x00, 0x00, 0x00, 0x00, 0x00, 0x00,
    0x00, 0x00, 0x00, 0x00, 0x00, 0x00, 0x00, 0x00, 0x00, 0x00, 0x00, 0x00,
    0x00, 0x00, 0x00, 0x00, 0x00, 0x00, 0x00, 0x00, 0x00, 0x00, 0x00, 0x00,
    0x00, 0x00, 0x00, 0x00, 0x00, 0x00, 0x00, 0x00, 0x00, 0x00, 0x00, 0x00,
    0x00, 0x00, 0x00, 0x00, 0x00, 0x00, 0x00, 0x00, 0x00, 0x00, 0x00, 0x00,
    0x00, 0x00, 0x00, 0x00, 0x00, 0x00, 0x00, 0x00, 0x00, 0x00, 0x00, 0x00,
    0x00, 0x00, 0x00, 0x00, 0x00, 0x00, 0x00, 0x00, 0x00, 0x00, 0x00, 0x00,
    0x00, 0x00, 0x00, 0x00, 0x00, 0x00, 0x00, 0x00, 0x00, 0x00, 0x00, 0x00,
    0x00, 0x00, 0x00, 0x00, 0x00, 0x00, 0x00, 0x00, 0x00, 0x00, 0x00, 0x00,
    0x00, 0x00, 0x00, 0x00, 0x00, 0x00, 0x00, 0x00, 0x00, 0x00, 0x00, 0x00,
    0x00, 0x00, 0x00, 0x00, 0x00, 0x00, 0x00, 0x00, 0x00, 0x00, 0x00, 0x00,
    0x00, 0x00, 0x00, 0x00, 0x00, 0x00, 0x00, 0x00, 0x00, 0x00, 0x00, 0x00,
    0x00, 0x00, 0x00, 0x00, 0x00, 0x00, 0x01, 0x86, 0xc1, 0x58, 0x58, 0x56,
    0x8e, 0x58, 0x58, 0x8d, 0x9f, 0x58, 0x9f, 0x8d, 0x58, 0x8b, 0x8b, 0x63,
    0x9f, 0x58, 0x58, 0x8d, 0x8d, 0x8b, 0xa9, 0x58, 0x8d, 0x63, 0x8b, 0x8b,
    0x93, 0x9c, 0x69, 0xa9, 0xa9, 0xa9, 0xa9, 0x69, 0x69, 0x69, 0x69, 0x69,
    0xa9, 0xa9, 0xa9, 0xa9, 0xa9, 0xa9, 0xa9, 0x68, 0x67, 0x64, 0x64, 0x64,
    0x8a, 0x14, 0x00, 0x00, 0x00, 0x00, 0x00, 0x00, 0x00, 0x00, 0x00, 0x00,
    0x00, 0x00, 0x00, 0x00, 0x00, 0x00, 0x00, 0x00, 0x00, 0x00, 0x00, 0x00,
    0x00, 0x00, 0x00, 0x00, 0x00, 0x00, 0x00, 0x00, 0x00, 0x00, 0x00, 0x00,
    0x00, 0x00, 0x00, 0x00, 0x00, 0x00, 0x00, 0x00, 0x00, 0x00, 0x00, 0x00,
    0x00, 0x00, 0x00, 0x00, 0x00, 0x00, 0x00, 0x00, 0x00, 0x00, 0x00, 0x00,
    0x00, 0x00, 0x00, 0x00, 0x00, 0x00, 0x00, 0x00, 0x00, 0x00, 0x00, 0x00,
    0x00, 0x00, 0x00, 0x00, 0x00, 0x00, 0x00, 0x00, 0x00, 0x00, 0x00, 0x00,
    0x00, 0x00, 0x00, 0x00, 0x00, 0x00, 0x00, 0x00, 0x00, 0x00, 0x00, 0x00,
    0x00, 0x00, 0x00, 0x00, 0x00, 0x00, 0x00, 0x00, 0x00, 0x00, 0x00, 0x00,
    0x00, 0x00, 0x00, 0x00, 0x00, 0x00, 0x00, 0x00, 0x00, 0x00, 0x00, 0x00,
    0x00, 0x00, 0x00, 0x00, 0x00, 0x00, 0x00, 0x00, 0x00, 0x00, 0x00, 0x00,
    0x00, 0x00, 0x00, 0x00, 0x00, 0x00, 0x00, 0x00, 0x00, 0x00, 0x00, 0x00,
    0x00, 0x00, 0x00, 0x00, 0x00, 0x00, 0x00, 0x00, 0x00, 0x00, 0x00, 0x00,
    0x00, 0x00, 0x00, 0x00, 0x00, 0x00, 0x00, 0x00, 0x00, 0x00, 0x00, 0x00,
    0x00, 0x00, 0x00, 0x00, 0x00, 0x00, 0x00, 0x00, 0x00, 0x00, 0x00, 0x00,
    0x00, 0x00, 0x00, 0x00, 0x00, 0x00, 0x00, 0x00, 0x00, 0x00, 0x00, 0x00,
    0x00, 0x00, 0x00, 0x00, 0x00, 0x00, 0x00, 0x00, 0x00, 0x00, 0x00, 0x00,
    0x00, 0x00, 0x00, 0x00, 0x00, 0x00, 0x00, 0x00, 0x00, 0x00, 0x00, 0x00,
    0x00, 0x00, 0x00, 0x00, 0x00, 0x00, 0x00, 0x00, 0x00, 0x00, 0x00, 0x00,
    0x00, 0x00, 0x00, 0x00, 0x00, 0x00, 0x00, 0x00, 0x00, 0x00, 0x00, 0x00,
    0x00, 0x00, 0x00, 0x00, 0x00, 0x00, 0x00, 0x00, 0x07, 0x0d, 0x8d, 0x56,
    0x8e, 0x8e, 0x58, 0x58, 0x9f, 0x58, 0x8d, 0x58, 0x56, 0x58, 0x8b, 0x9f,
    0x9c, 0x58, 0x58, 0x58, 0xc8, 0x8d, 0x9c, 0x9c, 0x8d, 0xc8, 0x8b, 0x93,
    0x9c, 0x9c, 0x9b, 0x69, 0xa9, 0xa9, 0xb4, 0xb4, 0xa9, 0xa9, 0xa9, 0xa9,
    0x69, 0xa9, 0xa9, 0xa9, 0xa9, 0xa9, 0xc9, 0x32, 0x64, 0x66, 0x64, 0x88,
    0x14, 0x00, 0x00, 0x00, 0x00, 0x00, 0x00, 0x00, 0x00, 0x00, 0x00, 0x00,
    0x00, 0x00, 0x00, 0x00, 0x00, 0x00, 0x00, 0x00, 0x00, 0x00, 0x00, 0x00,
    0x00, 0x00, 0x00, 0x00, 0x00, 0x00, 0x00, 0x00, 0x00, 0x00, 0x00, 0x00,
    0x00, 0x00, 0x00, 0x00, 0x00, 0x00, 0x00, 0x00, 0x00, 0x00, 0x00, 0x00,
    0x00, 0x00, 0x00, 0x00, 0x00, 0x00, 0x00, 0x00, 0x00, 0x00, 0x00, 0x00,
    0x00, 0x00, 0x00, 0x00, 0x00, 0x00, 0x00, 0x00, 0x00, 0x00, 0x00, 0x00,
    0x00, 0x00, 0x00, 0x00, 0x00, 0x00, 0x00, 0x00, 0x00, 0x00, 0x00, 0x00,
    0x00, 0x00, 0x00, 0x00, 0x00, 0x00, 0x00, 0x00, 0x00, 0x00, 0x00, 0x00,
    0x00, 0x00, 0x00, 0x00, 0x00, 0x00, 0x00, 0x00, 0x00, 0x00, 0x00, 0x00,
    0x00, 0x00, 0x00, 0x00, 0x00, 0x00, 0x00, 0x00, 0x00, 0x00, 0x00, 0x00,
    0x00, 0x00, 0x00, 0x00, 0x00, 0x00, 0x00, 0x00, 0x00, 0x00, 0x00, 0x00,
    0x00, 0x00, 0x00, 0x00, 0x00, 0x00, 0x00, 0x00, 0x00, 0x00, 0x00, 0x00,
    0x00, 0x00, 0x00, 0x00, 0x00, 0x00, 0x00, 0x00, 0x00, 0x00, 0x00, 0x00,
    0x00, 0x00, 0x00, 0x00, 0x00, 0x00, 0x00, 0x00, 0x00, 0x00, 0x00, 0x00,
    0x00, 0x00, 0x00, 0x00, 0x00, 0x00, 0x00, 0x00, 0x00, 0x00, 0x00, 0x00,
    0x00, 0x00, 0x00, 0x00, 0x00, 0x00, 0x00, 0x00, 0x00, 0x00, 0x00, 0x00,
    0x00, 0x00, 0x00, 0x00, 0x00, 0x00, 0x00, 0x00, 0x00, 0x00, 0x00, 0x00,
    0x00, 0x00, 0x00, 0x00, 0x00, 0x00, 0x00, 0x00, 0x00, 0x00, 0x00, 0x00,
    0x00, 0x00, 0x00, 0x00, 0x00, 0x00, 0x00, 0x00, 0x00, 0x00, 0x00, 0x00,
    0x00, 0x00, 0x00, 0x00, 0x00, 0x00, 0x00, 0x00, 0x00, 0x00, 0x00, 0x00,
    0x00, 0x00, 0x00, 0x00, 0x00, 0x00, 0x00, 0x00, 0x00, 0x14, 0x08, 0xc1,
    0x8d, 0x56, 0x58, 0x8d, 0x8d, 0x9f, 0x56, 0x58, 0x58, 0x56, 0x9f, 0x63,
    0x9c, 0xc8, 0x56, 0x58, 0x9f, 0x8c, 0x9f, 0x69, 0x93, 0x8b, 0x8b, 0x8b,
    0x9c, 0x69, 0x69, 0x69, 0x69, 0xa9, 0xa9, 0xa9, 0xa9, 0xa9, 0xa9, 0xa9,
    0xa9, 0xa9, 0xa9, 0xa9, 0x69, 0xa9, 0xc3, 0xc3, 0x67, 0x89, 0x07, 0x00,
    0x00, 0x00, 0x00, 0x00, 0x00, 0x00, 0x00, 0x00, 0x00, 0x00, 0x00, 0x00,
    0x00, 0x00, 0x00, 0x00, 0x00, 0x00, 0x00, 0x00, 0x00, 0x00, 0x00, 0x00,
    0x00, 0x00, 0x00, 0x00, 0x00, 0x00, 0x00, 0x00, 0x00, 0x00, 0x00, 0x00,
    0x00, 0x00, 0x00, 0x00, 0x00, 0x00, 0x00, 0x00, 0x00, 0x00, 0x00, 0x00,
    0x00, 0x00, 0x00, 0x00, 0x00, 0x00, 0x00, 0x00, 0x00, 0x00, 0x00, 0x00,
    0x00, 0x00, 0x00, 0x00, 0x00, 0x00, 0x00, 0x00, 0x00, 0x00, 0x00, 0x00,
    0x00, 0x00, 0x00, 0x00, 0x00, 0x00, 0x00, 0x00, 0x00, 0x00, 0x00, 0x00,
    0x00, 0x00, 0x00, 0x00, 0x00, 0x00, 0x00, 0x00, 0x00, 0x00, 0x00, 0x00,
    0x00, 0x00, 0x00, 0x00, 0x00, 0x00, 0x00, 0x00, 0x00, 0x00, 0x00, 0x00,
    0x00, 0x00, 0x00, 0x00, 0x00, 0x00, 0x00, 0x00, 0x00, 0x00, 0x00, 0x00,
    0x00, 0x00, 0x00, 0x00, 0x00, 0x00, 0x00, 0x00, 0x00, 0x00, 0x00, 0x00,
    0x00, 0x00, 0x00, 0x00, 0x00, 0x00, 0x00, 0x00, 0x00, 0x00, 0x00, 0x00,
    0x00, 0x00, 0x00, 0x00, 0x00, 0x00, 0x00, 0x00, 0x00, 0x00, 0x00, 0x00,
    0x00, 0x00, 0x00, 0x00, 0x00, 0x00, 0x00, 0x00, 0x00, 0x00, 0x00, 0x00,
    0x00, 0x00, 0x00, 0x00, 0x00, 0x00, 0x00, 0x00, 0x00, 0x00, 0x00, 0x00,
    0x00, 0x00, 0x00, 0x00, 0x00, 0x00, 0x00, 0x00, 0x00, 0x00, 0x00, 0x00,
    0x00, 0x00, 0x00, 0x00, 0x00, 0x00, 0x00, 0x00, 0x00, 0x00, 0x00, 0x00,
    0x00, 0x00, 0x00, 0x00, 0x00, 0x00, 0x00, 0x00, 0x00, 0x00, 0x00, 0x00,
    0x00, 0x00, 0x00, 0x00, 0x00, 0x00, 0x00, 0x00, 0x00, 0x00, 0x00, 0x00,
    0x00, 0x00, 0x00, 0x00, 0x00, 0x00, 0x00, 0x00, 0x00, 0x00, 0x00, 0x00,
    0x00, 0x00, 0x00, 0x00, 0x00, 0x00, 0x00, 0x00, 0x00, 0x00, 0x00, 0x07,
    0x0d, 0x8d, 0x56, 0x8d, 0x8d, 0x8d, 0x56, 0x56, 0x8d, 0x58, 0x8d, 0x9c,
    0x9c, 0x9c, 0x8d, 0x8d, 0x9f, 0x8b, 0x8b, 0x9c, 0xa9, 0x9b, 0x9b, 0x9b,
    0x9c, 0x69, 0x69, 0x69, 0x69, 0x69, 0x69, 0xa9, 0xb4, 0xa9, 0xa9, 0xa9,
    0xa9, 0xa9, 0xa9, 0xa9, 0x69, 0x93, 0xcd, 0x64, 0x86, 0x0c, 0x00, 0x00,
    0x00, 0x00, 0x00, 0x00, 0x00, 0x00, 0x00, 0x00, 0x00, 0x00, 0x00, 0x00,
    0x00, 0x00, 0x00, 0x00, 0x00, 0x00, 0x00, 0x00, 0x00, 0x00, 0x00, 0x00,
    0x00, 0x00, 0x00, 0x00, 0x00, 0x00, 0x00, 0x00, 0x00, 0x00, 0x00, 0x00,
    0x00, 0x00, 0x00, 0x00, 0x00, 0x00, 0x00, 0x00, 0x00, 0x00, 0x00, 0x00,
    0x00, 0x00, 0x00, 0x00, 0x00, 0x00, 0x00, 0x00, 0x00, 0x00, 0x00, 0x00,
    0x00, 0x00, 0x00, 0x00, 0x00, 0x00, 0x00, 0x00, 0x00, 0x00, 0x00, 0x00,
    0x00, 0x00, 0x00, 0x00, 0x00, 0x00, 0x00, 0x00, 0x00, 0x00, 0x00, 0x00,
    0x00, 0x00, 0x00, 0x00, 0x00, 0x00, 0x00, 0x00, 0x00, 0x00, 0x00, 0x00,
    0x00, 0x00, 0x00, 0x00, 0x00, 0x00, 0x00, 0x00, 0x00, 0x00, 0x00, 0x00,
    0x00, 0x00, 0x00, 0x00, 0x00, 0x00, 0x00, 0x00, 0x00, 0x00, 0x00, 0x00,
    0x00, 0x00, 0x00, 0x00, 0x00, 0x00, 0x00, 0x00, 0x00, 0x00, 0x00, 0x00,
    0x00, 0x00, 0x00, 0x00, 0x00, 0x00, 0x00, 0x00, 0x00, 0x00, 0x00, 0x00,
    0x00, 0x00, 0x00, 0x00, 0x00, 0x00, 0x00, 0x00, 0x00, 0x00, 0x00, 0x00,
    0x00, 0x00, 0x00, 0x00, 0x00, 0x00, 0x00, 0x00, 0x00, 0x00, 0x00, 0x00,
    0x00, 0x00, 0x00, 0x00, 0x00, 0x00, 0x00, 0x00, 0x00, 0x00, 0x00, 0x00,
    0x00, 0x00, 0x00, 0x00, 0x00, 0x00, 0x00, 0x00, 0x00, 0x00, 0x00, 0x00,
    0x00, 0x00, 0x00, 0x00, 0x00, 0x00, 0x00, 0x00, 0x00, 0x00, 0x00, 0x00,
    0x00, 0x00, 0x00, 0x00, 0x00, 0x00, 0x00, 0x00, 0x00, 0x00, 0x00, 0x00,
    0x00, 0x00, 0x00, 0x00, 0x00, 0x00, 0x00, 0x00, 0x00, 0x00, 0x00, 0x00,
    0x00, 0x00, 0x00, 0x00, 0x00, 0x00, 0x00, 0x00, 0x00, 0x00, 0x00, 0x00,
    0x00, 0x00, 0x00, 0x00, 0x00, 0x00, 0x00, 0x00, 0x00, 0x00, 0x00, 0x00,
    0x01, 0x08, 0xc1, 0x58, 0x9f, 0x8d, 0x58, 0x8e, 0x58, 0x8d, 0x8d, 0x9c,
    0xa9, 0x9b, 0x9c, 0x63, 0x63, 0x8b, 0x9c, 0x9c, 0x69, 0xb4, 0xa9, 0xa9,
    0xa9, 0x69, 0x69, 0x69, 0x69, 0x69, 0x69, 0x69, 0xa9, 0xa9, 0xa9, 0xa9,
    0xa9, 0xa9, 0x69, 0x9b, 0x63, 0x64, 0x88, 0x85, 0x00, 0x00, 0x00, 0x00,
    0x00, 0x00, 0x00, 0x00, 0x00, 0x00, 0x00, 0x00, 0x00, 0x00, 0x00, 0x00,
    0x00, 0x00, 0x00, 0x00, 0x00, 0x00, 0x00, 0x00, 0x00, 0x00, 0x00, 0x00,
    0x00, 0x00, 0x00, 0x00, 0x00, 0x00, 0x00, 0x00, 0x00, 0x00, 0x00, 0x00,
    0x00, 0x00, 0x00, 0x00, 0x00, 0x00, 0x00, 0x00, 0x00, 0x00, 0x00, 0x00,
    0x00, 0x00, 0x00, 0x00, 0x00, 0x00, 0x00, 0x00, 0x00, 0x00, 0x00, 0x00,
    0x00, 0x00, 0x00, 0x00, 0x00, 0x00, 0x00, 0x00, 0x00, 0x00, 0x00, 0x00,
    0x00, 0x00, 0x00, 0x00, 0x00, 0x00, 0x00, 0x00, 0x00, 0x00, 0x00, 0x00,
    0x00, 0x00, 0x00, 0x00, 0x00, 0x00, 0x00, 0x00, 0x00, 0x00, 0x00, 0x00,
    0x00, 0x00, 0x00, 0x00, 0x00, 0x00, 0x00, 0x00, 0x00, 0x00, 0x00, 0x00,
    0x00, 0x00, 0x00, 0x00, 0x00, 0x00, 0x00, 0x00, 0x00, 0x00, 0x00, 0x00,
    0x00, 0x00, 0x00, 0x00, 0x00, 0x00, 0x00, 0x00, 0x00, 0x00, 0x00, 0x00,
    0x00, 0x00, 0x00, 0x00, 0x00, 0x00, 0x00, 0x00, 0x00, 0x00, 0x00, 0x00,
    0x00, 0x00, 0x00, 0x00, 0x00, 0x00, 0x00, 0x00, 0x00, 0x00, 0x00, 0x00,
    0x00, 0x00, 0x00, 0x00, 0x00, 0x00, 0x00, 0x00, 0x00, 0x00, 0x00, 0x00,
    0x00, 0x00, 0x00, 0x00, 0x00, 0x00, 0x00, 0x00, 0x00, 0x00, 0x00, 0x00,
    0x00, 0x00, 0x00, 0x00, 0x00, 0x00, 0x00, 0x00, 0x00, 0x00, 0x00, 0x00,
    0x00, 0x00, 0x00, 0x00, 0x00, 0x00, 0x00, 0x00, 0x00, 0x00, 0x00, 0x00,
    0x00, 0x00, 0x00, 0x00, 0x00, 0x00, 0x00, 0x00, 0x00, 0x00, 0x00, 0x00,
    0x00, 0x00, 0x00, 0x00, 0x00, 0x00, 0x00, 0x00, 0x00, 0x00, 0x00, 0x00,
    0x00, 0x00, 0x00, 0x00, 0x00, 0x00, 0x00, 0x00, 0x00, 0x00, 0x00, 0x00,
    0x00, 0x00, 0x00, 0x00, 0x00, 0x00, 0x00, 0x00, 0x00, 0x00, 0x00, 0x00,
    0x00, 0x00, 0x14, 0x88, 0x8d, 0x8c, 0x8d, 0x58, 0x58, 0x8d, 0x9f, 0x8b,
    0xa9, 0xa9, 0x69, 0x9b, 0x9c, 0x93, 0x9c, 0x9b, 0x69, 0xa9, 0xa9, 0xa9,
    0xa9, 0xa9, 0xa9, 0xa9, 0x69, 0x69, 0x69, 0xa9, 0x69, 0xa9, 0x69, 0x69,
    0x67, 0x67, 0x64, 0x8a, 0x88, 0x07, 0x00, 0x00, 0x00, 0x00, 0x00, 0x00,
    0x00, 0x00, 0x00, 0x00, 0x00, 0x00, 0x00, 0x00, 0x00, 0x00, 0x00, 0x00,
    0x00, 0x00, 0x00, 0x00, 0x00, 0x00, 0x00, 0x00, 0x00, 0x00, 0x00, 0x00,
    0x00, 0x00, 0x00, 0x00, 0x00, 0x00, 0x00, 0x00, 0x00, 0x00, 0x00, 0x00,
    0x00, 0x00, 0x00, 0x00, 0x00, 0x00, 0x00, 0x00, 0x00, 0x00, 0x00, 0x00,
    0x00, 0x00, 0x00, 0x00, 0x00, 0x00, 0x00, 0x00, 0x00, 0x00, 0x00, 0x00,
    0x00, 0x00, 0x00, 0x00, 0x00, 0x00, 0x00, 0x00, 0x00, 0x00, 0x00, 0x00,
    0x00, 0x00, 0x00, 0x00, 0x00, 0x00, 0x00, 0x00, 0x00, 0x00, 0x00, 0x00,
    0x00, 0x00, 0x00, 0x00, 0x00, 0x00, 0x00, 0x00, 0x00, 0x00, 0x00, 0x00,
    0x00, 0x00, 0x00, 0x00, 0x00, 0x00, 0x00, 0x00, 0x00, 0x00, 0x00, 0x00,
    0x00, 0x00, 0x00, 0x00, 0x00, 0x00, 0x00, 0x00, 0x00, 0x00, 0x00, 0x00,
    0x00, 0x00, 0x00, 0x00, 0x00, 0x00, 0x00, 0x00, 0x00, 0x00, 0x00, 0x00,
    0x00, 0x00, 0x00, 0x00, 0x00, 0x00, 0x00, 0x00, 0x00, 0x00, 0x00, 0x00,
    0x00, 0x00, 0x00, 0x00, 0x00, 0x00, 0x00, 0x00, 0x00, 0x00, 0x00, 0x00,
    0x00, 0x00, 0x00, 0x00, 0x00, 0x00, 0x00, 0x00, 0x00, 0x00, 0x00, 0x00,
    0x00, 0x00, 0x00, 0x00, 0x00, 0x00, 0x00, 0x00, 0x00, 0x00, 0x00, 0x00,
    0x00, 0x00, 0x00, 0x00, 0x00, 0x00, 0x00, 0x00, 0x00, 0x00, 0x00, 0x00,
    0x00, 0x00, 0x00, 0x00, 0x00, 0x00, 0x00, 0x00, 0x00, 0x00, 0x00, 0x00,
    0x00, 0x00, 0x00, 0x00, 0x00, 0x00, 0x00, 0x00, 0x00, 0x00, 0x00, 0x00,
    0x00, 0x00, 0x00, 0x00, 0x00, 0x00, 0x00, 0x00, 0x00, 0x00, 0x00, 0x00,
    0x00, 0x00, 0x00, 0x00, 0x00, 0x00, 0x00, 0x00, 0x00, 0x00, 0x00, 0x00,
    0x00, 0x00, 0x00, 0x00, 0x00, 0x00, 0x00, 0x00, 0x00, 0x00, 0x00, 0x00,
    0x00, 0x00, 0x00, 0x00, 0x07, 0x0d, 0x8b, 0x9f, 0x8d, 0x9f, 0x9f, 0x8c,
    0x9c, 0xa9, 0xa9, 0x69, 0x9b, 0x9b, 0x69, 0x69, 0x9b, 0x69, 0xa9, 0xa9,
    0xa9, 0xa9, 0xb4, 0xb4, 0xa9, 0xa9, 0xa9, 0xa9, 0x69, 0x9c, 0x93, 0x65,
    0x64, 0x88, 0x85, 0x01, 0x00, 0x00, 0x00, 0x00, 0x00, 0x00, 0x00, 0x00,
    0x00, 0x00, 0x00, 0x00, 0x00, 0x00, 0x00, 0x00, 0x00, 0x00, 0x00, 0x00,
    0x00, 0x00, 0x00, 0x00, 0x00, 0x00, 0x00, 0x00, 0x00, 0x00, 0x00, 0x00,
    0x00, 0x00, 0x00, 0x00, 0x00, 0x00, 0x00, 0x00, 0x00, 0x00, 0x00, 0x00,
    0x00, 0x00, 0x00, 0x00, 0x00, 0x00, 0x00, 0x00, 0x00, 0x00, 0x00, 0x00,
    0x00, 0x00, 0x00, 0x00, 0x00, 0x00, 0x00, 0x00, 0x00, 0x00, 0x00, 0x00,
    0x00, 0x00, 0x00, 0x00, 0x00, 0x00, 0x00, 0x00, 0x00, 0x00, 0x00, 0x00,
    0x00, 0x00, 0x00, 0x00, 0x00, 0x00, 0x00, 0x00, 0x00, 0x00, 0x00, 0x00,
    0x00, 0x00, 0x00, 0x00, 0x00, 0x00, 0x00, 0x00, 0x00, 0x00, 0x00, 0x00,
    0x00, 0x00, 0x00, 0x00, 0x00, 0x00, 0x00, 0x00, 0x00, 0x00, 0x00, 0x00,
    0x00, 0x00, 0x00, 0x00, 0x00, 0x00, 0x00, 0x00, 0x00, 0x00, 0x00, 0x00,
    0x00, 0x00, 0x00, 0x00, 0x00, 0x00, 0x00, 0x00, 0x00, 0x00, 0x00, 0x00,
    0x00, 0x00, 0x00, 0x00, 0x00, 0x00, 0x00, 0x00, 0x00, 0x00, 0x00, 0x00,
    0x00, 0x00, 0x00, 0x00, 0x00, 0x00, 0x00, 0x00, 0x00, 0x00, 0x00, 0x00,
    0x00, 0x00, 0x00, 0x00, 0x00, 0x00, 0x00, 0x00, 0x00, 0x00, 0x00, 0x00,
    0x00, 0x00, 0x00, 0x00, 0x00, 0x00, 0x00, 0x00, 0x00, 0x00, 0x00, 0x00,
    0x00, 0x00, 0x00, 0x00, 0x00, 0x00, 0x00, 0x00, 0x00, 0x00, 0x00, 0x00,
    0x00, 0x00, 0x00, 0x00, 0x00, 0x00, 0x00, 0x00, 0x00, 0x00, 0x00, 0x00,
    0x00, 0x00, 0x00, 0x00, 0x00, 0x00, 0x00, 0x00, 0x00, 0x00, 0x00, 0x00,
    0x00, 0x00, 0x00, 0x00, 0x00, 0x00, 0x00, 0x00, 0x00, 0x00, 0x00, 0x00,
    0x00, 0x00, 0x00, 0x00, 0x00, 0x00, 0x00, 0x00, 0x00, 0x00, 0x00, 0x00,
    0x00, 0x00, 0x00, 0x00, 0x00, 0x00, 0x00, 0x00, 0x00, 0x00, 0x00, 0x00,
    0x00, 0x00, 0x00, 0x00, 0x00, 0x00, 0x85, 0x89, 0x8b, 0x8b, 0x8b, 0x8b,
    0x93, 0x9b, 0x69, 0xa9, 0x69, 0x69, 0x69, 0xa9, 0xa9, 0x69, 0x69, 0x69,
    0x69, 0xa9, 0xa9, 0xa9, 0xa9, 0xa9, 0x69, 0x69, 0x9b, 0x8a, 0x89, 0x88,
    0x85, 0x0c, 0x00, 0x00, 0x00, 0x00, 0x00, 0x00, 0x00, 0x00, 0x00, 0x00,
    0x00, 0x00, 0x00, 0x00, 0x00, 0x00, 0x00, 0x00, 0x00, 0x00, 0x00, 0x00,
    0x00, 0x00, 0x00, 0x00, 0x00, 0x00, 0x00, 0x00, 0x00, 0x00, 0x00, 0x00,
    0x00, 0x00, 0x00, 0x00, 0x00, 0x00, 0x00, 0x00, 0x00, 0x00, 0x00, 0x00,
    0x00, 0x00, 0x00, 0x00, 0x00, 0x00, 0x00, 0x00, 0x00, 0x00, 0x00, 0x00,
    0x00, 0x00, 0x00, 0x00, 0x00, 0x00, 0x00, 0x00, 0x00, 0x00, 0x00, 0x00,
    0x00, 0x00, 0x00, 0x00, 0x00, 0x00, 0x00, 0x00, 0x00, 0x00, 0x00, 0x00,
    0x00, 0x00, 0x00, 0x00, 0x00, 0x00, 0x00, 0x00, 0x00, 0x00, 0x00, 0x00,
    0x00, 0x00, 0x00, 0x00, 0x00, 0x00, 0x00, 0x00, 0x00, 0x00, 0x00, 0x00,
    0x00, 0x00, 0x00, 0x00, 0x00, 0x00, 0x00, 0x00, 0x00, 0x00, 0x00, 0x00,
    0x00, 0x00, 0x00, 0x00, 0x00, 0x00, 0x00, 0x00, 0x00, 0x00, 0x00, 0x00,
    0x00, 0x00, 0x00, 0x00, 0x00, 0x00, 0x00, 0x00, 0x00, 0x00, 0x00, 0x00,
    0x00, 0x00, 0x00, 0x00, 0x00, 0x00, 0x00, 0x00, 0x00, 0x00, 0x00, 0x00,
    0x00, 0x00, 0x00, 0x00, 0x00, 0x00, 0x00, 0x00, 0x00, 0x00, 0x00, 0x00,
    0x00, 0x00, 0x00, 0x00, 0x00, 0x00, 0x00, 0x00, 0x00, 0x00, 0x00, 0x00,
    0x00, 0x00, 0x00, 0x00, 0x00, 0x00, 0x00, 0x00, 0x00, 0x00, 0x00, 0x00,
    0x00, 0x00, 0x00, 0x00, 0x00, 0x00, 0x00, 0x00, 0x00, 0x00, 0x00, 0x00,
    0x00, 0x00, 0x00, 0x00, 0x00, 0x00, 0x00, 0x00, 0x00, 0x00, 0x00, 0x00,
    0x00, 0x00, 0x00, 0x00, 0x00, 0x00, 0x00, 0x00, 0x00, 0x00, 0x00, 0x00,
    0x00, 0x00, 0x00, 0x00, 0x00, 0x00, 0x00, 0x00, 0x00, 0x00, 0x00, 0x00,
    0x00, 0x00, 0x00, 0x00, 0x00, 0x00, 0x00, 0x00, 0x00, 0x00, 0x00, 0x00,
    0x00, 0x00, 0x00, 0x00, 0x00, 0x00, 0x00, 0x00, 0x00, 0x00, 0x00, 0x00,
    0x00, 0x00, 0x00, 0x00, 0x00, 0x00, 0x00, 0x0c, 0x85, 0x89, 0x8a, 0x93,
    0x8b, 0x9c, 0x69, 0x69, 0xa9, 0x69, 0x69, 0x69, 0xa9, 0xa9, 0xa9, 0xa9,
    0x69, 0x69, 0x69, 0x9b, 0x69, 0x8a, 0x89, 0x88, 0x86, 0x07, 0x01, 0x00,
    0x00, 0x00, 0x00, 0x00, 0x00, 0x00, 0x00, 0x00, 0x00, 0x00, 0x00, 0x00,
    0x00, 0x00, 0x00, 0x00, 0x00, 0x00, 0x00, 0x00, 0x00, 0x00, 0x00, 0x00,
    0x00, 0x00, 0x00, 0x00, 0x00, 0x00, 0x00, 0x00, 0x00, 0x00, 0x00, 0x00,
    0x00, 0x00, 0x00, 0x00, 0x00, 0x00, 0x00, 0x00, 0x00, 0x00, 0x00, 0x00,
    0x00, 0x00, 0x00, 0x00, 0x00, 0x00, 0x00, 0x00, 0x00, 0x00, 0x00, 0x00,
    0x00, 0x00, 0x00, 0x00, 0x00, 0x00, 0x00, 0x00, 0x00, 0x00, 0x00, 0x00,
    0x00, 0x00, 0x00, 0x00, 0x00, 0x00, 0x00, 0x00, 0x00, 0x00, 0x00, 0x00,
    0x00, 0x00, 0x00, 0x00, 0x00, 0x00, 0x00, 0x00, 0x00, 0x00, 0x00, 0x00,
    0x00, 0x00, 0x00, 0x00, 0x00, 0x00, 0x00, 0x00, 0x00, 0x00, 0x00, 0x00,
    0x00, 0x00, 0x00, 0x00, 0x00, 0x00, 0x00, 0x00, 0x00, 0x00, 0x00, 0x00,
    0x00, 0x00, 0x00, 0x00, 0x00, 0x00, 0x00, 0x00, 0x00, 0x00, 0x00, 0x00,
    0x00, 0x00, 0x00, 0x00, 0x00, 0x00, 0x00, 0x00, 0x00, 0x00, 0x00, 0x00,
    0x00, 0x00, 0x00, 0x00, 0x00, 0x00, 0x00, 0x00, 0x00, 0x00, 0x00, 0x00,
    0x00, 0x00, 0x00, 0x00, 0x00, 0x00, 0x00, 0x00, 0x00, 0x00, 0x00, 0x00,
    0x00, 0x00, 0x00, 0x00, 0x00, 0x00, 0x00, 0x00, 0x00, 0x00, 0x00, 0x00,
    0x00, 0x00, 0x00, 0x00, 0x00, 0x00, 0x00, 0x00, 0x00, 0x00, 0x00, 0x00,
    0x00, 0x00, 0x00, 0x00, 0x00, 0x00, 0x00, 0x00, 0x00, 0x00, 0x00, 0x00,
    0x00, 0x00, 0x00, 0x00, 0x00, 0x00, 0x00, 0x00, 0x00, 0x00, 0x00, 0x00,
    0x00, 0x00, 0x00, 0x00, 0x00, 0x00, 0x00, 0x00, 0x00, 0x00, 0x00, 0x00,
    0x00, 0x00, 0x00, 0x00, 0x00, 0x00, 0x00, 0x00, 0x00, 0x00, 0x00, 0x00,
    0x00, 0x00, 0x00, 0x00, 0x00, 0x00, 0x00, 0x00, 0x00, 0x00, 0x00, 0x00,
    0x00, 0x00, 0x00, 0x00, 0x00, 0x00, 0x00, 0x00, 0x00, 0x00, 0x00, 0x00,
    0x00, 0x00, 0x00, 0x00, 0x00, 0x00, 0x00, 0x00, 0x00, 0x0c, 0x85, 0x86,
    0x89, 0x8a, 0x9b, 0x9b, 0x9b, 0x69, 0x69, 0x69, 0x9b, 0x9b, 0x69, 0x69,
    0xa9, 0xa9, 0x8a, 0x89, 0x88, 0x85, 0x14, 0x01, 0x0c, 0x00, 0x00, 0x00,
    0x00, 0x00, 0x00, 0x00, 0x00, 0x00, 0x00, 0x00, 0x00, 0x00, 0x00, 0x00,
    0x00, 0x00, 0x00, 0x00, 0x00, 0x00, 0x00, 0x00, 0x00, 0x00, 0x00, 0x00,
    0x00, 0x00, 0x00, 0x00, 0x00, 0x00, 0x00, 0x00, 0x00, 0x00, 0x00, 0x00,
    0x00, 0x00, 0x00, 0x00, 0x00, 0x00, 0x00, 0x00, 0x00, 0x00, 0x00, 0x00,
    0x00, 0x00, 0x00, 0x00, 0x00, 0x00, 0x00, 0x00, 0x00, 0x00, 0x00, 0x00,
    0x00, 0x00, 0x00, 0x00, 0x00, 0x00, 0x00, 0x00, 0x00, 0x00, 0x00, 0x00,
    0x00, 0x00, 0x00, 0x00, 0x00, 0x00, 0x00, 0x00, 0x00, 0x00, 0x00, 0x00,
    0x00, 0x00, 0x00, 0x00, 0x00, 0x00, 0x00, 0x00, 0x00, 0x00, 0x00, 0x00,
    0x00, 0x00, 0x00, 0x00, 0x00, 0x00, 0x00, 0x00, 0x00, 0x00, 0x00, 0x00,
    0x00, 0x00, 0x00, 0x00, 0x00, 0x00, 0x00, 0x00, 0x00, 0x00, 0x00, 0x00,
    0x00, 0x00, 0x00, 0x00, 0x00, 0x00, 0x00, 0x00, 0x00, 0x00, 0x00, 0x00,
    0x00, 0x00, 0x00, 0x00, 0x00, 0x00, 0x00, 0x00, 0x00, 0x00, 0x00, 0x00,
    0x00, 0x00, 0x00, 0x00, 0x00, 0x00, 0x00, 0x00, 0x00, 0x00, 0x00, 0x00,
    0x00, 0x00, 0x00, 0x00, 0x00, 0x00, 0x00, 0x00, 0x00, 0x00, 0x00, 0x00,
    0x00, 0x00, 0x00, 0x00, 0x00, 0x00, 0x00, 0x00, 0x00, 0x00, 0x00, 0x00,
    0x00, 0x00, 0x00, 0x00, 0x00, 0x00, 0x00, 0x00, 0x00, 0x00, 0x00, 0x00,
    0x00, 0x00, 0x00, 0x00, 0x00, 0x00, 0x00, 0x00, 0x00, 0x00, 0x00, 0x00,
    0x00, 0x00, 0x00, 0x00, 0x00, 0x00, 0x00, 0x00, 0x00, 0x00, 0x00, 0x00,
    0x00, 0x00, 0x00, 0x00, 0x00, 0x00, 0x00, 0x00, 0x00, 0x00, 0x00, 0x00,
    0x00, 0x00, 0x00, 0x00, 0x00, 0x00, 0x00, 0x00, 0x00, 0x00, 0x00, 0x00,
    0x00, 0x00, 0x00, 0x00, 0x00, 0x00, 0x00, 0x00, 0x00, 0x00, 0x00, 0x00,
    0x00, 0x00, 0x00, 0x00, 0x00, 0x00, 0x00, 0x00, 0x00, 0x00, 0x00, 0x00,
    0x00, 0x00, 0x00, 0x00, 0x00, 0x00, 0x00, 0x00, 0x00, 0x00, 0x00, 0x01,
    0x12, 0x07, 0x86, 0x89, 0x89, 0x69, 0x9b, 0x9b, 0x9b, 0x69, 0x8a, 0x88,
    0x86, 0x85, 0x07, 0x14, 0x0c, 0x0c, 0x0c, 0x00, 0x00, 0x00, 0x00, 0x00,
    0x00, 0x00, 0x00, 0x00, 0x00, 0x00, 0x00, 0x00, 0x00, 0x00, 0x00, 0x00,
    0x00, 0x00, 0x00, 0x00, 0x00, 0x00, 0x00, 0x00, 0x00, 0x00, 0x00, 0x00,
    0x00, 0x00, 0x00, 0x00, 0x00, 0x00, 0x00, 0x00, 0x00, 0x00, 0x00, 0x00,
    0x00, 0x00, 0x00, 0x00, 0x00, 0x00, 0x00, 0x00, 0x00, 0x00, 0x00, 0x00,
    0x00, 0x00, 0x00, 0x00, 0x00, 0x00, 0x00, 0x00, 0x00, 0x00, 0x00, 0x00,
    0x00, 0x00, 0x00, 0x00, 0x00, 0x00, 0x00, 0x00, 0x00, 0x00, 0x00, 0x00,
    0x00, 0x00, 0x00, 0x00, 0x00, 0x00, 0x00, 0x00, 0x00, 0x00, 0x00, 0x00,
    0x00, 0x00, 0x00, 0x00, 0x00, 0x00, 0x00, 0x00, 0x00, 0x00, 0x00, 0x00,
    0x00, 0x00, 0x00, 0x00, 0x00, 0x00, 0x00, 0x00, 0x00, 0x00, 0x00, 0x00,
    0x00, 0x00, 0x00, 0x00, 0x00, 0x00, 0x00, 0x00, 0x00, 0x00, 0x00, 0x00,
    0x00, 0x00, 0x00, 0x00, 0x00, 0x00, 0x00, 0x00, 0x00, 0x00, 0x00, 0x00,
    0x00, 0x00, 0x00, 0x00, 0x00, 0x00, 0x00, 0x00, 0x00, 0x00, 0x00, 0x00,
    0x00, 0x00, 0x00, 0x00, 0x00, 0x00, 0x00, 0x00, 0x00, 0x00, 0x00, 0x00,
    0x00, 0x00, 0x00, 0x00, 0x00, 0x00, 0x00, 0x00, 0x00, 0x00, 0x00, 0x00,
    0x00, 0x00, 0x00, 0x00, 0x00, 0x00, 0x00, 0x00, 0x00, 0x00, 0x00, 0x00,
    0x00, 0x00, 0x00, 0x00, 0x00, 0x00, 0x00, 0x00, 0x00, 0x00, 0x00, 0x00,
    0x00, 0x00, 0x00, 0x00, 0x00, 0x00, 0x00, 0x00, 0x00, 0x00, 0x00, 0x00,
    0x00, 0x00, 0x00, 0x00, 0x00, 0x00, 0x00, 0x00, 0x00, 0x00, 0x00, 0x00,
    0x00, 0x00, 0x00, 0x00, 0x00, 0x00, 0x00, 0x00, 0x00, 0x00, 0x00, 0x00,
    0x00, 0x00, 0x00, 0x00, 0x00, 0x00, 0x00, 0x00, 0x00, 0x00, 0x00, 0x00,
    0x00, 0x00, 0x00, 0x00, 0x00, 0x00, 0x00, 0x00, 0x00, 0x00, 0x00, 0x00,
    0x00, 0x00, 0x00, 0x00, 0x00, 0x00, 0x00, 0x00, 0x00, 0x00, 0x00, 0x00,
    0x00, 0x00, 0x00, 0x00, 0x00, 0x00, 0x00, 0x00, 0x00, 0x00, 0x00, 0x00,
    0x00, 0x00, 0x00, 0x00, 0x0c, 0x14, 0x07, 0x85, 0x07, 0x07, 0x07, 0x14,
    0x0c, 0x00, 0x00, 0x00, 0x00, 0x00, 0x00, 0x00, 0x00, 0x00, 0x00, 0x00,
    0x00, 0x00, 0x00, 0x00, 0x00, 0x00, 0x00, 0x00, 0x00, 0x00, 0x00, 0x00,
    0x00, 0x00, 0x00, 0x00, 0x00, 0x00, 0x00, 0x00, 0x00, 0x00, 0x00, 0x00,
    0x00, 0x00, 0x00, 0x00, 0x00, 0x00, 0x00, 0x00, 0x00, 0x00, 0x00, 0x00,
    0x00, 0x00, 0x00, 0x00, 0x00, 0x00, 0x00, 0x00, 0x00, 0x00, 0x00, 0x00,
    0x00, 0x00, 0x00, 0x00, 0x00, 0x00, 0x00, 0x00, 0x00, 0x00, 0x00, 0x00,
    0x00, 0x00, 0x00, 0x00, 0x00, 0x00, 0x00, 0x00, 0x00, 0x00, 0x00, 0x00,
    0x00, 0x00, 0x00, 0x00, 0x00, 0x00, 0x00, 0x00, 0x00, 0x00, 0x00, 0x00,
    0x00, 0x00, 0x00, 0x00, 0x00, 0x00, 0x00, 0x00, 0x00, 0x00, 0x00, 0x00,
    0x00, 0x00, 0x00, 0x00, 0x00, 0x00, 0x00, 0x00, 0x00, 0x00, 0x00, 0x00,
    0x00, 0x00, 0x00, 0x00, 0x00, 0x00, 0x00, 0x00, 0x00, 0x00, 0x00, 0x00,
    0x00, 0x00, 0x00, 0x00, 0x00, 0x00, 0x00, 0x00, 0x00, 0x00, 0x00, 0x00,
    0x00, 0x00, 0x00, 0x00, 0x00, 0x00, 0x00, 0x00, 0x00, 0x00, 0x00, 0x00,
    0x00, 0x00, 0x00, 0x00, 0x00, 0x00, 0x00, 0x00, 0x00, 0x00, 0x00, 0x00,
    0x00, 0x00, 0x00, 0x00, 0x00, 0x00, 0x00, 0x00, 0x00, 0x00, 0x00, 0x00,
    0x00, 0x00, 0x00, 0x00, 0x00, 0x00, 0x00, 0x00, 0x00, 0x00, 0x00, 0x00,
    0x00, 0x00, 0x00, 0x00, 0x00, 0x00, 0x00, 0x00, 0x00, 0x00, 0x00, 0x00,
    0x00, 0x00, 0x00, 0x00, 0x00, 0x00, 0x00, 0x00, 0x00, 0x00, 0x00, 0x00,
    0x00, 0x00, 0x00, 0x00, 0x00, 0x00, 0x00, 0x00, 0x00, 0x00, 0x00, 0x00,
    0x00, 0x00, 0x00, 0x00, 0x00, 0x00, 0x00, 0x00, 0x00, 0x00, 0x00, 0x00,
    0x00, 0x00, 0x00, 0x00, 0x00, 0x00, 0x00, 0x00, 0x00, 0x00, 0x00, 0x00,
    0x00, 0x00, 0x00, 0x00, 0x00, 0x00, 0x00, 0x00, 0x00, 0x00, 0x00, 0x00,
    0x00, 0x00, 0x00, 0x00, 0x00, 0x00, 0x00, 0x00, 0x00, 0x00, 0x00, 0x00,
    0x00, 0x00, 0x00, 0x00, 0x00, 0x00, 0x00, 0x00, 0x00, 0x00, 0x00, 0x00,
    0x00, 0x00, 0x00, 0x00, 0x00, 0x00, 0x00, 0x00, 0x00, 0x00, 0x00, 0x00,
    0x00, 0x00, 0x00, 0x00, 0x00, 0x00, 0x00, 0x00, 0x00, 0x00, 0x00, 0x00,
    0x00, 0x00, 0x00, 0x00, 0x00, 0x00, 0x00, 0x00, 0x00, 0x00, 0x00, 0x00,
    0x00, 0x00, 0x00, 0x00, 0x00, 0x00, 0x00, 0x00, 0x00, 0x00, 0x00, 0x00,
    0x00, 0x00, 0x00, 0x00, 0x00, 0x00, 0x00, 0x00, 0x00, 0x00, 0x00, 0x00,
    0x00, 0x00, 0x00, 0x00, 0x00, 0x00, 0x00, 0x00, 0x00, 0x00, 0x00, 0x00,
    0x00, 0x00, 0x00, 0x00, 0x00, 0x00, 0x00, 0x00, 0x00, 0x00, 0x00, 0x00,
    0x00, 0x00, 0x00, 0x00, 0x00, 0x00, 0x00, 0x00, 0x00, 0x00, 0x00, 0x00,
    0x00, 0x00, 0x00, 0x00, 0x00, 0x00, 0x00, 0x00, 0x00, 0x00, 0x00, 0x00,
    0x00, 0x00, 0x00, 0x00, 0x00, 0x00, 0x00, 0x00, 0x00, 0x00, 0x00, 0x00,
    0x00, 0x00, 0x00, 0x00, 0x00, 0x00, 0x00, 0x00, 0x00, 0x00, 0x00, 0x00,
    0x00, 0x00, 0x00, 0x00, 0x00, 0x00, 0x00, 0x00, 0x00, 0x00, 0x00, 0x00,
    0x00, 0x00, 0x00, 0x00, 0x00, 0x00, 0x00, 0x00, 0x00, 0x00, 0x00, 0x00,
    0x00, 0x00, 0x00, 0x00, 0x00, 0x00, 0x00, 0x00, 0x00, 0x00, 0x00, 0x00,
    0x00, 0x00, 0x00, 0x00, 0x00, 0x00, 0x00, 0x00, 0x00, 0x00, 0x00, 0x00,
    0x00, 0x00, 0x00, 0x00, 0x00, 0x00, 0x00, 0x00, 0x00, 0x00, 0x00, 0x00,
    0x00, 0x00, 0x00, 0x00, 0x00, 0x00, 0x00, 0x00, 0x00, 0x00, 0x00, 0x00,
    0x00, 0x00, 0x00, 0x00, 0x00, 0x00, 0x00, 0x00, 0x00, 0x00, 0x00, 0x00,
    0x00, 0x00, 0x00, 0x00, 0x00, 0x00, 0x00, 0x00, 0x00, 0x00, 0x00, 0x00,
    0x00, 0x00, 0x00, 0x00, 0x00, 0x00, 0x00, 0x00, 0x00, 0x00, 0x00, 0x00,
    0x00, 0x00, 0x00, 0x00, 0x00, 0x00, 0x00, 0x00, 0x00, 0x00, 0x00, 0x00,
    0x00, 0x00, 0x00, 0x00, 0x00, 0x00, 0x00, 0x00, 0x00, 0x00, 0x00, 0x00,
    0x00, 0x00, 0x00, 0x00, 0x00, 0x00, 0x00, 0x00, 0x00, 0x00, 0x00, 0x00,
    0x00, 0x00, 0x00, 0x00, 0x00, 0x00, 0x00, 0x00, 0x00, 0x00, 0x00, 0x00,
    0x00, 0x00, 0x00, 0x00, 0x00, 0x00, 0x00, 0x00, 0x00, 0x00, 0x00, 0x00,
    0x00, 0x00, 0x00, 0x00, 0x00, 0x00, 0x00, 0x00, 0x00, 0x00, 0x00, 0x00,
    0x00, 0x00, 0x00, 0x00, 0x00, 0x00, 0x00, 0x00, 0x00, 0x00, 0x00, 0x00,
    0x00, 0x00, 0x00, 0x00, 0x00, 0x00, 0x00, 0x00, 0x00, 0x00, 0x00, 0x00,
    0x00, 0x00, 0x00, 0x00, 0x00, 0x00, 0x00, 0x00, 0x00, 0x00, 0x00, 0x00,
    0x00, 0x00, 0x00, 0x00, 0x00, 0x00, 0x00, 0x00, 0x00, 0x00, 0x00, 0x00,
    0x00, 0x00, 0x00, 0x00, 0x00, 0x00, 0x00, 0x00, 0x00, 0x00, 0x00, 0x00,
    0x00, 0x00, 0x00, 0x00, 0x00, 0x00, 0x00, 0x00, 0x00, 0x00, 0x00, 0x00,
    0x00, 0x00, 0x00, 0x00, 0x00, 0x00, 0x00, 0x00, 0x00, 0x00, 0x00, 0x00,
    0x00, 0x00, 0x00, 0x00, 0x00, 0x00, 0x00, 0x00, 0x00, 0x00, 0x00, 0x00,
    0x00, 0x00, 0x00, 0x00, 0x00, 0x00, 0x00, 0x00, 0x00, 0x00, 0x00, 0x00,
    0x00, 0x00, 0x00, 0x00, 0x00, 0x00, 0x00, 0x00, 0x00, 0x00, 0x00, 0x00,
    0x00, 0x00, 0x00, 0x00, 0x00, 0x00, 0x00, 0x00, 0x00, 0x00, 0x00, 0x00,
    0x00, 0x00, 0x00, 0x00, 0x00, 0x00, 0x00, 0x00, 0x00, 0x00, 0x00, 0x00,
    0x00, 0x00, 0x00, 0x00, 0x00, 0x00, 0x00, 0x00, 0x00, 0x00, 0x00, 0x00,
    0x00, 0x00, 0x00, 0x00, 0x00, 0x00, 0x00, 0x00, 0x00, 0x00, 0x00, 0x00,
    0x00, 0x00, 0x00, 0x00, 0x00, 0x00, 0x00, 0x00, 0x00, 0x00, 0x00, 0x00,
    0x00, 0x00, 0x00, 0x00, 0x00, 0x00, 0x00, 0x00, 0x00, 0x00, 0x00, 0x00,
    0x00, 0x00, 0x00, 0x00, 0x00, 0x00, 0x00, 0x00, 0x00, 0x00, 0x00, 0x00,
    0x00, 0x00, 0x00, 0x00, 0x00, 0x00, 0x00, 0x00, 0x00, 0x00, 0x00, 0x00,
    0x00, 0x00, 0x00, 0x00, 0x00, 0x00, 0x00, 0x00, 0x00, 0x00, 0x00, 0x00,
    0x00, 0x00, 0x00, 0x00, 0x00, 0x00, 0x00, 0x00, 0x00, 0x00, 0x00, 0x00,
    0x00, 0x00, 0x00, 0x00, 0x00, 0x00, 0x00, 0x00, 0x00, 0x00, 0x00, 0x00,
    0x00, 0x00, 0x00, 0x00, 0x00, 0x00, 0x00, 0x00, 0x00, 0x00, 0x00, 0x00,
    0x00, 0x00, 0x00, 0x00, 0x00, 0x00, 0x00, 0x00, 0x00, 0x00, 0x00, 0x00,
    0x00, 0x00, 0x00, 0x00, 0x00, 0x00, 0x00, 0x00, 0x00, 0x00, 0x00, 0x00,
    0x00, 0x00, 0x00, 0x00, 0x00, 0x00, 0x00, 0x00, 0x00, 0x00, 0x00, 0x00,
    0x00, 0x00, 0x00, 0x00, 0x00, 0x00, 0x00, 0x00, 0x00, 0x00, 0x00, 0x00,
    0x00, 0x00, 0x00, 0x00, 0x00, 0x00, 0x00, 0x00, 0x00, 0x00, 0x00, 0x00,
    0x00, 0x00, 0x00, 0x00, 0x00, 0x00, 0x00, 0x00, 0x00, 0x00, 0x00, 0x00,
    0x00, 0x00, 0x00, 0x00, 0x00, 0x00, 0x00, 0x00, 0x00, 0x00, 0x00, 0x00,
    0x00, 0x00, 0x00, 0x00, 0x00, 0x00, 0x00, 0x00, 0x00, 0x00, 0x00, 0x00,
    0x00, 0x00, 0x00, 0x00, 0x00, 0x00, 0x00, 0x00, 0x00, 0x00, 0x00, 0x00,
    0x00, 0x00, 0x00, 0x00, 0x00, 0x00, 0x00, 0x00, 0x00, 0x00, 0x00, 0x00,
    0x00, 0x00, 0x00, 0x00, 0x00, 0x00, 0x00, 0x00, 0x00, 0x00, 0x00, 0x00,
    0x00, 0x00, 0x00, 0x00, 0x00, 0x00, 0x00, 0x00, 0x00, 0x00, 0x00, 0x00,
    0x00, 0x00, 0x00, 0x00, 0x00, 0x00, 0x00, 0x00, 0x00, 0x00, 0x00, 0x00,
    0x00, 0x00, 0x00, 0x00, 0x00, 0x00, 0x00, 0x00, 0x00, 0x00, 0x00, 0x00,
    0x00, 0x00, 0x00, 0x00, 0x00, 0x00, 0x00, 0x00, 0x00, 0x00, 0x00, 0x00,
    0x00, 0x00, 0x00, 0x00, 0x00, 0x00, 0x00, 0x00, 0x00, 0x00, 0x00, 0x00,
    0x00, 0x00, 0x00, 0x00, 0x00, 0x00, 0x00, 0x00, 0x00, 0x00, 0x00, 0x00,
    0x00, 0x00, 0x00, 0x00, 0x00, 0x00, 0x00, 0x00, 0x00, 0x00, 0x00, 0x00,
    0x00, 0x00, 0x00, 0x00, 0x00, 0x00, 0x00, 0x00, 0x00, 0x00, 0x00, 0x00,
    0x00, 0x00, 0x00, 0x00, 0x00, 0x00, 0x00, 0x00, 0x00, 0x00, 0x00, 0x00,
    0x00, 0x00, 0x00, 0x00, 0x00, 0x00, 0x00, 0x00, 0x00, 0x00, 0x00, 0x00,
    0x00, 0x00, 0x00, 0x00, 0x00, 0x00, 0x00, 0x00, 0x00, 0x00, 0x00, 0x00,
    0x00, 0x00, 0x00, 0x00, 0x00, 0x00, 0x00, 0x00, 0x00, 0x00, 0x00, 0x00,
    0x00, 0x00, 0x00, 0x00, 0x00, 0x00, 0x00, 0x00, 0x00, 0x00, 0x00, 0x00,
    0x00, 0x00, 0x00, 0x00, 0x00, 0x00, 0x00, 0x00, 0x00, 0x00, 0x00, 0x00,
    0x00, 0x00, 0x00, 0x00, 0x00, 0x00, 0x00, 0x00, 0x00, 0x00, 0x00, 0x00,
    0x00, 0x00, 0x00, 0x00, 0x00, 0x00, 0x00, 0x00, 0x00, 0x00, 0x00, 0x00,
    0x00, 0x00, 0x00, 0x00, 0x00, 0x00, 0x00, 0x00, 0x00, 0x00, 0x00, 0x00,
    0x00, 0x00, 0x00, 0x00, 0x00, 0x00, 0x00, 0x00, 0x00, 0x00, 0x00, 0x00,
    0x00, 0x00, 0x00, 0x00, 0x00, 0x00, 0x00, 0x00, 0x00, 0x00, 0x00, 0x00,
    0x00, 0x00, 0x00, 0x00, 0x00, 0x00, 0x00, 0x00, 0x00, 0x00, 0x00, 0x00,
    0x00, 0x00, 0x00, 0x00, 0x00, 0x00, 0x00, 0x00, 0x00, 0x00, 0x00, 0x00,
    0x00, 0x00, 0x00, 0x00, 0x00, 0x00, 0x00, 0x00, 0x00, 0x00, 0x00, 0x00,
    0x00, 0x00, 0x00, 0x00, 0x00, 0x00, 0x00, 0x00, 0x00, 0x00, 0x00, 0x00,
    0x00, 0x00, 0x00, 0x00, 0x00, 0x00, 0x00, 0x00, 0x00, 0x00, 0x00, 0x00,
    0x00, 0x00, 0x00, 0x00, 0x00, 0x00, 0x00, 0x00, 0x00, 0x00, 0x00, 0x00,
    0x00, 0x00, 0x00, 0x00, 0x00, 0x00, 0x00, 0x00, 0x00, 0x00, 0x00, 0x00,
    0x00, 0x00, 0x00, 0x00, 0x00, 0x00, 0x00, 0x00, 0x00, 0x00, 0x00, 0x00,
    0x00, 0x00, 0x00, 0x00, 0x00, 0x00, 0x00, 0x00, 0x00, 0x00, 0x00, 0x00,
    0x00, 0x00, 0x00, 0x00, 0x00, 0x00, 0x00, 0x00, 0x00, 0x00, 0x00, 0x00
};

LOCATION_PRAGMA("ExtFlashSection")
KEEP extern const unsigned char image_speak29_extra_data[] LOCATION_ATTRIBUTE("ExtFlashSection") = { // 210 ARGB8888 CLUT entries.
    0x00, 0x00, 0xd2, 0x00,
    0x00, 0x00, 0x00, 0x00, 0x40, 0x44, 0x38, 0x18, 0x48, 0x44, 0x30, 0x41,
    0x40, 0x44, 0x30, 0x83, 0x48, 0x44, 0x38, 0xa0, 0x50, 0x50, 0x30, 0xbf,
    0x40, 0x44, 0x40, 0xe1, 0x18, 0x1c, 0x18, 0x39, 0x48, 0x44, 0x30, 0x6a,
    0x40, 0x40, 0x38, 0xff, 0x48, 0x44, 0x40, 0xff, 0x48, 0x40, 0x38, 0xff,
    0x38, 0x40, 0x38, 0x0e, 0x28, 0x28, 0x28, 0xbd, 0x40, 0x3c, 0x38, 0xff,
    0x48, 0x44, 0x38, 0xff, 0x40, 0x44, 0x30, 0x54, 0x48, 0x48, 0x40, 0xff,
    0x68, 0x68, 0x48, 0x24, 0x50, 0x4c, 0x40, 0xff, 0x18, 0x20, 0x20, 0x27,
    0x50, 0x48, 0x40, 0xff, 0x50, 0x4c, 0x48, 0xff, 0x50, 0x50, 0x48, 0xff,
    0x48, 0x4c, 0x40, 0xff, 0x48, 0x48, 0x48, 0xff, 0x50, 0x54, 0x50, 0xff,
    0x58, 0x50, 0x48, 0xff, 0x58, 0x54, 0x50, 0xff, 0x58, 0x58, 0x38, 0xe9,
    0x58, 0x58, 0x50, 0xff, 0x58, 0x5c, 0x58, 0xff, 0x50, 0x50, 0x50, 0xff,
    0x60, 0x58, 0x50, 0xff, 0x60, 0x5c, 0x58, 0xff, 0x60, 0x60, 0x58, 0xff,
    0x68, 0x64, 0x60, 0xff, 0x68, 0x68, 0x60, 0xff, 0x70, 0x6c, 0x68, 0xff,
    0x70, 0x70, 0x70, 0xff, 0x68, 0x68, 0x68, 0xff, 0x60, 0x54, 0x40, 0xff,
    0x68, 0x60, 0x48, 0xff, 0x78, 0x78, 0x78, 0xff, 0x80, 0x7c, 0x78, 0xff,
    0x88, 0x84, 0x80, 0xff, 0x78, 0x70, 0x70, 0xff, 0x70, 0x78, 0x60, 0x33,
    0xb8, 0xac, 0x68, 0xff, 0xa8, 0x98, 0x68, 0xff, 0x50, 0x4c, 0x28, 0xff,
    0x60, 0x60, 0x60, 0xff, 0x90, 0x90, 0x88, 0xff, 0x78, 0x74, 0x70, 0xff,
    0x78, 0x7c, 0x40, 0xcf, 0xe0, 0xe0, 0x98, 0xff, 0x98, 0x94, 0x48, 0xff,
    0x40, 0x38, 0x30, 0xff, 0x58, 0x58, 0x58, 0xff, 0xd0, 0xd4, 0x68, 0xff,
    0x88, 0x80, 0x58, 0xff, 0x70, 0x70, 0x68, 0xff, 0x80, 0x84, 0x40, 0x8d,
    0x80, 0x78, 0x30, 0xff, 0x78, 0x78, 0x70, 0xff, 0x78, 0x70, 0x68, 0xff,
    0xe0, 0xe4, 0xb8, 0xff, 0x90, 0x90, 0x60, 0xff, 0x88, 0x80, 0x78, 0xff,
    0x38, 0x34, 0x30, 0xff, 0x70, 0x74, 0x70, 0xff, 0x68, 0x60, 0x28, 0xff,
    0x80, 0x78, 0x48, 0xff, 0x40, 0x44, 0x38, 0xff, 0x68, 0x6c, 0x68, 0xff,
    0xb0, 0xa8, 0xa0, 0xff, 0x80, 0x78, 0x78, 0xff, 0x38, 0x38, 0x30, 0xff,
    0x38, 0x3c, 0x30, 0xff, 0x90, 0x94, 0x98, 0xff, 0xc0, 0xc0, 0xb8, 0xff,
    0xc8, 0xc4, 0xc0, 0xff, 0xc0, 0xc4, 0xc0, 0xff, 0xa8, 0xac, 0xb0, 0xff,
    0xa0, 0xa0, 0x98, 0xff, 0xb0, 0xb4, 0xb0, 0xff, 0x30, 0x34, 0x30, 0xff,
    0x40, 0x3c, 0x30, 0xff, 0x30, 0x30, 0x28, 0xff, 0x70, 0x68, 0x58, 0xff,
    0x30, 0x2c, 0x28, 0xff, 0x90, 0x90, 0x50, 0xe2, 0x38, 0x34, 0x28, 0xff,
    0x28, 0x2c, 0x20, 0xff, 0x28, 0x28, 0x20, 0xff, 0x28, 0x2c, 0x28, 0xff,
    0x28, 0x24, 0x20, 0xff, 0x20, 0x24, 0x18, 0xff, 0x20, 0x20, 0x18, 0xff,
    0x20, 0x1c, 0x18, 0xff, 0x18, 0x18, 0x10, 0xff, 0x18, 0x14, 0x10, 0xff,
    0x10, 0x10, 0x08, 0xff, 0x10, 0x0c, 0x08, 0xff, 0x10, 0x08, 0x00, 0xff,
    0x00, 0x08, 0x08, 0xff, 0xb8, 0xbc, 0xb8, 0xff, 0x30, 0x28, 0x28, 0xff,
    0xc8, 0xc8, 0xc8, 0xff, 0x38, 0x30, 0x28, 0xff, 0xc0, 0xc0, 0xc0, 0xff,
    0x88, 0x80, 0x68, 0xff, 0x48, 0x4c, 0x48, 0xff, 0x58, 0x6c, 0x98, 0x53,
    0x68, 0x78, 0xa0, 0xdf, 0x58, 0x74, 0xa8, 0xff, 0x30, 0x44, 0x70, 0xff,
    0x38, 0x54, 0x80, 0xff, 0x48, 0x64, 0x90, 0xff, 0x50, 0x68, 0xa0, 0xff,
    0x60, 0x7c, 0xa8, 0xff, 0x68, 0x80, 0xb0, 0xff, 0x60, 0x74, 0x98, 0xac,
    0x60, 0x70, 0x98, 0x7c, 0x70, 0x8c, 0xb8, 0xff, 0x68, 0x88, 0xb8, 0xff,
    0x40, 0x54, 0x88, 0xff, 0x78, 0x94, 0xc0, 0xff, 0x80, 0x9c, 0xc0, 0xff,
    0x70, 0x90, 0xb8, 0xff, 0x68, 0x80, 0xa8, 0xff, 0x70, 0x90, 0xc0, 0xff,
    0x78, 0x98, 0xc0, 0xff, 0x10, 0x10, 0x10, 0x5a, 0x10, 0x14, 0x10, 0x7d,
    0x80, 0x9c, 0xc8, 0xff, 0x10, 0x14, 0x10, 0xa1, 0x10, 0x10, 0x08, 0xc7,
    0x10, 0x10, 0x08, 0xe8, 0x18, 0x18, 0x18, 0xff, 0x18, 0x20, 0x28, 0xff,
    0x28, 0x28, 0x28, 0xff, 0x30, 0x38, 0x40, 0xff, 0x38, 0x40, 0x48, 0xff,
    0x50, 0x54, 0x58, 0xff, 0x48, 0x60, 0x90, 0xff, 0x90, 0xa4, 0xd0, 0xff,
    0x10, 0x14, 0x10, 0xff, 0x30, 0x44, 0x60, 0xff, 0x50, 0x64, 0x80, 0xff,
    0x50, 0x6c, 0x90, 0xff, 0x58, 0x78, 0xa0, 0xff, 0x60, 0x80, 0xb0, 0xff,
    0x70, 0x8c, 0xb0, 0xff, 0x68, 0x88, 0xb0, 0xff, 0x08, 0x0c, 0x08, 0xff,
    0x08, 0x0c, 0x10, 0xff, 0x58, 0x70, 0xa0, 0xff, 0x68, 0x80, 0xa0, 0xff,
    0x20, 0x24, 0x28, 0xff, 0x38, 0x4c, 0x70, 0xff, 0x70, 0x94, 0xc0, 0xff,
    0x30, 0x28, 0x20, 0xff, 0x08, 0x18, 0x28, 0xff, 0x10, 0x1c, 0x30, 0xff,
    0x40, 0x5c, 0x80, 0xff, 0xc8, 0xd0, 0xc8, 0xff, 0xd8, 0xdc, 0xd0, 0xff,
    0xe0, 0xe4, 0xd0, 0xff, 0x00, 0x04, 0x00, 0xff, 0x20, 0x2c, 0x58, 0xff,
    0x78, 0x9c, 0xc8, 0xff, 0xd0, 0xd8, 0xd0, 0xff, 0xd0, 0xd4, 0xd0, 0xff,
    0xc8, 0xd0, 0xd0, 0xff, 0x08, 0x0c, 0x18, 0xff, 0x80, 0xa0, 0xc8, 0xff,
    0xd0, 0xd0, 0xd0, 0xff, 0xc8, 0xcc, 0xc8, 0xff, 0xc0, 0xc8, 0xc8, 0xff,
    0x00, 0x00, 0x00, 0xff, 0x28, 0x38, 0x60, 0xff, 0xc0, 0xc4, 0xa0, 0xde,
    0xd0, 0xd4, 0xd8, 0xff, 0x20, 0x2c, 0x48, 0xff, 0x88, 0xa4, 0xc8, 0xff,
    0xc8, 0xd4, 0xd0, 0xff, 0xc0, 0xc4, 0xc8, 0xff, 0xc8, 0xcc, 0xd0, 0xff,
    0x98, 0xb0, 0xc8, 0xff, 0xc0, 0xcc, 0xc8, 0xff, 0x28, 0x40, 0x68, 0xff,
    0x80, 0x98, 0xb8, 0xff, 0x20, 0x28, 0x28, 0xe4, 0x38, 0x50, 0x78, 0xff,
    0x40, 0x3c, 0x20, 0xff, 0x10, 0x20, 0x40, 0xff, 0x20, 0x2c, 0x38, 0xff,
    0x78, 0x74, 0x78, 0xff, 0xc0, 0xc8, 0xc0, 0xff, 0x20, 0x20, 0x20, 0xff,
    0x28, 0x1c, 0x10, 0xff, 0x30, 0x28, 0x10, 0xff, 0x40, 0x38, 0x20, 0xff,
    0x38, 0x34, 0x20, 0xff, 0x30, 0x30, 0x20, 0xff, 0x50, 0x4c, 0x18, 0xff,
    0x98, 0x98, 0x58, 0xa5, 0x88, 0x88, 0x48, 0x69, 0x88, 0x88, 0x40, 0x4c
};
